2025-02-15 17:51:17 - WARNING - munch is not present in the environment. See https://trading-ig.readthedocs.io/en/latest/faq.html#optional-dependencies
2025-02-15 17:51:18 - INFO - Creating new v2 session for user 'emmanuelDemo' at 'https://demo-api.ig.com/gateway/deal'
2025-02-15 17:51:18 - INFO - POST '/session', resp 200
2025-02-15 17:51:18 - INFO - Request to files/get_metadata
2025-02-15 17:51:19 - INFO - Request to files/get_metadata
2025-02-15 17:51:19 - INFO - Request to files/download
2025-02-15 17:51:22 - INFO - Request to files/download
2025-02-15 17:51:24 - INFO - Request to files/get_metadata
2025-02-15 17:51:25 - INFO - Request to files/download
2025-02-15 17:51:25 - INFO - Request to files/get_metadata
2025-02-15 17:51:26 - INFO - Request to files/download
2025-02-15 17:51:26 - INFO - Request to files/get_metadata
2025-02-15 17:51:27 - INFO - Request to files/get_metadata
2025-02-15 17:51:27 - INFO - Request to files/get_metadata
2025-02-15 17:51:27 - INFO - Request to files/get_metadata
2025-02-15 17:51:27 - INFO - Request to files/get_metadata
2025-02-15 17:51:28 - INFO - Request to files/get_metadata
2025-02-15 17:51:29 - INFO - Request to files/get_metadata
2025-02-15 17:51:29 - INFO - Request to files/get_metadata
2025-02-15 17:51:29 - INFO - Request to files/get_metadata
2025-02-15 17:51:30 - INFO - Request to files/get_metadata
2025-02-15 17:51:30 - INFO - Request to files/get_metadata
2025-02-15 17:51:30 - INFO - Request to files/get_metadata
2025-02-15 17:51:30 - INFO - Request to files/get_metadata
2025-02-15 17:51:31 - INFO - Request to files/get_metadata
2025-02-15 17:51:31 - INFO - Request to files/get_metadata
2025-02-15 17:51:31 - INFO - Request to files/get_metadata
2025-02-15 17:51:32 - INFO - Request to files/get_metadata
2025-02-15 17:51:32 - INFO - Request to files/get_metadata
2025-02-15 17:51:32 - INFO - Request to files/get_metadata
2025-02-15 17:51:33 - INFO - Request to files/get_metadata
2025-02-15 17:51:33 - INFO - Request to files/get_metadata
2025-02-15 17:51:33 - INFO - Request to files/get_metadata
2025-02-15 17:51:33 - INFO - Request to files/get_metadata
2025-02-15 17:51:34 - INFO - Request to files/get_metadata
2025-02-15 17:51:34 - INFO - Request to files/get_metadata
2025-02-15 17:51:34 - INFO - Request to files/get_metadata
2025-02-15 17:51:35 - INFO - Request to files/get_metadata
2025-02-15 17:51:35 - INFO - Request to files/get_metadata
2025-02-15 17:51:35 - INFO - Request to files/get_metadata
2025-02-15 17:51:35 - INFO - Request to files/get_metadata
2025-02-15 17:51:36 - INFO - Request to files/get_metadata
2025-02-15 17:51:36 - INFO - Request to files/get_metadata
2025-02-15 17:51:36 - INFO - Request to files/get_metadata
2025-02-15 17:51:37 - INFO - Request to files/get_metadata
2025-02-15 17:51:37 - INFO - Request to files/get_metadata
2025-02-15 17:51:38 - INFO - Request to files/get_metadata
2025-02-15 17:51:38 - INFO - Request to files/get_metadata
2025-02-15 17:51:39 - INFO - Request to files/get_metadata
2025-02-15 17:51:39 - INFO - Request to files/get_metadata
2025-02-15 17:51:39 - INFO - Request to files/get_metadata
2025-02-15 17:51:40 - INFO - Request to files/get_metadata
2025-02-15 17:51:40 - INFO - Request to files/get_metadata
2025-02-15 17:51:41 - INFO - Request to files/get_metadata
2025-02-15 17:51:41 - INFO - Request to files/get_metadata
2025-02-15 17:51:41 - INFO - Request to files/get_metadata
2025-02-15 17:51:42 - INFO - Request to files/get_metadata
2025-02-15 17:51:42 - INFO - Request to files/get_metadata
2025-02-15 17:51:42 - INFO - Request to files/get_metadata
2025-02-15 17:51:42 - INFO - Request to files/get_metadata
2025-02-15 17:51:43 - INFO - Request to files/get_metadata
2025-02-15 17:51:43 - INFO - Request to files/get_metadata
2025-02-15 17:51:43 - INFO - Request to files/get_metadata
2025-02-15 17:51:44 - INFO - Request to files/get_metadata
2025-02-15 17:51:44 - INFO - Request to files/get_metadata
2025-02-15 17:51:44 - INFO - Request to files/get_metadata
2025-02-15 17:51:45 - INFO - Request to files/get_metadata
2025-02-15 17:51:45 - INFO - Request to files/get_metadata
2025-02-15 17:51:45 - INFO - Request to files/get_metadata
2025-02-15 17:51:45 - INFO - Request to files/get_metadata
2025-02-15 17:51:46 - INFO - Request to files/get_metadata
2025-02-15 17:51:46 - INFO - Request to files/get_metadata
2025-02-15 17:51:46 - INFO - Request to files/get_metadata
2025-02-15 17:51:47 - INFO - Request to files/get_metadata
2025-02-15 17:51:47 - INFO - Request to files/get_metadata
2025-02-15 17:51:47 - INFO - Request to files/get_metadata
2025-02-15 17:51:48 - INFO - Request to files/get_metadata
2025-02-15 17:51:48 - INFO - Request to files/get_metadata
2025-02-15 17:51:49 - INFO - Request to files/get_metadata
2025-02-15 17:51:49 - INFO - Request to files/get_metadata
2025-02-15 17:51:50 - INFO - Request to files/get_metadata
2025-02-15 17:51:50 - INFO - Request to files/get_metadata
2025-02-15 17:51:50 - INFO - Request to files/get_metadata
2025-02-15 17:51:51 - INFO - Request to files/get_metadata
2025-02-15 17:51:51 - INFO - Request to files/get_metadata
2025-02-15 17:51:51 - INFO - Request to files/get_metadata
2025-02-15 17:51:52 - INFO - Request to files/get_metadata
2025-02-15 17:51:52 - INFO - Request to files/get_metadata
2025-02-15 17:51:52 - INFO - Request to files/get_metadata
2025-02-15 17:51:53 - INFO - Request to files/get_metadata
2025-02-15 17:51:53 - INFO - Request to files/get_metadata
2025-02-15 17:51:53 - INFO - Request to files/download
2025-02-15 17:51:54 - INFO - Request to files/download
2025-02-15 17:51:54 - INFO - Request to files/download
2025-02-15 17:51:55 - INFO - Request to files/download
2025-02-15 17:51:56 - INFO - Request to files/download
2025-02-15 17:51:56 - INFO - Request to files/download
2025-02-15 17:51:57 - INFO - Request to files/download
2025-02-15 17:51:57 - INFO - Request to files/download
2025-02-15 17:51:58 - INFO - Request to files/download
2025-02-15 17:51:58 - INFO - Request to files/download
2025-02-15 17:51:58 - INFO - Request to files/download
2025-02-15 17:51:59 - INFO - Request to files/download
2025-02-15 17:52:00 - INFO - Request to files/download
2025-02-15 17:52:01 - INFO - Request to files/download
2025-02-15 17:52:01 - INFO - Request to files/download
2025-02-15 17:52:01 - INFO - Request to files/download
2025-02-15 17:52:02 - INFO - Request to files/download
2025-02-15 17:52:03 - INFO - Request to files/download
2025-02-15 17:52:03 - INFO - Request to files/download
2025-02-15 17:52:04 - INFO - Request to files/download
2025-02-15 17:52:04 - INFO - Request to files/download
2025-02-15 17:52:05 - INFO - Request to files/download
2025-02-15 17:52:05 - INFO - Request to files/download
2025-02-15 17:52:06 - INFO - Request to files/download
2025-02-15 17:52:06 - INFO - Request to files/download
2025-02-15 17:52:07 - INFO - Request to files/download
2025-02-15 17:52:07 - INFO - Request to files/download
2025-02-15 17:52:08 - INFO - Request to files/download
2025-02-15 17:52:08 - INFO - Request to files/download
2025-02-15 17:52:09 - INFO - Request to files/download
2025-02-15 17:52:09 - INFO - Request to files/download
2025-02-15 17:52:10 - INFO - Request to files/download
2025-02-15 17:52:11 - INFO - Request to files/download
2025-02-15 17:52:11 - INFO - Request to files/download
2025-02-15 17:52:12 - INFO - Request to files/download
2025-02-15 17:52:12 - INFO - Request to files/download
2025-02-15 17:52:13 - INFO - Request to files/download
2025-02-15 17:52:14 - INFO - Request to files/download
2025-02-15 17:52:14 - INFO - Request to files/download
2025-02-15 17:52:15 - INFO - Request to files/download
2025-02-15 17:52:16 - INFO - Request to files/download
2025-02-15 17:52:16 - INFO - Request to files/download
2025-02-15 17:52:17 - INFO - Request to files/download
2025-02-15 17:52:17 - INFO - Request to files/download
2025-02-15 17:52:18 - INFO - Request to files/download
2025-02-15 17:52:18 - INFO - Request to files/download
2025-02-15 17:52:19 - INFO - Request to files/download
2025-02-15 17:52:20 - INFO - Request to files/download
2025-02-15 17:52:20 - INFO - Request to files/download
2025-02-15 17:52:21 - INFO - Request to files/download
2025-02-15 17:52:21 - INFO - Request to files/download
2025-02-15 17:52:22 - INFO - Request to files/download
2025-02-15 17:52:22 - INFO - Request to files/download
2025-02-15 17:52:23 - INFO - Request to files/download
2025-02-15 17:52:23 - INFO - Request to files/download
2025-02-15 17:52:24 - INFO - Request to files/download
2025-02-15 17:52:24 - INFO - Request to files/download
2025-02-15 17:52:25 - INFO - Request to files/download
2025-02-15 17:52:25 - INFO - Request to files/download
2025-02-15 17:52:26 - INFO - Request to files/download
2025-02-15 17:52:26 - INFO - Request to files/download
2025-02-15 17:52:27 - INFO - Request to files/download
2025-02-15 17:52:27 - INFO - Request to files/download
2025-02-15 17:52:28 - INFO - Request to files/download
2025-02-15 17:52:29 - INFO - Request to files/download
2025-02-15 17:52:29 - INFO - Request to files/download
2025-02-15 17:52:30 - INFO - Request to files/download
2025-02-15 17:52:30 - INFO - Request to files/download
2025-02-15 17:52:31 - INFO - Request to files/download
2025-02-15 17:52:31 - INFO - Request to files/download
2025-02-15 17:52:32 - INFO - Request to files/download
2025-02-15 17:52:32 - INFO - Request to files/download
2025-02-15 17:52:33 - INFO - Request to files/download
2025-02-15 17:52:34 - INFO - Request to files/download
2025-02-15 17:52:34 - INFO - Request to files/download
2025-02-15 17:52:35 - INFO - Request to files/download
2025-02-15 17:52:35 - INFO - Request to files/download
2025-02-15 17:52:36 - INFO - Request to files/download
2025-02-15 17:52:37 - INFO - Request to files/download
2025-02-15 17:52:37 - INFO - Request to files/download
2025-02-15 18:01:31 - INFO - Best Threshold: 0.50, Precision: 1.0000, Reward: 5 Test Prec 1.0 Test reward 3 Mean 3.0 Features: ('macd', 'adx_4h', 'rsi_convergence5_40', 'adx_max_4h') RandomForestClassifier
2025-02-15 18:15:19 - INFO - Best Threshold: 0.50, Precision: 1.0000, Reward: 4 Test Prec 0.0 Test reward 0 Mean 1.5 Features: ('macd', 'squeeze_momentum', 'bb_middle_crossing_4h', 'rsi_convergence5_40') RandomForestClassifier
2025-02-15 18:20:14 - INFO - Best Threshold: 0.50, Precision: 1.0000, Reward: 1 Test Prec 0.0 Test reward 0 Mean 1.0 Features: ('macd_max', 'rsi', 'ema_20_channel', 'candle_4h') RandomForestClassifier
2025-02-15 18:52:20 - INFO - Best Threshold: 0.50, Precision: 1.0000, Reward: 1 Test Prec 0.0 Test reward 0 Mean 0.75 Features: ('macd_max', 'ema_20_channel', 'adx_max_21', 'williams_limit_4h') RandomForestClassifier
2025-02-15 18:54:21 - INFO - Best Threshold: 0.50, Precision: 1.0000, Reward: 4 Test Prec 0.0 Test reward -1 Mean 0.4 Features: ('cci_4h', 'bb_sqeeze_both_direction_4h', 'rsi_convergence', 'bb_middle_crossing_4h') RandomForestClassifier
2025-02-15 20:01:24 - INFO - Best Threshold: 0.50, Precision: 1.0000, Reward: 2 Test Prec 1.0 Test reward 1 Mean 0.5 Features: ('rsi_convergence', 'squeeze_momentum', 'ema_20_channel', 'adx') RandomForestClassifier
2025-02-15 20:48:06 - INFO - Best Threshold: 0.50, Precision: 1.0000, Reward: 2 Test Prec 1.0 Test reward 2 Mean 0.7142857142857143 Features: ('rsi_convergence', 'ema_10_50', 'ema_20_channel', 'macd_slope_4h') RandomForestClassifier
2025-02-15 20:59:41 - INFO - Best Threshold: 0.50, Precision: 1.0000, Reward: 4 Test Prec 0.5 Test reward 0 Mean 0.625 Features: ('rsi_convergence', 'ema_10_50', 'ema_20_channel', 'adx_max_4h') RandomForestClassifier
2025-02-15 21:38:01 - WARNING - munch is not present in the environment. See https://trading-ig.readthedocs.io/en/latest/faq.html#optional-dependencies
2025-02-15 21:38:02 - INFO - Creating new v2 session for user 'emmanuelDemo' at 'https://demo-api.ig.com/gateway/deal'
2025-02-15 21:38:03 - INFO - POST '/session', resp 200
2025-02-15 21:38:03 - INFO - Request to files/get_metadata
2025-02-15 21:38:03 - INFO - Request to files/get_metadata
2025-02-15 21:38:03 - INFO - Request to files/download
2025-02-15 21:38:06 - INFO - Request to files/download
2025-02-15 21:38:08 - INFO - Request to files/get_metadata
2025-02-15 21:38:08 - INFO - Request to files/download
2025-02-15 21:38:09 - INFO - Request to files/get_metadata
2025-02-15 21:38:09 - INFO - Request to files/download
2025-02-15 21:38:10 - INFO - Request to files/get_metadata
2025-02-15 21:38:11 - INFO - Request to files/get_metadata
2025-02-15 21:38:11 - INFO - Request to files/get_metadata
2025-02-15 21:38:12 - INFO - Request to files/get_metadata
2025-02-15 21:38:12 - INFO - Request to files/get_metadata
2025-02-15 21:38:12 - INFO - Request to files/get_metadata
2025-02-15 21:38:12 - INFO - Request to files/get_metadata
2025-02-15 21:38:13 - INFO - Request to files/get_metadata
2025-02-15 21:38:13 - INFO - Request to files/get_metadata
2025-02-15 21:38:13 - INFO - Request to files/get_metadata
2025-02-15 21:38:14 - INFO - Request to files/get_metadata
2025-02-15 21:38:15 - INFO - Request to files/get_metadata
2025-02-15 21:38:15 - INFO - Request to files/get_metadata
2025-02-15 21:38:15 - INFO - Request to files/get_metadata
2025-02-15 21:38:16 - INFO - Request to files/get_metadata
2025-02-15 21:38:16 - INFO - Request to files/get_metadata
2025-02-15 21:38:16 - INFO - Request to files/get_metadata
2025-02-15 21:38:16 - INFO - Request to files/get_metadata
2025-02-15 21:38:17 - INFO - Request to files/get_metadata
2025-02-15 21:38:17 - INFO - Request to files/get_metadata
2025-02-15 21:38:17 - INFO - Request to files/get_metadata
2025-02-15 21:38:18 - INFO - Request to files/get_metadata
2025-02-15 21:38:18 - INFO - Request to files/get_metadata
2025-02-15 21:38:18 - INFO - Request to files/get_metadata
2025-02-15 21:38:19 - INFO - Request to files/get_metadata
2025-02-15 21:38:19 - INFO - Request to files/get_metadata
2025-02-15 21:38:19 - INFO - Request to files/get_metadata
2025-02-15 21:38:20 - INFO - Request to files/get_metadata
2025-02-15 21:38:20 - INFO - Request to files/get_metadata
2025-02-15 21:38:20 - INFO - Request to files/get_metadata
2025-02-15 21:38:21 - INFO - Request to files/get_metadata
2025-02-15 21:38:21 - INFO - Request to files/get_metadata
2025-02-15 21:38:22 - INFO - Request to files/get_metadata
2025-02-15 21:38:22 - INFO - Request to files/get_metadata
2025-02-15 21:38:23 - INFO - Request to files/get_metadata
2025-02-15 21:38:23 - INFO - Request to files/get_metadata
2025-02-15 21:38:23 - INFO - Request to files/get_metadata
2025-02-15 21:38:24 - INFO - Request to files/get_metadata
2025-02-15 21:38:24 - INFO - Request to files/get_metadata
2025-02-15 21:38:24 - INFO - Request to files/get_metadata
2025-02-15 21:38:25 - INFO - Request to files/get_metadata
2025-02-15 21:38:25 - INFO - Request to files/get_metadata
2025-02-15 21:38:25 - INFO - Request to files/get_metadata
2025-02-15 21:38:25 - INFO - Request to files/get_metadata
2025-02-15 21:38:26 - INFO - Request to files/get_metadata
2025-02-15 21:38:26 - INFO - Request to files/get_metadata
2025-02-15 21:38:26 - INFO - Request to files/get_metadata
2025-02-15 21:38:27 - INFO - Request to files/get_metadata
2025-02-15 21:38:28 - INFO - Request to files/get_metadata
2025-02-15 21:38:28 - INFO - Request to files/get_metadata
2025-02-15 21:38:28 - INFO - Request to files/get_metadata
2025-02-15 21:38:29 - INFO - Request to files/get_metadata
2025-02-15 21:38:29 - INFO - Request to files/get_metadata
2025-02-15 21:38:29 - INFO - Request to files/get_metadata
2025-02-15 21:38:30 - INFO - Request to files/get_metadata
2025-02-15 21:38:30 - INFO - Request to files/get_metadata
2025-02-15 21:38:31 - INFO - Request to files/get_metadata
2025-02-15 21:38:31 - INFO - Request to files/get_metadata
2025-02-15 21:38:32 - INFO - Request to files/get_metadata
2025-02-15 21:38:32 - INFO - Request to files/get_metadata
2025-02-15 21:38:32 - INFO - Request to files/get_metadata
2025-02-15 21:38:33 - INFO - Request to files/get_metadata
2025-02-15 21:38:33 - INFO - Request to files/get_metadata
2025-02-15 21:38:34 - INFO - Request to files/get_metadata
2025-02-15 21:38:34 - INFO - Request to files/get_metadata
2025-02-15 21:38:35 - INFO - Request to files/get_metadata
2025-02-15 21:38:35 - INFO - Request to files/get_metadata
2025-02-15 21:38:36 - INFO - Request to files/get_metadata
2025-02-15 21:38:36 - INFO - Request to files/get_metadata
2025-02-15 21:38:37 - INFO - Request to files/get_metadata
2025-02-15 21:38:37 - INFO - Request to files/get_metadata
2025-02-15 21:38:37 - INFO - Request to files/get_metadata
2025-02-15 21:38:38 - INFO - Request to files/get_metadata
2025-02-15 21:38:38 - INFO - Request to files/get_metadata
2025-02-15 21:38:38 - INFO - Request to files/get_metadata
2025-02-15 21:38:39 - INFO - Request to files/get_metadata
2025-02-15 21:38:39 - INFO - Request to files/get_metadata
2025-02-15 21:38:39 - INFO - Request to files/get_metadata
2025-02-15 21:38:40 - INFO - Request to files/get_metadata
2025-02-15 21:38:40 - INFO - Request to files/get_metadata
2025-02-15 21:38:40 - INFO - Request to files/download
2025-02-15 21:38:41 - INFO - Request to files/download
2025-02-15 21:38:42 - INFO - Request to files/download
2025-02-15 21:38:42 - INFO - Request to files/download
2025-02-15 21:38:43 - INFO - Request to files/download
2025-02-15 21:38:44 - INFO - Request to files/download
2025-02-15 21:38:44 - INFO - Request to files/download
2025-02-15 21:38:45 - INFO - Request to files/download
2025-02-15 21:38:45 - INFO - Request to files/download
2025-02-15 21:38:45 - INFO - Request to files/download
2025-02-15 21:38:46 - INFO - Request to files/download
2025-02-15 21:38:47 - INFO - Request to files/download
2025-02-15 21:38:47 - INFO - Request to files/download
2025-02-15 21:38:48 - INFO - Request to files/download
2025-02-15 21:38:49 - INFO - Request to files/download
2025-02-15 21:38:49 - INFO - Request to files/download
2025-02-15 21:38:50 - INFO - Request to files/download
2025-02-15 21:38:50 - INFO - Request to files/download
2025-02-15 21:38:51 - INFO - Request to files/download
2025-02-15 21:38:51 - INFO - Request to files/download
2025-02-15 21:38:52 - INFO - Request to files/download
2025-02-15 21:38:52 - INFO - Request to files/download
2025-02-15 21:38:53 - INFO - Request to files/download
2025-02-15 21:38:53 - INFO - Request to files/download
2025-02-15 21:38:54 - INFO - Request to files/download
2025-02-15 21:38:54 - INFO - Request to files/download
2025-02-15 21:38:55 - INFO - Request to files/download
2025-02-15 21:38:55 - INFO - Request to files/download
2025-02-15 21:38:56 - INFO - Request to files/download
2025-02-15 21:38:56 - INFO - Request to files/download
2025-02-15 21:38:57 - INFO - Request to files/download
2025-02-15 21:38:57 - INFO - Request to files/download
2025-02-15 21:38:58 - INFO - Request to files/download
2025-02-15 21:38:59 - INFO - Request to files/download
2025-02-15 21:38:59 - INFO - Request to files/download
2025-02-15 21:39:00 - INFO - Request to files/download
2025-02-15 21:39:00 - INFO - Request to files/download
2025-02-15 21:39:01 - INFO - Request to files/download
2025-02-15 21:39:01 - INFO - Request to files/download
2025-02-15 21:39:02 - INFO - Request to files/download
2025-02-15 21:39:03 - INFO - Request to files/download
2025-02-15 21:39:03 - INFO - Request to files/download
2025-02-15 21:39:04 - INFO - Request to files/download
2025-02-15 21:39:04 - INFO - Request to files/download
2025-02-15 21:39:05 - INFO - Request to files/download
2025-02-15 21:39:05 - INFO - Request to files/download
2025-02-15 21:39:06 - INFO - Request to files/download
2025-02-15 21:39:07 - INFO - Request to files/download
2025-02-15 21:39:07 - INFO - Request to files/download
2025-02-15 21:39:08 - INFO - Request to files/download
2025-02-15 21:39:08 - INFO - Request to files/download
2025-02-15 21:39:09 - INFO - Request to files/download
2025-02-15 21:39:10 - INFO - Request to files/download
2025-02-15 21:39:10 - INFO - Request to files/download
2025-02-15 21:39:11 - INFO - Request to files/download
2025-02-15 21:39:11 - INFO - Request to files/download
2025-02-15 21:39:12 - INFO - Request to files/download
2025-02-15 21:39:12 - INFO - Request to files/download
2025-02-15 21:39:13 - INFO - Request to files/download
2025-02-15 21:39:13 - INFO - Request to files/download
2025-02-15 21:39:14 - INFO - Request to files/download
2025-02-15 21:39:14 - INFO - Request to files/download
2025-02-15 21:39:15 - INFO - Request to files/download
2025-02-15 21:39:16 - INFO - Request to files/download
2025-02-15 21:39:16 - INFO - Request to files/download
2025-02-15 21:39:17 - INFO - Request to files/download
2025-02-15 21:39:17 - INFO - Request to files/download
2025-02-15 21:39:18 - INFO - Request to files/download
2025-02-15 21:39:19 - INFO - Request to files/download
2025-02-15 21:39:19 - INFO - Request to files/download
2025-02-15 21:39:20 - INFO - Request to files/download
2025-02-15 21:39:20 - INFO - Request to files/download
2025-02-15 21:39:21 - INFO - Request to files/download
2025-02-15 21:39:22 - INFO - Request to files/download
2025-02-15 21:39:22 - INFO - Request to files/download
2025-02-15 21:39:23 - INFO - Request to files/download
2025-02-15 21:39:23 - INFO - Request to files/download
2025-02-15 21:39:24 - INFO - Request to files/download
2025-02-15 21:39:24 - INFO - Request to files/download
2025-02-15 21:39:25 - INFO - Request to files/download
2025-02-15 21:52:43 - WARNING - munch is not present in the environment. See https://trading-ig.readthedocs.io/en/latest/faq.html#optional-dependencies
2025-02-15 21:52:44 - INFO - Creating new v2 session for user 'emmanuelDemo' at 'https://demo-api.ig.com/gateway/deal'
2025-02-15 21:52:45 - INFO - POST '/session', resp 200
2025-02-15 21:53:18 - INFO - Request to files/get_metadata
2025-02-15 21:53:19 - INFO - Request to files/get_metadata
2025-02-15 21:53:19 - INFO - Request to files/download
2025-02-15 21:53:22 - INFO - Request to files/download
2025-02-15 21:55:29 - INFO - Best Threshold: 0.50, Precision: 1.0000, Reward: 2 Test Prec 0.0 Test reward -1 Mean -1.0 Features: ('macd_convergence', 'ema_20_channel', 'bb_middle_crossing_4h', 'bb_sqeeze_both_direction') RandomForestClassifier
2025-02-15 22:10:54 - WARNING - munch is not present in the environment. See https://trading-ig.readthedocs.io/en/latest/faq.html#optional-dependencies
2025-02-15 22:10:56 - INFO - Creating new v2 session for user 'emmanuelDemo' at 'https://demo-api.ig.com/gateway/deal'
2025-02-15 22:10:57 - INFO - POST '/session', resp 200
2025-02-15 22:10:57 - INFO - Request to files/get_metadata
2025-02-15 22:10:58 - INFO - Request to files/get_metadata
2025-02-15 22:10:59 - INFO - Request to files/download
2025-02-15 22:11:02 - INFO - Request to files/download
2025-02-15 22:11:09 - INFO - Request to files/get_metadata
2025-02-15 22:11:09 - INFO - Request to files/download
2025-02-15 22:11:10 - INFO - Request to files/get_metadata
2025-02-15 22:11:11 - INFO - Request to files/download
2025-02-15 22:11:11 - INFO - Request to files/get_metadata
2025-02-15 22:11:12 - INFO - Request to files/get_metadata
2025-02-15 22:11:12 - INFO - Request to files/get_metadata
2025-02-15 22:11:12 - INFO - Request to files/get_metadata
2025-02-15 22:11:12 - INFO - Request to files/get_metadata
2025-02-15 22:11:13 - INFO - Request to files/get_metadata
2025-02-15 22:11:13 - INFO - Request to files/get_metadata
2025-02-15 22:11:13 - INFO - Request to files/get_metadata
2025-02-15 22:11:15 - INFO - Request to files/get_metadata
2025-02-15 22:11:15 - INFO - Request to files/get_metadata
2025-02-15 22:11:15 - INFO - Request to files/get_metadata
2025-02-15 22:11:16 - INFO - Request to files/get_metadata
2025-02-15 22:11:16 - INFO - Request to files/get_metadata
2025-02-15 22:11:16 - INFO - Request to files/get_metadata
2025-02-15 22:11:17 - INFO - Request to files/get_metadata
2025-02-15 22:11:17 - INFO - Request to files/get_metadata
2025-02-15 22:11:17 - INFO - Request to files/get_metadata
2025-02-15 22:11:17 - INFO - Request to files/get_metadata
2025-02-15 22:11:18 - INFO - Request to files/get_metadata
2025-02-15 22:11:18 - INFO - Request to files/get_metadata
2025-02-15 22:11:18 - INFO - Request to files/get_metadata
2025-02-15 22:11:19 - INFO - Request to files/get_metadata
2025-02-15 22:11:19 - INFO - Request to files/get_metadata
2025-02-15 22:11:20 - INFO - Request to files/get_metadata
2025-02-15 22:11:20 - INFO - Request to files/get_metadata
2025-02-15 22:11:20 - INFO - Request to files/get_metadata
2025-02-15 22:11:21 - INFO - Request to files/get_metadata
2025-02-15 22:11:21 - INFO - Request to files/get_metadata
2025-02-15 22:11:21 - INFO - Request to files/get_metadata
2025-02-15 22:11:22 - INFO - Request to files/get_metadata
2025-02-15 22:11:22 - INFO - Request to files/get_metadata
2025-02-15 22:11:22 - INFO - Request to files/get_metadata
2025-02-15 22:11:22 - INFO - Request to files/get_metadata
2025-02-15 22:11:23 - INFO - Request to files/get_metadata
2025-02-15 22:11:23 - INFO - Request to files/get_metadata
2025-02-15 22:11:23 - INFO - Request to files/get_metadata
2025-02-15 22:11:24 - INFO - Request to files/get_metadata
2025-02-15 22:11:24 - INFO - Request to files/get_metadata
2025-02-15 22:11:24 - INFO - Request to files/get_metadata
2025-02-15 22:11:24 - INFO - Request to files/get_metadata
2025-02-15 22:11:25 - INFO - Request to files/get_metadata
2025-02-15 22:11:25 - INFO - Request to files/get_metadata
2025-02-15 22:11:25 - INFO - Request to files/get_metadata
2025-02-15 22:11:26 - INFO - Request to files/get_metadata
2025-02-15 22:11:26 - INFO - Request to files/get_metadata
2025-02-15 22:11:27 - INFO - Request to files/get_metadata
2025-02-15 22:11:27 - INFO - Request to files/get_metadata
2025-02-15 22:11:28 - INFO - Request to files/get_metadata
2025-02-15 22:11:28 - INFO - Request to files/get_metadata
2025-02-15 22:11:29 - INFO - Request to files/get_metadata
2025-02-15 22:11:29 - INFO - Request to files/get_metadata
2025-02-15 22:11:29 - INFO - Request to files/get_metadata
2025-02-15 22:11:30 - INFO - Request to files/get_metadata
2025-02-15 22:11:30 - INFO - Request to files/get_metadata
2025-02-15 22:11:30 - INFO - Request to files/get_metadata
2025-02-15 22:11:31 - INFO - Request to files/get_metadata
2025-02-15 22:11:31 - INFO - Request to files/get_metadata
2025-02-15 22:11:31 - INFO - Request to files/get_metadata
2025-02-15 22:11:32 - INFO - Request to files/get_metadata
2025-02-15 22:11:32 - INFO - Request to files/get_metadata
2025-02-15 22:11:32 - INFO - Request to files/get_metadata
2025-02-15 22:11:33 - INFO - Request to files/get_metadata
2025-02-15 22:11:33 - INFO - Request to files/get_metadata
2025-02-15 22:11:33 - INFO - Request to files/get_metadata
2025-02-15 22:11:34 - INFO - Request to files/get_metadata
2025-02-15 22:11:34 - INFO - Request to files/get_metadata
2025-02-15 22:11:34 - INFO - Request to files/get_metadata
2025-02-15 22:11:34 - INFO - Request to files/get_metadata
2025-02-15 22:11:35 - INFO - Request to files/get_metadata
2025-02-15 22:11:35 - INFO - Request to files/get_metadata
2025-02-15 22:11:35 - INFO - Request to files/get_metadata
2025-02-15 22:11:36 - INFO - Request to files/get_metadata
2025-02-15 22:11:36 - INFO - Request to files/get_metadata
2025-02-15 22:11:36 - INFO - Request to files/get_metadata
2025-02-15 22:11:37 - INFO - Request to files/get_metadata
2025-02-15 22:11:37 - INFO - Request to files/get_metadata
2025-02-15 22:11:37 - INFO - Request to files/get_metadata
2025-02-15 22:11:38 - INFO - Request to files/get_metadata
2025-02-15 22:11:38 - INFO - Request to files/get_metadata
2025-02-15 22:11:38 - INFO - Request to files/get_metadata
2025-02-15 22:11:39 - INFO - Request to files/download
2025-02-15 22:11:39 - INFO - Request to files/download
2025-02-15 22:11:40 - INFO - Request to files/download
2025-02-15 22:11:40 - INFO - Request to files/download
2025-02-15 22:11:41 - INFO - Request to files/download
2025-02-15 22:11:42 - INFO - Request to files/download
2025-02-15 22:11:42 - INFO - Request to files/download
2025-02-15 22:11:43 - INFO - Request to files/download
2025-02-15 22:11:43 - INFO - Request to files/download
2025-02-15 22:11:43 - INFO - Request to files/download
2025-02-15 22:11:44 - INFO - Request to files/download
2025-02-15 22:11:45 - INFO - Request to files/download
2025-02-15 22:11:45 - INFO - Request to files/download
2025-02-15 22:11:46 - INFO - Request to files/download
2025-02-15 22:11:46 - INFO - Request to files/download
2025-02-15 22:11:47 - INFO - Request to files/download
2025-02-15 22:11:47 - INFO - Request to files/download
2025-02-15 22:11:48 - INFO - Request to files/download
2025-02-15 22:11:49 - INFO - Request to files/download
2025-02-15 22:11:49 - INFO - Request to files/download
2025-02-15 22:11:50 - INFO - Request to files/download
2025-02-15 22:11:51 - INFO - Request to files/download
2025-02-15 22:11:51 - INFO - Request to files/download
2025-02-15 22:11:52 - INFO - Request to files/download
2025-02-15 22:11:52 - INFO - Request to files/download
2025-02-15 22:11:53 - INFO - Request to files/download
2025-02-15 22:11:53 - INFO - Request to files/download
2025-02-15 22:11:54 - INFO - Request to files/download
2025-02-15 22:11:55 - INFO - Request to files/download
2025-02-15 22:11:55 - INFO - Request to files/download
2025-02-15 22:11:56 - INFO - Request to files/download
2025-02-15 22:11:56 - INFO - Request to files/download
2025-02-15 22:11:57 - INFO - Request to files/download
2025-02-15 22:11:57 - INFO - Request to files/download
2025-02-15 22:11:58 - INFO - Request to files/download
2025-02-15 22:11:58 - INFO - Request to files/download
2025-02-15 22:11:59 - INFO - Request to files/download
2025-02-15 22:12:00 - INFO - Request to files/download
2025-02-15 22:12:00 - INFO - Request to files/download
2025-02-15 22:12:01 - INFO - Request to files/download
2025-02-15 22:12:01 - INFO - Request to files/download
2025-02-15 22:12:02 - INFO - Request to files/download
2025-02-15 22:12:02 - INFO - Request to files/download
2025-02-15 22:12:03 - INFO - Request to files/download
2025-02-15 22:12:03 - INFO - Request to files/download
2025-02-15 22:12:04 - INFO - Request to files/download
2025-02-15 22:12:04 - INFO - Request to files/download
2025-02-15 22:12:05 - INFO - Request to files/download
2025-02-15 22:12:06 - INFO - Request to files/download
2025-02-15 22:12:06 - INFO - Request to files/download
2025-02-15 22:12:07 - INFO - Request to files/download
2025-02-15 22:12:07 - INFO - Request to files/download
2025-02-15 22:12:08 - INFO - Request to files/download
2025-02-15 22:12:09 - INFO - Request to files/download
2025-02-15 22:12:09 - INFO - Request to files/download
2025-02-15 22:12:10 - INFO - Request to files/download
2025-02-15 22:12:10 - INFO - Request to files/download
2025-02-15 22:12:11 - INFO - Request to files/download
2025-02-15 22:12:11 - INFO - Request to files/download
2025-02-15 22:12:12 - INFO - Request to files/download
2025-02-15 22:12:12 - INFO - Request to files/download
2025-02-15 22:12:13 - INFO - Request to files/download
2025-02-15 22:12:13 - INFO - Request to files/download
2025-02-15 22:12:14 - INFO - Request to files/download
2025-02-15 22:12:14 - INFO - Request to files/download
2025-02-15 22:12:15 - INFO - Request to files/download
2025-02-15 22:12:16 - INFO - Request to files/download
2025-02-15 22:12:16 - INFO - Request to files/download
2025-02-15 22:12:16 - INFO - Request to files/download
2025-02-15 22:12:17 - INFO - Request to files/download
2025-02-15 22:12:18 - INFO - Request to files/download
2025-02-15 22:12:18 - INFO - Request to files/download
2025-02-15 22:12:19 - INFO - Request to files/download
2025-02-15 22:12:20 - INFO - Request to files/download
2025-02-15 22:12:20 - INFO - Request to files/download
2025-02-15 22:12:21 - INFO - Request to files/download
2025-02-15 22:12:21 - INFO - Request to files/download
2025-02-15 22:12:22 - INFO - Request to files/download
2025-02-15 22:12:22 - INFO - Request to files/download
2025-02-15 22:12:23 - INFO - Request to files/download
2025-02-15 22:23:51 - WARNING - munch is not present in the environment. See https://trading-ig.readthedocs.io/en/latest/faq.html#optional-dependencies
2025-02-15 22:23:53 - INFO - Creating new v2 session for user 'emmanuelDemo' at 'https://demo-api.ig.com/gateway/deal'
2025-02-15 22:23:54 - INFO - POST '/session', resp 200
2025-02-15 22:23:54 - INFO - Request to files/get_metadata
2025-02-15 22:23:54 - INFO - Request to files/get_metadata
2025-02-15 22:23:54 - INFO - Request to files/download
2025-02-15 22:23:58 - INFO - Request to files/download
2025-02-15 22:24:00 - INFO - Request to files/get_metadata
2025-02-15 22:24:01 - INFO - Request to files/download
2025-02-15 22:24:02 - INFO - Request to files/get_metadata
2025-02-15 22:24:02 - INFO - Request to files/download
2025-02-15 22:24:03 - INFO - Request to files/get_metadata
2025-02-15 22:24:03 - INFO - Request to files/get_metadata
2025-02-15 22:24:03 - INFO - Request to files/get_metadata
2025-02-15 22:24:03 - INFO - Request to files/get_metadata
2025-02-15 22:24:04 - INFO - Request to files/get_metadata
2025-02-15 22:24:04 - INFO - Request to files/get_metadata
2025-02-15 22:24:04 - INFO - Request to files/get_metadata
2025-02-15 22:24:05 - INFO - Request to files/get_metadata
2025-02-15 22:24:05 - INFO - Request to files/get_metadata
2025-02-15 22:24:05 - INFO - Request to files/get_metadata
2025-02-15 22:24:06 - INFO - Request to files/get_metadata
2025-02-15 22:24:06 - INFO - Request to files/get_metadata
2025-02-15 22:24:06 - INFO - Request to files/get_metadata
2025-02-15 22:24:07 - INFO - Request to files/get_metadata
2025-02-15 22:24:07 - INFO - Request to files/get_metadata
2025-02-15 22:24:07 - INFO - Request to files/get_metadata
2025-02-15 22:24:08 - INFO - Request to files/get_metadata
2025-02-15 22:24:08 - INFO - Request to files/get_metadata
2025-02-15 22:24:08 - INFO - Request to files/get_metadata
2025-02-15 22:24:08 - INFO - Request to files/get_metadata
2025-02-15 22:24:09 - INFO - Request to files/get_metadata
2025-02-15 22:24:09 - INFO - Request to files/get_metadata
2025-02-15 22:24:09 - INFO - Request to files/get_metadata
2025-02-15 22:24:10 - INFO - Request to files/get_metadata
2025-02-15 22:24:10 - INFO - Request to files/get_metadata
2025-02-15 22:24:10 - INFO - Request to files/get_metadata
2025-02-15 22:24:11 - INFO - Request to files/get_metadata
2025-02-15 22:24:11 - INFO - Request to files/get_metadata
2025-02-15 22:24:12 - INFO - Request to files/get_metadata
2025-02-15 22:24:12 - INFO - Request to files/get_metadata
2025-02-15 22:24:12 - INFO - Request to files/get_metadata
2025-02-15 22:24:13 - INFO - Request to files/get_metadata
2025-02-15 22:24:13 - INFO - Request to files/get_metadata
2025-02-15 22:24:14 - INFO - Request to files/get_metadata
2025-02-15 22:24:14 - INFO - Request to files/get_metadata
2025-02-15 22:24:14 - INFO - Request to files/get_metadata
2025-02-15 22:24:15 - INFO - Request to files/get_metadata
2025-02-15 22:24:15 - INFO - Request to files/get_metadata
2025-02-15 22:24:16 - INFO - Request to files/get_metadata
2025-02-15 22:24:16 - INFO - Request to files/get_metadata
2025-02-15 22:24:16 - INFO - Request to files/get_metadata
2025-02-15 22:24:17 - INFO - Request to files/get_metadata
2025-02-15 22:24:17 - INFO - Request to files/get_metadata
2025-02-15 22:24:17 - INFO - Request to files/get_metadata
2025-02-15 22:24:17 - INFO - Request to files/get_metadata
2025-02-15 22:24:18 - INFO - Request to files/get_metadata
2025-02-15 22:24:18 - INFO - Request to files/get_metadata
2025-02-15 22:24:18 - INFO - Request to files/get_metadata
2025-02-15 22:24:19 - INFO - Request to files/get_metadata
2025-02-15 22:24:19 - INFO - Request to files/get_metadata
2025-02-15 22:24:20 - INFO - Request to files/get_metadata
2025-02-15 22:24:20 - INFO - Request to files/get_metadata
2025-02-15 22:24:20 - INFO - Request to files/get_metadata
2025-02-15 22:24:20 - INFO - Request to files/get_metadata
2025-02-15 22:24:21 - INFO - Request to files/get_metadata
2025-02-15 22:24:21 - INFO - Request to files/get_metadata
2025-02-15 22:24:21 - INFO - Request to files/get_metadata
2025-02-15 22:24:22 - INFO - Request to files/get_metadata
2025-02-15 22:24:22 - INFO - Request to files/get_metadata
2025-02-15 22:24:23 - INFO - Request to files/get_metadata
2025-02-15 22:24:23 - INFO - Request to files/get_metadata
2025-02-15 22:24:23 - INFO - Request to files/get_metadata
2025-02-15 22:24:23 - INFO - Request to files/get_metadata
2025-02-15 22:24:24 - INFO - Request to files/get_metadata
2025-02-15 22:24:24 - INFO - Request to files/get_metadata
2025-02-15 22:24:24 - INFO - Request to files/get_metadata
2025-02-15 22:24:25 - INFO - Request to files/get_metadata
2025-02-15 22:24:25 - INFO - Request to files/get_metadata
2025-02-15 22:24:25 - INFO - Request to files/get_metadata
2025-02-15 22:24:26 - INFO - Request to files/get_metadata
2025-02-15 22:24:26 - INFO - Request to files/get_metadata
2025-02-15 22:24:26 - INFO - Request to files/get_metadata
2025-02-15 22:24:27 - INFO - Request to files/get_metadata
2025-02-15 22:24:27 - INFO - Request to files/get_metadata
2025-02-15 22:24:27 - INFO - Request to files/get_metadata
2025-02-15 22:24:27 - INFO - Request to files/get_metadata
2025-02-15 22:24:28 - INFO - Request to files/get_metadata
2025-02-15 22:24:28 - INFO - Request to files/get_metadata
2025-02-15 22:24:28 - INFO - Request to files/get_metadata
2025-02-15 22:24:29 - INFO - Request to files/get_metadata
2025-02-15 22:24:29 - INFO - Request to files/download
2025-02-15 22:24:30 - INFO - Request to files/download
2025-02-15 22:24:30 - INFO - Request to files/download
2025-02-15 22:24:31 - INFO - Request to files/download
2025-02-15 22:24:32 - INFO - Request to files/download
2025-02-15 22:24:32 - INFO - Request to files/download
2025-02-15 22:24:33 - INFO - Request to files/download
2025-02-15 22:24:33 - INFO - Request to files/download
2025-02-15 22:24:34 - INFO - Request to files/download
2025-02-15 22:24:34 - INFO - Request to files/download
2025-02-15 22:24:35 - INFO - Request to files/download
2025-02-15 22:24:35 - INFO - Request to files/download
2025-02-15 22:24:36 - INFO - Request to files/download
2025-02-15 22:24:36 - INFO - Request to files/download
2025-02-15 22:24:37 - INFO - Request to files/download
2025-02-15 22:24:37 - INFO - Request to files/download
2025-02-15 22:24:38 - INFO - Request to files/download
2025-02-15 22:24:38 - INFO - Request to files/download
2025-02-15 22:24:39 - INFO - Request to files/download
2025-02-15 22:24:40 - INFO - Request to files/download
2025-02-15 22:24:40 - INFO - Request to files/download
2025-02-15 22:24:41 - INFO - Request to files/download
2025-02-15 22:24:41 - INFO - Request to files/download
2025-02-15 22:24:42 - INFO - Request to files/download
2025-02-15 22:24:42 - INFO - Request to files/download
2025-02-15 22:24:43 - INFO - Request to files/download
2025-02-15 22:24:43 - INFO - Request to files/download
2025-02-15 22:24:44 - INFO - Request to files/download
2025-02-15 22:24:44 - INFO - Request to files/download
2025-02-15 22:24:45 - INFO - Request to files/download
2025-02-15 22:24:46 - INFO - Request to files/download
2025-02-15 22:24:47 - INFO - Request to files/download
2025-02-15 22:24:47 - INFO - Request to files/download
2025-02-15 22:24:48 - INFO - Request to files/download
2025-02-15 22:24:48 - INFO - Request to files/download
2025-02-15 22:24:49 - INFO - Request to files/download
2025-02-15 22:24:49 - INFO - Request to files/download
2025-02-15 22:24:50 - INFO - Request to files/download
2025-02-15 22:24:50 - INFO - Request to files/download
2025-02-15 22:24:51 - INFO - Request to files/download
2025-02-15 22:24:51 - INFO - Request to files/download
2025-02-15 22:24:52 - INFO - Request to files/download
2025-02-15 22:24:53 - INFO - Request to files/download
2025-02-15 22:24:53 - INFO - Request to files/download
2025-02-15 22:24:54 - INFO - Request to files/download
2025-02-15 22:24:54 - INFO - Request to files/download
2025-02-15 22:24:55 - INFO - Request to files/download
2025-02-15 22:24:55 - INFO - Request to files/download
2025-02-15 22:24:56 - INFO - Request to files/download
2025-02-15 22:24:56 - INFO - Request to files/download
2025-02-15 22:24:57 - INFO - Request to files/download
2025-02-15 22:24:58 - INFO - Request to files/download
2025-02-15 22:24:58 - INFO - Request to files/download
2025-02-15 22:24:59 - INFO - Request to files/download
2025-02-15 22:24:59 - INFO - Request to files/download
2025-02-15 22:24:59 - INFO - Request to files/download
2025-02-15 22:25:00 - INFO - Request to files/download
2025-02-15 22:25:01 - INFO - Request to files/download
2025-02-15 22:25:01 - INFO - Request to files/download
2025-02-15 22:25:02 - INFO - Request to files/download
2025-02-15 22:25:02 - INFO - Request to files/download
2025-02-15 22:25:03 - INFO - Request to files/download
2025-02-15 22:25:04 - INFO - Request to files/download
2025-02-15 22:25:05 - INFO - Request to files/download
2025-02-15 22:25:05 - INFO - Request to files/download
2025-02-15 22:25:06 - INFO - Request to files/download
2025-02-15 22:25:06 - INFO - Request to files/download
2025-02-15 22:25:07 - INFO - Request to files/download
2025-02-15 22:25:07 - INFO - Request to files/download
2025-02-15 22:25:08 - INFO - Request to files/download
2025-02-15 22:25:08 - INFO - Request to files/download
2025-02-15 22:25:09 - INFO - Request to files/download
2025-02-15 22:25:09 - INFO - Request to files/download
2025-02-15 22:25:10 - INFO - Request to files/download
2025-02-15 22:25:11 - INFO - Request to files/download
2025-02-15 22:25:11 - INFO - Request to files/download
2025-02-15 22:25:13 - INFO - Request to files/download
2025-02-15 22:25:13 - INFO - Request to files/download
2025-02-15 22:25:14 - INFO - Request to files/download
2025-02-15 22:25:14 - INFO - Request to files/download
2025-02-15 22:25:39 - INFO - Request to files/get_metadata
2025-02-15 22:25:39 - INFO - Request to files/get_metadata
2025-02-15 22:25:39 - INFO - Request to files/download
2025-02-15 22:25:42 - INFO - Request to files/download
2025-02-15 22:25:45 - INFO - Request to files/get_metadata
2025-02-15 22:25:45 - INFO - Request to files/download
2025-02-15 22:26:47 - WARNING - munch is not present in the environment. See https://trading-ig.readthedocs.io/en/latest/faq.html#optional-dependencies
2025-02-15 22:26:48 - INFO - Creating new v2 session for user 'emmanuelDemo' at 'https://demo-api.ig.com/gateway/deal'
2025-02-15 22:26:49 - INFO - POST '/session', resp 200
2025-02-15 22:26:49 - INFO - Request to files/get_metadata
2025-02-15 22:26:49 - INFO - Request to files/get_metadata
2025-02-15 22:26:50 - INFO - Request to files/download
2025-02-15 22:26:52 - INFO - Request to files/download
2025-02-15 22:26:54 - INFO - Request to files/get_metadata
2025-02-15 22:26:54 - INFO - Request to files/download
2025-02-15 22:26:55 - INFO - Request to files/get_metadata
2025-02-15 22:26:55 - INFO - Request to files/download
2025-02-15 22:26:56 - INFO - Request to files/get_metadata
2025-02-15 22:26:56 - INFO - Request to files/get_metadata
2025-02-15 22:26:57 - INFO - Request to files/get_metadata
2025-02-15 22:26:57 - INFO - Request to files/get_metadata
2025-02-15 22:26:57 - INFO - Request to files/get_metadata
2025-02-15 22:26:58 - INFO - Request to files/get_metadata
2025-02-15 22:26:58 - INFO - Request to files/get_metadata
2025-02-15 22:26:58 - INFO - Request to files/get_metadata
2025-02-15 22:26:59 - INFO - Request to files/get_metadata
2025-02-15 22:26:59 - INFO - Request to files/get_metadata
2025-02-15 22:26:59 - INFO - Request to files/get_metadata
2025-02-15 22:27:00 - INFO - Request to files/get_metadata
2025-02-15 22:27:00 - INFO - Request to files/get_metadata
2025-02-15 22:27:00 - INFO - Request to files/get_metadata
2025-02-15 22:27:01 - INFO - Request to files/get_metadata
2025-02-15 22:27:01 - INFO - Request to files/get_metadata
2025-02-15 22:27:01 - INFO - Request to files/get_metadata
2025-02-15 22:27:01 - INFO - Request to files/get_metadata
2025-02-15 22:27:02 - INFO - Request to files/get_metadata
2025-02-15 22:27:02 - INFO - Request to files/get_metadata
2025-02-15 22:27:02 - INFO - Request to files/get_metadata
2025-02-15 22:27:03 - INFO - Request to files/get_metadata
2025-02-15 22:27:03 - INFO - Request to files/get_metadata
2025-02-15 22:27:03 - INFO - Request to files/get_metadata
2025-02-15 22:27:04 - INFO - Request to files/get_metadata
2025-02-15 22:27:04 - INFO - Request to files/get_metadata
2025-02-15 22:27:04 - INFO - Request to files/get_metadata
2025-02-15 22:27:04 - INFO - Request to files/get_metadata
2025-02-15 22:27:05 - INFO - Request to files/get_metadata
2025-02-15 22:27:05 - INFO - Request to files/get_metadata
2025-02-15 22:27:06 - INFO - Request to files/get_metadata
2025-02-15 22:27:06 - INFO - Request to files/get_metadata
2025-02-15 22:27:06 - INFO - Request to files/get_metadata
2025-02-15 22:27:06 - INFO - Request to files/get_metadata
2025-02-15 22:27:07 - INFO - Request to files/get_metadata
2025-02-15 22:27:07 - INFO - Request to files/get_metadata
2025-02-15 22:27:08 - INFO - Request to files/get_metadata
2025-02-15 22:27:08 - INFO - Request to files/get_metadata
2025-02-15 22:27:08 - INFO - Request to files/get_metadata
2025-02-15 22:27:08 - INFO - Request to files/get_metadata
2025-02-15 22:27:09 - INFO - Request to files/get_metadata
2025-02-15 22:27:09 - INFO - Request to files/get_metadata
2025-02-15 22:27:09 - INFO - Request to files/get_metadata
2025-02-15 22:27:10 - INFO - Request to files/get_metadata
2025-02-15 22:27:10 - INFO - Request to files/get_metadata
2025-02-15 22:27:10 - INFO - Request to files/get_metadata
2025-02-15 22:27:11 - INFO - Request to files/get_metadata
2025-02-15 22:27:11 - INFO - Request to files/get_metadata
2025-02-15 22:27:11 - INFO - Request to files/get_metadata
2025-02-15 22:27:11 - INFO - Request to files/get_metadata
2025-02-15 22:27:12 - INFO - Request to files/get_metadata
2025-02-15 22:27:12 - INFO - Request to files/get_metadata
2025-02-15 22:27:12 - INFO - Request to files/get_metadata
2025-02-15 22:27:13 - INFO - Request to files/get_metadata
2025-02-15 22:27:13 - INFO - Request to files/get_metadata
2025-02-15 22:27:13 - INFO - Request to files/get_metadata
2025-02-15 22:27:14 - INFO - Request to files/get_metadata
2025-02-15 22:27:15 - INFO - Request to files/get_metadata
2025-02-15 22:27:15 - INFO - Request to files/get_metadata
2025-02-15 22:27:15 - INFO - Request to files/get_metadata
2025-02-15 22:27:15 - INFO - Request to files/get_metadata
2025-02-15 22:27:16 - INFO - Request to files/get_metadata
2025-02-15 22:27:16 - INFO - Request to files/get_metadata
2025-02-15 22:27:16 - INFO - Request to files/get_metadata
2025-02-15 22:27:17 - INFO - Request to files/get_metadata
2025-02-15 22:27:17 - INFO - Request to files/get_metadata
2025-02-15 22:27:17 - INFO - Request to files/get_metadata
2025-02-15 22:27:18 - INFO - Request to files/get_metadata
2025-02-15 22:27:18 - INFO - Request to files/get_metadata
2025-02-15 22:27:18 - INFO - Request to files/get_metadata
2025-02-15 22:27:19 - INFO - Request to files/get_metadata
2025-02-15 22:27:19 - INFO - Request to files/get_metadata
2025-02-15 22:27:19 - INFO - Request to files/get_metadata
2025-02-15 22:27:19 - INFO - Request to files/get_metadata
2025-02-15 22:27:20 - INFO - Request to files/get_metadata
2025-02-15 22:27:20 - INFO - Request to files/get_metadata
2025-02-15 22:27:21 - INFO - Request to files/get_metadata
2025-02-15 22:27:21 - INFO - Request to files/get_metadata
2025-02-15 22:27:21 - INFO - Request to files/get_metadata
2025-02-15 22:27:22 - INFO - Request to files/get_metadata
2025-02-15 22:27:22 - INFO - Request to files/download
2025-02-15 22:27:23 - INFO - Request to files/download
2025-02-15 22:27:23 - INFO - Request to files/download
2025-02-15 22:27:24 - INFO - Request to files/download
2025-02-15 22:27:24 - INFO - Request to files/download
2025-02-15 22:27:25 - INFO - Request to files/download
2025-02-15 22:27:25 - INFO - Request to files/download
2025-02-15 22:27:26 - INFO - Request to files/download
2025-02-15 22:27:26 - INFO - Request to files/download
2025-02-15 22:27:27 - INFO - Request to files/download
2025-02-15 22:27:27 - INFO - Request to files/download
2025-02-15 22:27:28 - INFO - Request to files/download
2025-02-15 22:27:28 - INFO - Request to files/download
2025-02-15 22:27:29 - INFO - Request to files/download
2025-02-15 22:27:29 - INFO - Request to files/download
2025-02-15 22:27:30 - INFO - Request to files/download
2025-02-15 22:27:30 - INFO - Request to files/download
2025-02-15 22:27:31 - INFO - Request to files/download
2025-02-15 22:27:32 - INFO - Request to files/download
2025-02-15 22:27:32 - INFO - Request to files/download
2025-02-15 22:27:33 - INFO - Request to files/download
2025-02-15 22:27:33 - INFO - Request to files/download
2025-02-15 22:27:34 - INFO - Request to files/download
2025-02-15 22:27:34 - INFO - Request to files/download
2025-02-15 22:27:35 - INFO - Request to files/download
2025-02-15 22:27:35 - INFO - Request to files/download
2025-02-15 22:27:36 - INFO - Request to files/download
2025-02-15 22:27:37 - INFO - Request to files/download
2025-02-15 22:27:37 - INFO - Request to files/download
2025-02-15 22:27:38 - INFO - Request to files/download
2025-02-15 22:27:39 - INFO - Request to files/download
2025-02-15 22:27:39 - INFO - Request to files/download
2025-02-15 22:27:40 - INFO - Request to files/download
2025-02-15 22:27:40 - INFO - Request to files/download
2025-02-15 22:27:41 - INFO - Request to files/download
2025-02-15 22:27:42 - INFO - Request to files/download
2025-02-15 22:27:42 - INFO - Request to files/download
2025-02-15 22:27:43 - INFO - Request to files/download
2025-02-15 22:27:43 - INFO - Request to files/download
2025-02-15 22:27:44 - INFO - Request to files/download
2025-02-15 22:27:44 - INFO - Request to files/download
2025-02-15 22:27:45 - INFO - Request to files/download
2025-02-15 22:27:45 - INFO - Request to files/download
2025-02-15 22:27:46 - INFO - Request to files/download
2025-02-15 22:27:46 - INFO - Request to files/download
2025-02-15 22:27:47 - INFO - Request to files/download
2025-02-15 22:27:47 - INFO - Request to files/download
2025-02-15 22:27:48 - INFO - Request to files/download
2025-02-15 22:27:49 - INFO - Request to files/download
2025-02-15 22:27:49 - INFO - Request to files/download
2025-02-15 22:27:50 - INFO - Request to files/download
2025-02-15 22:27:50 - INFO - Request to files/download
2025-02-15 22:27:51 - INFO - Request to files/download
2025-02-15 22:27:51 - INFO - Request to files/download
2025-02-15 22:27:52 - INFO - Request to files/download
2025-02-15 22:27:53 - INFO - Request to files/download
2025-02-15 22:27:53 - INFO - Request to files/download
2025-02-15 22:27:54 - INFO - Request to files/download
2025-02-15 22:27:54 - INFO - Request to files/download
2025-02-15 22:27:55 - INFO - Request to files/download
2025-02-15 22:27:55 - INFO - Request to files/download
2025-02-15 22:27:56 - INFO - Request to files/download
2025-02-15 22:27:57 - INFO - Request to files/download
2025-02-15 22:27:58 - INFO - Request to files/download
2025-02-15 22:27:58 - INFO - Request to files/download
2025-02-15 22:27:59 - INFO - Request to files/download
2025-02-15 22:27:59 - INFO - Request to files/download
2025-02-15 22:28:00 - INFO - Request to files/download
2025-02-15 22:28:00 - INFO - Request to files/download
2025-02-15 22:28:01 - INFO - Request to files/download
2025-02-15 22:28:02 - INFO - Request to files/download
2025-02-15 22:28:02 - INFO - Request to files/download
2025-02-15 22:28:03 - INFO - Request to files/download
2025-02-15 22:28:03 - INFO - Request to files/download
2025-02-15 22:28:04 - INFO - Request to files/download
2025-02-15 22:28:04 - INFO - Request to files/download
2025-02-15 22:28:05 - INFO - Request to files/download
2025-02-15 22:28:06 - INFO - Request to files/download
2025-02-15 22:28:06 - INFO - Request to files/download
2025-02-15 22:28:07 - INFO - Request to files/download
2025-02-15 22:35:53 - INFO - Request to files/get_metadata
2025-02-15 22:35:53 - INFO - Request to files/get_metadata
2025-02-15 22:35:54 - INFO - Request to files/download
2025-02-15 22:35:56 - INFO - Request to files/download
2025-02-15 22:35:58 - INFO - Request to files/get_metadata
2025-02-15 22:35:59 - INFO - Request to files/download
2025-02-15 22:35:59 - INFO - Request to files/get_metadata
2025-02-15 22:36:00 - INFO - Request to files/download
2025-02-15 22:36:01 - INFO - Request to files/get_metadata
2025-02-15 22:36:01 - INFO - Request to files/get_metadata
2025-02-15 22:36:02 - INFO - Request to files/get_metadata
2025-02-15 22:36:02 - INFO - Request to files/get_metadata
2025-02-15 22:36:03 - INFO - Request to files/get_metadata
2025-02-15 22:36:03 - INFO - Request to files/get_metadata
2025-02-15 22:36:03 - INFO - Request to files/get_metadata
2025-02-15 22:36:03 - INFO - Request to files/get_metadata
2025-02-15 22:36:04 - INFO - Request to files/get_metadata
2025-02-15 22:36:04 - INFO - Request to files/get_metadata
2025-02-15 22:36:04 - INFO - Request to files/get_metadata
2025-02-15 22:36:05 - INFO - Request to files/get_metadata
2025-02-15 22:36:05 - INFO - Request to files/get_metadata
2025-02-15 22:36:05 - INFO - Request to files/get_metadata
2025-02-15 22:36:06 - INFO - Request to files/get_metadata
2025-02-15 22:36:06 - INFO - Request to files/get_metadata
2025-02-15 22:36:06 - INFO - Request to files/get_metadata
2025-02-15 22:36:07 - INFO - Request to files/get_metadata
2025-02-15 22:36:07 - INFO - Request to files/get_metadata
2025-02-15 22:36:07 - INFO - Request to files/get_metadata
2025-02-15 22:36:07 - INFO - Request to files/get_metadata
2025-02-15 22:36:08 - INFO - Request to files/get_metadata
2025-02-15 22:36:08 - INFO - Request to files/get_metadata
2025-02-15 22:36:08 - INFO - Request to files/get_metadata
2025-02-15 22:36:08 - INFO - Request to files/get_metadata
2025-02-15 22:36:10 - INFO - Request to files/get_metadata
2025-02-15 22:36:11 - INFO - Request to files/get_metadata
2025-02-15 22:36:11 - INFO - Request to files/get_metadata
2025-02-15 22:36:12 - INFO - Request to files/get_metadata
2025-02-15 22:36:12 - INFO - Request to files/get_metadata
2025-02-15 22:36:12 - INFO - Request to files/get_metadata
2025-02-15 22:36:12 - INFO - Request to files/get_metadata
2025-02-15 22:36:13 - INFO - Request to files/get_metadata
2025-02-15 22:36:13 - INFO - Request to files/get_metadata
2025-02-15 22:36:13 - INFO - Request to files/get_metadata
2025-02-15 22:36:14 - INFO - Request to files/get_metadata
2025-02-15 22:36:14 - INFO - Request to files/get_metadata
2025-02-15 22:36:14 - INFO - Request to files/get_metadata
2025-02-15 22:36:14 - INFO - Request to files/get_metadata
2025-02-15 22:36:15 - INFO - Request to files/get_metadata
2025-02-15 22:36:15 - INFO - Request to files/get_metadata
2025-02-15 22:36:15 - INFO - Request to files/get_metadata
2025-02-15 22:36:16 - INFO - Request to files/get_metadata
2025-02-15 22:36:16 - INFO - Request to files/get_metadata
2025-02-15 22:36:16 - INFO - Request to files/get_metadata
2025-02-15 22:36:17 - INFO - Request to files/get_metadata
2025-02-15 22:36:17 - INFO - Request to files/get_metadata
2025-02-15 22:36:17 - INFO - Request to files/get_metadata
2025-02-15 22:36:17 - INFO - Request to files/get_metadata
2025-02-15 22:36:18 - INFO - Request to files/get_metadata
2025-02-15 22:36:18 - INFO - Request to files/get_metadata
2025-02-15 22:36:18 - INFO - Request to files/get_metadata
2025-02-15 22:36:19 - INFO - Request to files/get_metadata
2025-02-15 22:36:19 - INFO - Request to files/get_metadata
2025-02-15 22:36:19 - INFO - Request to files/get_metadata
2025-02-15 22:36:20 - INFO - Request to files/get_metadata
2025-02-15 22:36:20 - INFO - Request to files/get_metadata
2025-02-15 22:36:20 - INFO - Request to files/get_metadata
2025-02-15 22:36:20 - INFO - Request to files/get_metadata
2025-02-15 22:36:21 - INFO - Request to files/get_metadata
2025-02-15 22:36:21 - INFO - Request to files/get_metadata
2025-02-15 22:36:21 - INFO - Request to files/get_metadata
2025-02-15 22:36:22 - INFO - Request to files/get_metadata
2025-02-15 22:36:22 - INFO - Request to files/get_metadata
2025-02-15 22:36:22 - INFO - Request to files/get_metadata
2025-02-15 22:36:22 - INFO - Request to files/get_metadata
2025-02-15 22:36:23 - INFO - Request to files/get_metadata
2025-02-15 22:36:23 - INFO - Request to files/get_metadata
2025-02-15 22:36:24 - INFO - Request to files/get_metadata
2025-02-15 22:36:24 - INFO - Request to files/get_metadata
2025-02-15 22:36:24 - INFO - Request to files/get_metadata
2025-02-15 22:36:25 - INFO - Request to files/get_metadata
2025-02-15 22:36:25 - INFO - Request to files/get_metadata
2025-02-15 22:36:25 - INFO - Request to files/get_metadata
2025-02-15 22:36:26 - INFO - Request to files/get_metadata
2025-02-15 22:36:26 - INFO - Request to files/get_metadata
2025-02-15 22:36:26 - INFO - Request to files/get_metadata
2025-02-15 22:36:26 - INFO - Request to files/get_metadata
2025-02-15 22:36:27 - INFO - Request to files/get_metadata
2025-02-15 22:36:27 - INFO - Request to files/get_metadata
2025-02-15 22:36:27 - INFO - Request to files/download
2025-02-15 22:36:28 - INFO - Request to files/download
2025-02-15 22:36:28 - INFO - Request to files/download
2025-02-15 22:36:29 - INFO - Request to files/download
2025-02-15 22:36:29 - INFO - Request to files/download
2025-02-15 22:36:30 - INFO - Request to files/download
2025-02-15 22:36:30 - INFO - Request to files/download
2025-02-15 22:36:31 - INFO - Request to files/download
2025-02-15 22:36:31 - INFO - Request to files/download
2025-02-15 22:36:32 - INFO - Request to files/download
2025-02-15 22:36:32 - INFO - Request to files/download
2025-02-15 22:36:33 - INFO - Request to files/download
2025-02-15 22:36:33 - INFO - Request to files/download
2025-02-15 22:36:34 - INFO - Request to files/download
2025-02-15 22:36:34 - INFO - Request to files/download
2025-02-15 22:36:35 - INFO - Request to files/download
2025-02-15 22:36:35 - INFO - Request to files/download
2025-02-15 22:36:36 - INFO - Request to files/download
2025-02-15 22:36:36 - INFO - Request to files/download
2025-02-15 22:36:37 - INFO - Request to files/download
2025-02-15 22:36:37 - INFO - Request to files/download
2025-02-15 22:36:38 - INFO - Request to files/download
2025-02-15 22:36:39 - INFO - Request to files/download
2025-02-15 22:36:39 - INFO - Request to files/download
2025-02-15 22:36:43 - INFO - Request to files/download
2025-02-15 22:36:43 - INFO - Request to files/download
2025-02-15 22:36:44 - INFO - Request to files/download
2025-02-15 22:36:44 - INFO - Request to files/download
2025-02-15 22:36:48 - INFO - Request to files/download
2025-02-15 22:36:48 - INFO - Request to files/download
2025-02-15 22:36:49 - INFO - Request to files/download
2025-02-15 22:36:50 - INFO - Request to files/download
2025-02-15 22:36:50 - INFO - Request to files/download
2025-02-15 22:36:51 - INFO - Request to files/download
2025-02-15 22:36:51 - INFO - Request to files/download
2025-02-15 22:36:52 - INFO - Request to files/download
2025-02-15 22:36:53 - INFO - Request to files/download
2025-02-15 22:36:53 - INFO - Request to files/download
2025-02-15 22:36:54 - INFO - Request to files/download
2025-02-15 22:36:54 - INFO - Request to files/download
2025-02-15 22:36:55 - INFO - Request to files/download
2025-02-15 22:36:55 - INFO - Request to files/download
2025-02-15 22:36:56 - INFO - Request to files/download
2025-02-15 22:36:56 - INFO - Request to files/download
2025-02-15 22:36:57 - INFO - Request to files/download
2025-02-15 22:36:58 - INFO - Request to files/download
2025-02-15 22:36:59 - INFO - Request to files/download
2025-02-15 22:36:59 - INFO - Request to files/download
2025-02-15 22:37:00 - INFO - Request to files/download
2025-02-15 22:37:00 - INFO - Request to files/download
2025-02-15 22:37:01 - INFO - Request to files/download
2025-02-15 22:37:02 - INFO - Request to files/download
2025-02-15 22:37:02 - INFO - Request to files/download
2025-02-15 22:37:02 - INFO - Request to files/download
2025-02-15 22:37:04 - INFO - Request to files/download
2025-02-15 22:37:04 - INFO - Request to files/download
2025-02-15 22:37:05 - INFO - Request to files/download
2025-02-15 22:37:05 - INFO - Request to files/download
2025-02-15 22:37:06 - INFO - Request to files/download
2025-02-15 22:37:06 - INFO - Request to files/download
2025-02-15 22:37:07 - INFO - Request to files/download
2025-02-15 22:37:07 - INFO - Request to files/download
2025-02-15 22:37:09 - INFO - Request to files/download
2025-02-15 22:37:09 - INFO - Request to files/download
2025-02-15 22:37:10 - INFO - Request to files/download
2025-02-15 22:37:10 - INFO - Request to files/download
2025-02-15 22:37:10 - INFO - Request to files/download
2025-02-15 22:37:11 - INFO - Request to files/download
2025-02-15 22:37:12 - INFO - Request to files/download
2025-02-15 22:37:13 - INFO - Request to files/download
2025-02-15 22:37:13 - INFO - Request to files/download
2025-02-15 22:37:14 - INFO - Request to files/download
2025-02-15 22:37:15 - INFO - Request to files/download
2025-02-15 22:37:15 - INFO - Request to files/download
2025-02-15 22:37:15 - INFO - Request to files/download
2025-02-15 22:37:16 - INFO - Request to files/download
2025-02-15 22:37:17 - INFO - Request to files/download
2025-02-15 22:37:18 - INFO - Request to files/download
2025-02-15 22:37:18 - INFO - Request to files/download
2025-02-15 22:37:19 - INFO - Request to files/download
2025-02-15 22:43:27 - WARNING - munch is not present in the environment. See https://trading-ig.readthedocs.io/en/latest/faq.html#optional-dependencies
2025-02-15 22:43:28 - INFO - Creating new v2 session for user 'emmanuelDemo' at 'https://demo-api.ig.com/gateway/deal'
2025-02-15 22:43:29 - INFO - POST '/session', resp 200
2025-02-15 22:43:29 - INFO - Request to files/get_metadata
2025-02-15 22:43:29 - INFO - Request to files/get_metadata
2025-02-15 22:43:30 - INFO - Request to files/download
2025-02-15 22:43:32 - INFO - Request to files/download
2025-02-15 22:43:34 - INFO - Request to files/get_metadata
2025-02-15 22:43:34 - INFO - Request to files/download
2025-02-15 22:43:35 - INFO - Request to files/get_metadata
2025-02-15 22:43:36 - INFO - Request to files/download
2025-02-15 22:43:36 - INFO - Request to files/get_metadata
2025-02-15 22:43:36 - INFO - Request to files/get_metadata
2025-02-15 22:43:37 - INFO - Request to files/get_metadata
2025-02-15 22:43:37 - INFO - Request to files/get_metadata
2025-02-15 22:43:37 - INFO - Request to files/get_metadata
2025-02-15 22:43:38 - INFO - Request to files/get_metadata
2025-02-15 22:43:38 - INFO - Request to files/get_metadata
2025-02-15 22:43:38 - INFO - Request to files/get_metadata
2025-02-15 22:43:39 - INFO - Request to files/get_metadata
2025-02-15 22:43:39 - INFO - Request to files/get_metadata
2025-02-15 22:43:39 - INFO - Request to files/get_metadata
2025-02-15 22:43:39 - INFO - Request to files/get_metadata
2025-02-15 22:43:40 - INFO - Request to files/get_metadata
2025-02-15 22:43:40 - INFO - Request to files/get_metadata
2025-02-15 22:43:40 - INFO - Request to files/get_metadata
2025-02-15 22:43:41 - INFO - Request to files/get_metadata
2025-02-15 22:43:41 - INFO - Request to files/get_metadata
2025-02-15 22:43:41 - INFO - Request to files/get_metadata
2025-02-15 22:43:41 - INFO - Request to files/get_metadata
2025-02-15 22:43:42 - INFO - Request to files/get_metadata
2025-02-15 22:43:42 - INFO - Request to files/get_metadata
2025-02-15 22:43:42 - INFO - Request to files/get_metadata
2025-02-15 22:43:43 - INFO - Request to files/get_metadata
2025-02-15 22:43:43 - INFO - Request to files/get_metadata
2025-02-15 22:43:43 - INFO - Request to files/get_metadata
2025-02-15 22:43:44 - INFO - Request to files/get_metadata
2025-02-15 22:43:44 - INFO - Request to files/get_metadata
2025-02-15 22:43:46 - INFO - Request to files/get_metadata
2025-02-15 22:43:46 - INFO - Request to files/get_metadata
2025-02-15 22:43:47 - INFO - Request to files/get_metadata
2025-02-15 22:43:47 - INFO - Request to files/get_metadata
2025-02-15 22:43:47 - INFO - Request to files/get_metadata
2025-02-15 22:43:48 - INFO - Request to files/get_metadata
2025-02-15 22:43:48 - INFO - Request to files/get_metadata
2025-02-15 22:43:48 - INFO - Request to files/get_metadata
2025-02-15 22:43:49 - INFO - Request to files/get_metadata
2025-02-15 22:43:50 - INFO - Request to files/get_metadata
2025-02-15 22:43:50 - INFO - Request to files/get_metadata
2025-02-15 22:43:50 - INFO - Request to files/get_metadata
2025-02-15 22:43:51 - INFO - Request to files/get_metadata
2025-02-15 22:43:51 - INFO - Request to files/get_metadata
2025-02-15 22:43:51 - INFO - Request to files/get_metadata
2025-02-15 22:43:52 - INFO - Request to files/get_metadata
2025-02-15 22:43:52 - INFO - Request to files/get_metadata
2025-02-15 22:43:52 - INFO - Request to files/get_metadata
2025-02-15 22:43:53 - INFO - Request to files/get_metadata
2025-02-15 22:43:53 - INFO - Request to files/get_metadata
2025-02-15 22:43:53 - INFO - Request to files/get_metadata
2025-02-15 22:43:53 - INFO - Request to files/get_metadata
2025-02-15 22:43:54 - INFO - Request to files/get_metadata
2025-02-15 22:43:54 - INFO - Request to files/get_metadata
2025-02-15 22:43:54 - INFO - Request to files/get_metadata
2025-02-15 22:43:55 - INFO - Request to files/get_metadata
2025-02-15 22:43:55 - INFO - Request to files/get_metadata
2025-02-15 22:43:55 - INFO - Request to files/get_metadata
2025-02-15 22:43:55 - INFO - Request to files/get_metadata
2025-02-15 22:43:56 - INFO - Request to files/get_metadata
2025-02-15 22:43:56 - INFO - Request to files/get_metadata
2025-02-15 22:43:56 - INFO - Request to files/get_metadata
2025-02-15 22:43:57 - INFO - Request to files/get_metadata
2025-02-15 22:43:57 - INFO - Request to files/get_metadata
2025-02-15 22:43:58 - INFO - Request to files/get_metadata
2025-02-15 22:43:58 - INFO - Request to files/get_metadata
2025-02-15 22:43:58 - INFO - Request to files/get_metadata
2025-02-15 22:43:59 - INFO - Request to files/get_metadata
2025-02-15 22:43:59 - INFO - Request to files/get_metadata
2025-02-15 22:43:59 - INFO - Request to files/get_metadata
2025-02-15 22:44:00 - INFO - Request to files/get_metadata
2025-02-15 22:44:00 - INFO - Request to files/get_metadata
2025-02-15 22:44:00 - INFO - Request to files/get_metadata
2025-02-15 22:44:00 - INFO - Request to files/get_metadata
2025-02-15 22:44:01 - INFO - Request to files/get_metadata
2025-02-15 22:44:01 - INFO - Request to files/get_metadata
2025-02-15 22:44:01 - INFO - Request to files/get_metadata
2025-02-15 22:44:02 - INFO - Request to files/get_metadata
2025-02-15 22:44:02 - INFO - Request to files/get_metadata
2025-02-15 22:44:02 - INFO - Request to files/get_metadata
2025-02-15 22:44:02 - INFO - Request to files/get_metadata
2025-02-15 22:44:03 - INFO - Request to files/get_metadata
2025-02-15 22:44:03 - INFO - Request to files/get_metadata
2025-02-15 22:44:03 - INFO - Request to files/download
2025-02-15 22:44:04 - INFO - Request to files/download
2025-02-15 22:44:04 - INFO - Request to files/download
2025-02-15 22:44:05 - INFO - Request to files/download
2025-02-15 22:44:05 - INFO - Request to files/download
2025-02-15 22:44:06 - INFO - Request to files/download
2025-02-15 22:44:06 - INFO - Request to files/download
2025-02-15 22:44:07 - INFO - Request to files/download
2025-02-15 22:44:07 - INFO - Request to files/download
2025-02-15 22:44:08 - INFO - Request to files/download
2025-02-15 22:44:09 - INFO - Request to files/download
2025-02-15 22:44:10 - INFO - Request to files/download
2025-02-15 22:44:10 - INFO - Request to files/download
2025-02-15 22:44:11 - INFO - Request to files/download
2025-02-15 22:44:11 - INFO - Request to files/download
2025-02-15 22:44:12 - INFO - Request to files/download
2025-02-15 22:44:12 - INFO - Request to files/download
2025-02-15 22:44:13 - INFO - Request to files/download
2025-02-15 22:44:13 - INFO - Request to files/download
2025-02-15 22:44:14 - INFO - Request to files/download
2025-02-15 22:44:14 - INFO - Request to files/download
2025-02-15 22:44:15 - INFO - Request to files/download
2025-02-15 22:44:15 - INFO - Request to files/download
2025-02-15 22:44:16 - INFO - Request to files/download
2025-02-15 22:44:16 - INFO - Request to files/download
2025-02-15 22:44:17 - INFO - Request to files/download
2025-02-15 22:44:17 - INFO - Request to files/download
2025-02-15 22:44:18 - INFO - Request to files/download
2025-02-15 22:44:18 - INFO - Request to files/download
2025-02-15 22:44:19 - INFO - Request to files/download
2025-02-15 22:44:20 - INFO - Request to files/download
2025-02-15 22:44:20 - INFO - Request to files/download
2025-02-15 22:44:21 - INFO - Request to files/download
2025-02-15 22:44:21 - INFO - Request to files/download
2025-02-15 22:44:22 - INFO - Request to files/download
2025-02-15 22:44:22 - INFO - Request to files/download
2025-02-15 22:44:23 - INFO - Request to files/download
2025-02-15 22:44:24 - INFO - Request to files/download
2025-02-15 22:44:24 - INFO - Request to files/download
2025-02-15 22:44:25 - INFO - Request to files/download
2025-02-15 22:44:25 - INFO - Request to files/download
2025-02-15 22:44:26 - INFO - Request to files/download
2025-02-15 22:44:26 - INFO - Request to files/download
2025-02-15 22:44:26 - INFO - Request to files/download
2025-02-15 22:44:27 - INFO - Request to files/download
2025-02-15 22:44:27 - INFO - Request to files/download
2025-02-15 22:44:28 - INFO - Request to files/download
2025-02-15 22:44:28 - INFO - Request to files/download
2025-02-15 22:44:29 - INFO - Request to files/download
2025-02-15 22:44:29 - INFO - Request to files/download
2025-02-15 22:44:30 - INFO - Request to files/download
2025-02-15 22:44:31 - INFO - Request to files/download
2025-02-15 22:44:31 - INFO - Request to files/download
2025-02-15 22:44:32 - INFO - Request to files/download
2025-02-15 22:44:32 - INFO - Request to files/download
2025-02-15 22:44:33 - INFO - Request to files/download
2025-02-15 22:44:33 - INFO - Request to files/download
2025-02-15 22:44:34 - INFO - Request to files/download
2025-02-15 22:44:34 - INFO - Request to files/download
2025-02-15 22:44:35 - INFO - Request to files/download
2025-02-15 22:44:35 - INFO - Request to files/download
2025-02-15 22:44:36 - INFO - Request to files/download
2025-02-15 22:44:36 - INFO - Request to files/download
2025-02-15 22:44:37 - INFO - Request to files/download
2025-02-15 22:44:37 - INFO - Request to files/download
2025-02-15 22:44:38 - INFO - Request to files/download
2025-02-15 22:44:38 - INFO - Request to files/download
2025-02-15 22:44:39 - INFO - Request to files/download
2025-02-15 22:44:39 - INFO - Request to files/download
2025-02-15 22:44:40 - INFO - Request to files/download
2025-02-15 22:44:41 - INFO - Request to files/download
2025-02-15 22:44:41 - INFO - Request to files/download
2025-02-15 22:44:42 - INFO - Request to files/download
2025-02-15 22:44:42 - INFO - Request to files/download
2025-02-15 22:44:43 - INFO - Request to files/download
2025-02-15 22:44:43 - INFO - Request to files/download
2025-02-15 22:44:44 - INFO - Request to files/download
2025-02-15 22:44:44 - INFO - Request to files/download
2025-02-15 22:44:45 - INFO - Request to files/download
2025-02-15 22:44:45 - INFO - Request to files/download
2025-02-15 23:05:00 - INFO - Request to files/get_metadata
2025-02-15 23:05:01 - INFO - Request to files/get_metadata
2025-02-15 23:05:01 - INFO - Request to files/download
2025-02-15 23:05:04 - INFO - Request to files/download
2025-02-15 23:05:09 - INFO - Request to files/get_metadata
2025-02-15 23:05:09 - INFO - Request to files/download
2025-02-15 23:05:10 - INFO - Request to files/get_metadata
2025-02-15 23:05:10 - INFO - Request to files/download
2025-02-15 23:05:11 - INFO - Request to files/get_metadata
2025-02-15 23:05:11 - INFO - Request to files/get_metadata
2025-02-15 23:05:11 - INFO - Request to files/get_metadata
2025-02-15 23:05:11 - INFO - Request to files/get_metadata
2025-02-15 23:05:12 - INFO - Request to files/get_metadata
2025-02-15 23:05:12 - INFO - Request to files/get_metadata
2025-02-15 23:05:12 - INFO - Request to files/get_metadata
2025-02-15 23:05:13 - INFO - Request to files/get_metadata
2025-02-15 23:05:13 - INFO - Request to files/get_metadata
2025-02-15 23:05:14 - INFO - Request to files/get_metadata
2025-02-15 23:05:14 - INFO - Request to files/get_metadata
2025-02-15 23:05:14 - INFO - Request to files/get_metadata
2025-02-15 23:05:15 - INFO - Request to files/get_metadata
2025-02-15 23:05:15 - INFO - Request to files/get_metadata
2025-02-15 23:05:15 - INFO - Request to files/get_metadata
2025-02-15 23:05:16 - INFO - Request to files/get_metadata
2025-02-15 23:05:16 - INFO - Request to files/get_metadata
2025-02-15 23:05:16 - INFO - Request to files/get_metadata
2025-02-15 23:05:16 - INFO - Request to files/get_metadata
2025-02-15 23:05:17 - INFO - Request to files/get_metadata
2025-02-15 23:05:17 - INFO - Request to files/get_metadata
2025-02-15 23:05:18 - INFO - Request to files/get_metadata
2025-02-15 23:05:18 - INFO - Request to files/get_metadata
2025-02-15 23:05:19 - INFO - Request to files/get_metadata
2025-02-15 23:05:19 - INFO - Request to files/get_metadata
2025-02-15 23:05:19 - INFO - Request to files/get_metadata
2025-02-15 23:05:20 - INFO - Request to files/get_metadata
2025-02-15 23:05:20 - INFO - Request to files/get_metadata
2025-02-15 23:05:20 - INFO - Request to files/get_metadata
2025-02-15 23:05:21 - INFO - Request to files/get_metadata
2025-02-15 23:05:21 - INFO - Request to files/get_metadata
2025-02-15 23:05:21 - INFO - Request to files/get_metadata
2025-02-15 23:05:21 - INFO - Request to files/get_metadata
2025-02-15 23:05:22 - INFO - Request to files/get_metadata
2025-02-15 23:05:22 - INFO - Request to files/get_metadata
2025-02-15 23:05:22 - INFO - Request to files/get_metadata
2025-02-15 23:05:23 - INFO - Request to files/get_metadata
2025-02-15 23:05:23 - INFO - Request to files/get_metadata
2025-02-15 23:05:23 - INFO - Request to files/get_metadata
2025-02-15 23:05:23 - INFO - Request to files/get_metadata
2025-02-15 23:05:24 - INFO - Request to files/get_metadata
2025-02-15 23:05:24 - INFO - Request to files/get_metadata
2025-02-15 23:05:24 - INFO - Request to files/get_metadata
2025-02-15 23:05:25 - INFO - Request to files/get_metadata
2025-02-15 23:05:25 - INFO - Request to files/get_metadata
2025-02-15 23:05:25 - INFO - Request to files/get_metadata
2025-02-15 23:05:26 - INFO - Request to files/get_metadata
2025-02-15 23:05:26 - INFO - Request to files/get_metadata
2025-02-15 23:05:26 - INFO - Request to files/get_metadata
2025-02-15 23:05:26 - INFO - Request to files/get_metadata
2025-02-15 23:05:27 - INFO - Request to files/get_metadata
2025-02-15 23:05:27 - INFO - Request to files/get_metadata
2025-02-15 23:05:28 - INFO - Request to files/get_metadata
2025-02-15 23:05:28 - INFO - Request to files/get_metadata
2025-02-15 23:05:28 - INFO - Request to files/get_metadata
2025-02-15 23:05:29 - INFO - Request to files/get_metadata
2025-02-15 23:05:29 - INFO - Request to files/get_metadata
2025-02-15 23:05:29 - INFO - Request to files/get_metadata
2025-02-15 23:05:30 - INFO - Request to files/get_metadata
2025-02-15 23:05:30 - INFO - Request to files/get_metadata
2025-02-15 23:05:30 - INFO - Request to files/get_metadata
2025-02-15 23:05:31 - INFO - Request to files/get_metadata
2025-02-15 23:05:31 - INFO - Request to files/get_metadata
2025-02-15 23:05:31 - INFO - Request to files/get_metadata
2025-02-15 23:05:32 - INFO - Request to files/get_metadata
2025-02-15 23:05:32 - INFO - Request to files/get_metadata
2025-02-15 23:05:33 - INFO - Request to files/get_metadata
2025-02-15 23:05:33 - INFO - Request to files/get_metadata
2025-02-15 23:05:33 - INFO - Request to files/get_metadata
2025-02-15 23:05:33 - INFO - Request to files/get_metadata
2025-02-15 23:05:34 - INFO - Request to files/get_metadata
2025-02-15 23:05:34 - INFO - Request to files/get_metadata
2025-02-15 23:05:34 - INFO - Request to files/get_metadata
2025-02-15 23:05:34 - INFO - Request to files/get_metadata
2025-02-15 23:05:35 - INFO - Request to files/get_metadata
2025-02-15 23:05:35 - INFO - Request to files/get_metadata
2025-02-15 23:05:35 - INFO - Request to files/get_metadata
2025-02-15 23:05:36 - INFO - Request to files/get_metadata
2025-02-15 23:05:36 - INFO - Request to files/get_metadata
2025-02-15 23:05:37 - INFO - Request to files/get_metadata
2025-02-15 23:05:37 - INFO - Request to files/download
2025-02-15 23:05:38 - INFO - Request to files/download
2025-02-15 23:05:39 - INFO - Request to files/download
2025-02-15 23:05:39 - INFO - Request to files/download
2025-02-15 23:05:40 - INFO - Request to files/download
2025-02-15 23:05:41 - INFO - Request to files/download
2025-02-15 23:05:41 - INFO - Request to files/download
2025-02-15 23:05:42 - INFO - Request to files/download
2025-02-15 23:05:42 - INFO - Request to files/download
2025-02-15 23:05:43 - INFO - Request to files/download
2025-02-15 23:05:43 - INFO - Request to files/download
2025-02-15 23:05:44 - INFO - Request to files/download
2025-02-15 23:05:44 - INFO - Request to files/download
2025-02-15 23:05:45 - INFO - Request to files/download
2025-02-15 23:05:46 - INFO - Request to files/download
2025-02-15 23:05:46 - INFO - Request to files/download
2025-02-15 23:05:47 - INFO - Request to files/download
2025-02-15 23:05:48 - INFO - Request to files/download
2025-02-15 23:05:48 - INFO - Request to files/download
2025-02-15 23:05:49 - INFO - Request to files/download
2025-02-15 23:05:49 - INFO - Request to files/download
2025-02-15 23:05:50 - INFO - Request to files/download
2025-02-15 23:05:50 - INFO - Request to files/download
2025-02-15 23:05:51 - INFO - Request to files/download
2025-02-15 23:05:51 - INFO - Request to files/download
2025-02-15 23:05:52 - INFO - Request to files/download
2025-02-15 23:05:52 - INFO - Request to files/download
2025-02-15 23:05:53 - INFO - Request to files/download
2025-02-15 23:05:53 - INFO - Request to files/download
2025-02-15 23:05:54 - INFO - Request to files/download
2025-02-15 23:05:54 - INFO - Request to files/download
2025-02-15 23:05:55 - INFO - Request to files/download
2025-02-15 23:05:55 - INFO - Request to files/download
2025-02-15 23:05:56 - INFO - Request to files/download
2025-02-15 23:05:56 - INFO - Request to files/download
2025-02-15 23:05:57 - INFO - Request to files/download
2025-02-15 23:05:57 - INFO - Request to files/download
2025-02-15 23:05:58 - INFO - Request to files/download
2025-02-15 23:05:58 - INFO - Request to files/download
2025-02-15 23:05:59 - INFO - Request to files/download
2025-02-15 23:06:00 - INFO - Request to files/download
2025-02-15 23:06:00 - INFO - Request to files/download
2025-02-15 23:06:01 - INFO - Request to files/download
2025-02-15 23:06:01 - INFO - Request to files/download
2025-02-15 23:06:02 - INFO - Request to files/download
2025-02-15 23:06:02 - INFO - Request to files/download
2025-02-15 23:06:03 - INFO - Request to files/download
2025-02-15 23:06:03 - INFO - Request to files/download
2025-02-15 23:06:04 - INFO - Request to files/download
2025-02-15 23:06:04 - INFO - Request to files/download
2025-02-15 23:06:05 - INFO - Request to files/download
2025-02-15 23:06:05 - INFO - Request to files/download
2025-02-15 23:06:06 - INFO - Request to files/download
2025-02-15 23:06:07 - INFO - Request to files/download
2025-02-15 23:06:07 - INFO - Request to files/download
2025-02-15 23:06:07 - INFO - Request to files/download
2025-02-15 23:06:08 - INFO - Request to files/download
2025-02-15 23:06:09 - INFO - Request to files/download
2025-02-15 23:06:09 - INFO - Request to files/download
2025-02-15 23:06:10 - INFO - Request to files/download
2025-02-15 23:06:10 - INFO - Request to files/download
2025-02-15 23:06:11 - INFO - Request to files/download
2025-02-15 23:06:11 - INFO - Request to files/download
2025-02-15 23:06:12 - INFO - Request to files/download
2025-02-15 23:06:12 - INFO - Request to files/download
2025-02-15 23:06:13 - INFO - Request to files/download
2025-02-15 23:06:14 - INFO - Request to files/download
2025-02-15 23:06:14 - INFO - Request to files/download
2025-02-15 23:06:15 - INFO - Request to files/download
2025-02-15 23:06:17 - INFO - Request to files/download
2025-02-15 23:06:17 - INFO - Request to files/download
2025-02-15 23:06:18 - INFO - Request to files/download
2025-02-15 23:06:18 - INFO - Request to files/download
2025-02-15 23:06:19 - INFO - Request to files/download
2025-02-15 23:06:19 - INFO - Request to files/download
2025-02-15 23:06:20 - INFO - Request to files/download
2025-02-15 23:06:21 - INFO - Request to files/download
2025-02-15 23:06:22 - INFO - Request to files/download
2025-02-15 23:06:22 - INFO - Request to files/download
2025-02-15 23:06:22 - INFO - Request to files/download
2025-02-15 23:19:14 - INFO - Request to files/get_metadata
2025-02-15 23:19:14 - INFO - Request to files/get_metadata
2025-02-15 23:19:14 - INFO - Request to files/download
2025-02-15 23:19:18 - INFO - Request to files/download
2025-02-15 23:19:20 - INFO - Request to files/get_metadata
2025-02-15 23:19:20 - INFO - Request to files/download
2025-02-15 23:19:21 - INFO - Request to files/get_metadata
2025-02-15 23:19:22 - INFO - Request to files/download
2025-02-15 23:19:23 - INFO - Request to files/get_metadata
2025-02-15 23:19:23 - INFO - Request to files/get_metadata
2025-02-15 23:19:23 - INFO - Request to files/get_metadata
2025-02-15 23:19:24 - INFO - Request to files/get_metadata
2025-02-15 23:19:24 - INFO - Request to files/get_metadata
2025-02-15 23:19:24 - INFO - Request to files/get_metadata
2025-02-15 23:19:24 - INFO - Request to files/get_metadata
2025-02-15 23:19:25 - INFO - Request to files/get_metadata
2025-02-15 23:19:25 - INFO - Request to files/get_metadata
2025-02-15 23:19:25 - INFO - Request to files/get_metadata
2025-02-15 23:19:26 - INFO - Request to files/get_metadata
2025-02-15 23:19:26 - INFO - Request to files/get_metadata
2025-02-15 23:19:26 - INFO - Request to files/get_metadata
2025-02-15 23:19:27 - INFO - Request to files/get_metadata
2025-02-15 23:19:27 - INFO - Request to files/get_metadata
2025-02-15 23:19:27 - INFO - Request to files/get_metadata
2025-02-15 23:19:28 - INFO - Request to files/get_metadata
2025-02-15 23:19:28 - INFO - Request to files/get_metadata
2025-02-15 23:19:28 - INFO - Request to files/get_metadata
2025-02-15 23:19:29 - INFO - Request to files/get_metadata
2025-02-15 23:19:29 - INFO - Request to files/get_metadata
2025-02-15 23:19:29 - INFO - Request to files/get_metadata
2025-02-15 23:19:29 - INFO - Request to files/get_metadata
2025-02-15 23:19:30 - INFO - Request to files/get_metadata
2025-02-15 23:19:30 - INFO - Request to files/get_metadata
2025-02-15 23:20:24 - WARNING - munch is not present in the environment. See https://trading-ig.readthedocs.io/en/latest/faq.html#optional-dependencies
2025-02-15 23:20:25 - INFO - Creating new v2 session for user 'emmanuelDemo' at 'https://demo-api.ig.com/gateway/deal'
2025-02-15 23:20:26 - INFO - POST '/session', resp 200
2025-02-15 23:20:26 - INFO - Request to files/get_metadata
2025-02-15 23:20:26 - INFO - Request to files/get_metadata
2025-02-15 23:20:27 - INFO - Request to files/download
2025-02-15 23:20:30 - INFO - Request to files/download
2025-02-15 23:20:31 - INFO - Request to files/get_metadata
2025-02-15 23:20:32 - INFO - Request to files/download
2025-02-15 23:20:32 - INFO - Request to files/get_metadata
2025-02-15 23:20:33 - INFO - Request to files/download
2025-02-15 23:20:33 - INFO - Request to files/get_metadata
2025-02-15 23:20:34 - INFO - Request to files/get_metadata
2025-02-15 23:20:34 - INFO - Request to files/get_metadata
2025-02-15 23:20:34 - INFO - Request to files/get_metadata
2025-02-15 23:20:35 - INFO - Request to files/get_metadata
2025-02-15 23:20:35 - INFO - Request to files/get_metadata
2025-02-15 23:20:35 - INFO - Request to files/get_metadata
2025-02-15 23:20:35 - INFO - Request to files/get_metadata
2025-02-15 23:20:36 - INFO - Request to files/get_metadata
2025-02-15 23:20:36 - INFO - Request to files/get_metadata
2025-02-15 23:20:37 - INFO - Request to files/get_metadata
2025-02-15 23:20:37 - INFO - Request to files/get_metadata
2025-02-15 23:20:37 - INFO - Request to files/get_metadata
2025-02-15 23:20:37 - INFO - Request to files/get_metadata
2025-02-15 23:20:38 - INFO - Request to files/get_metadata
2025-02-15 23:20:38 - INFO - Request to files/get_metadata
2025-02-15 23:20:38 - INFO - Request to files/get_metadata
2025-02-15 23:20:39 - INFO - Request to files/get_metadata
2025-02-15 23:20:39 - INFO - Request to files/get_metadata
2025-02-15 23:20:39 - INFO - Request to files/get_metadata
2025-02-15 23:20:39 - INFO - Request to files/get_metadata
2025-02-15 23:20:40 - INFO - Request to files/get_metadata
2025-02-15 23:20:40 - INFO - Request to files/get_metadata
2025-02-15 23:20:40 - INFO - Request to files/get_metadata
2025-02-15 23:20:41 - INFO - Request to files/get_metadata
2025-02-15 23:20:42 - INFO - Request to files/get_metadata
2025-02-15 23:20:42 - INFO - Request to files/get_metadata
2025-02-15 23:20:42 - INFO - Request to files/get_metadata
2025-02-15 23:20:43 - INFO - Request to files/get_metadata
2025-02-15 23:20:43 - INFO - Request to files/get_metadata
2025-02-15 23:20:44 - INFO - Request to files/get_metadata
2025-02-15 23:20:44 - INFO - Request to files/get_metadata
2025-02-15 23:20:44 - INFO - Request to files/get_metadata
2025-02-15 23:20:45 - INFO - Request to files/get_metadata
2025-02-15 23:20:45 - INFO - Request to files/get_metadata
2025-02-15 23:20:45 - INFO - Request to files/get_metadata
2025-02-15 23:20:45 - INFO - Request to files/get_metadata
2025-02-15 23:20:46 - INFO - Request to files/get_metadata
2025-02-15 23:20:46 - INFO - Request to files/get_metadata
2025-02-15 23:20:46 - INFO - Request to files/get_metadata
2025-02-15 23:20:47 - INFO - Request to files/get_metadata
2025-02-15 23:20:47 - INFO - Request to files/get_metadata
2025-02-15 23:20:47 - INFO - Request to files/get_metadata
2025-02-15 23:20:47 - INFO - Request to files/get_metadata
2025-02-15 23:20:48 - INFO - Request to files/get_metadata
2025-02-15 23:20:48 - INFO - Request to files/get_metadata
2025-02-15 23:20:49 - INFO - Request to files/get_metadata
2025-02-15 23:20:49 - INFO - Request to files/get_metadata
2025-02-15 23:20:50 - INFO - Request to files/get_metadata
2025-02-15 23:20:51 - INFO - Request to files/get_metadata
2025-02-15 23:20:51 - INFO - Request to files/get_metadata
2025-02-15 23:20:51 - INFO - Request to files/get_metadata
2025-02-15 23:20:52 - INFO - Request to files/get_metadata
2025-02-15 23:20:52 - INFO - Request to files/get_metadata
2025-02-15 23:20:52 - INFO - Request to files/get_metadata
2025-02-15 23:20:52 - INFO - Request to files/get_metadata
2025-02-15 23:20:53 - INFO - Request to files/get_metadata
2025-02-15 23:20:53 - INFO - Request to files/get_metadata
2025-02-15 23:20:53 - INFO - Request to files/get_metadata
2025-02-15 23:20:54 - INFO - Request to files/get_metadata
2025-02-15 23:20:54 - INFO - Request to files/get_metadata
2025-02-15 23:20:54 - INFO - Request to files/get_metadata
2025-02-15 23:20:54 - INFO - Request to files/get_metadata
2025-02-15 23:20:55 - INFO - Request to files/get_metadata
2025-02-15 23:20:55 - INFO - Request to files/get_metadata
2025-02-15 23:20:56 - INFO - Request to files/get_metadata
2025-02-15 23:20:56 - INFO - Request to files/get_metadata
2025-02-15 23:20:56 - INFO - Request to files/get_metadata
2025-02-15 23:20:57 - INFO - Request to files/get_metadata
2025-02-15 23:20:57 - INFO - Request to files/get_metadata
2025-02-15 23:20:57 - INFO - Request to files/get_metadata
2025-02-15 23:20:57 - INFO - Request to files/get_metadata
2025-02-15 23:20:58 - INFO - Request to files/get_metadata
2025-02-15 23:20:58 - INFO - Request to files/get_metadata
2025-02-15 23:20:58 - INFO - Request to files/get_metadata
2025-02-15 23:20:59 - INFO - Request to files/get_metadata
2025-02-15 23:20:59 - INFO - Request to files/get_metadata
2025-02-15 23:20:59 - INFO - Request to files/get_metadata
2025-02-15 23:20:59 - INFO - Request to files/get_metadata
2025-02-15 23:21:00 - INFO - Request to files/get_metadata
2025-02-15 23:21:00 - INFO - Request to files/download
2025-02-15 23:21:01 - INFO - Request to files/download
2025-02-15 23:21:01 - INFO - Request to files/download
2025-02-15 23:21:02 - INFO - Request to files/download
2025-02-15 23:21:02 - INFO - Request to files/download
2025-02-15 23:21:03 - INFO - Request to files/download
2025-02-15 23:21:03 - INFO - Request to files/download
2025-02-15 23:21:04 - INFO - Request to files/download
2025-02-15 23:21:04 - INFO - Request to files/download
2025-02-15 23:21:05 - INFO - Request to files/download
2025-02-15 23:21:05 - INFO - Request to files/download
2025-02-15 23:21:06 - INFO - Request to files/download
2025-02-15 23:21:06 - INFO - Request to files/download
2025-02-15 23:21:07 - INFO - Request to files/download
2025-02-15 23:21:07 - INFO - Request to files/download
2025-02-15 23:21:08 - INFO - Request to files/download
2025-02-15 23:21:08 - INFO - Request to files/download
2025-02-15 23:21:09 - INFO - Request to files/download
2025-02-15 23:21:09 - INFO - Request to files/download
2025-02-15 23:21:10 - INFO - Request to files/download
2025-02-15 23:21:11 - INFO - Request to files/download
2025-02-15 23:21:11 - INFO - Request to files/download
2025-02-15 23:21:12 - INFO - Request to files/download
2025-02-15 23:21:12 - INFO - Request to files/download
2025-02-15 23:21:13 - INFO - Request to files/download
2025-02-15 23:21:13 - INFO - Request to files/download
2025-02-15 23:21:14 - INFO - Request to files/download
2025-02-15 23:21:15 - INFO - Request to files/download
2025-02-15 23:21:15 - INFO - Request to files/download
2025-02-15 23:21:16 - INFO - Request to files/download
2025-02-15 23:21:16 - INFO - Request to files/download
2025-02-15 23:21:17 - INFO - Request to files/download
2025-02-15 23:21:17 - INFO - Request to files/download
2025-02-15 23:21:18 - INFO - Request to files/download
2025-02-15 23:21:18 - INFO - Request to files/download
2025-02-15 23:21:19 - INFO - Request to files/download
2025-02-15 23:21:19 - INFO - Request to files/download
2025-02-15 23:21:20 - INFO - Request to files/download
2025-02-15 23:21:20 - INFO - Request to files/download
2025-02-15 23:21:21 - INFO - Request to files/download
2025-02-15 23:21:21 - INFO - Request to files/download
2025-02-15 23:21:22 - INFO - Request to files/download
2025-02-15 23:21:23 - INFO - Request to files/download
2025-02-15 23:21:23 - INFO - Request to files/download
2025-02-15 23:21:24 - INFO - Request to files/download
2025-02-15 23:21:24 - INFO - Request to files/download
2025-02-15 23:21:25 - INFO - Request to files/download
2025-02-15 23:21:25 - INFO - Request to files/download
2025-02-15 23:21:26 - INFO - Request to files/download
2025-02-15 23:21:26 - INFO - Request to files/download
2025-02-15 23:21:27 - INFO - Request to files/download
2025-02-15 23:21:27 - INFO - Request to files/download
2025-02-15 23:21:28 - INFO - Request to files/download
2025-02-15 23:21:28 - INFO - Request to files/download
2025-02-15 23:21:29 - INFO - Request to files/download
2025-02-15 23:21:29 - INFO - Request to files/download
2025-02-15 23:21:30 - INFO - Request to files/download
2025-02-15 23:21:30 - INFO - Request to files/download
2025-02-15 23:21:31 - INFO - Request to files/download
2025-02-15 23:21:32 - INFO - Request to files/download
2025-02-15 23:21:32 - INFO - Request to files/download
2025-02-15 23:21:33 - INFO - Request to files/download
2025-02-15 23:21:34 - INFO - Request to files/download
2025-02-15 23:21:35 - INFO - Request to files/download
2025-02-15 23:21:35 - INFO - Request to files/download
2025-02-15 23:21:36 - INFO - Request to files/download
2025-02-15 23:21:37 - INFO - Request to files/download
2025-02-15 23:21:37 - INFO - Request to files/download
2025-02-15 23:21:38 - INFO - Request to files/download
2025-02-15 23:21:38 - INFO - Request to files/download
2025-02-15 23:21:39 - INFO - Request to files/download
2025-02-15 23:21:39 - INFO - Request to files/download
2025-02-15 23:21:40 - INFO - Request to files/download
2025-02-15 23:21:40 - INFO - Request to files/download
2025-02-15 23:21:41 - INFO - Request to files/download
2025-02-15 23:21:42 - INFO - Request to files/download
2025-02-15 23:21:43 - INFO - Request to files/download
2025-02-15 23:21:44 - INFO - Request to files/download
2025-02-15 23:21:44 - INFO - Request to files/download
2025-02-15 23:21:44 - INFO - Request to files/download
2025-02-15 23:42:40 - INFO - Best Threshold: 0.60, Precision: 1.0000, Reward: 1 Test Prec 0.0 Test reward 0 Mean 0.0 Features: ('macd_max', 'adx_max_48', 'ema_20_channel', 'rsi_convergence5_40') RandomForestClassifier
2025-02-15 23:42:40 - INFO - Request to files/get_metadata
2025-02-15 23:42:40 - INFO - Request to files/get_metadata
2025-02-15 23:42:40 - INFO - Request to files/download
2025-02-15 23:42:43 - INFO - Request to files/download
2025-02-15 23:42:44 - INFO - Request to files/get_metadata
2025-02-15 23:42:45 - INFO - Request to files/download
2025-02-15 23:42:45 - INFO - Request to files/get_metadata
2025-02-15 23:42:46 - INFO - Request to files/download
2025-02-15 23:42:46 - INFO - Request to files/get_metadata
2025-02-15 23:42:47 - INFO - Request to files/get_metadata
2025-02-15 23:42:47 - INFO - Request to files/get_metadata
2025-02-15 23:42:47 - INFO - Request to files/get_metadata
2025-02-15 23:42:48 - INFO - Request to files/get_metadata
2025-02-15 23:42:48 - INFO - Request to files/get_metadata
2025-02-15 23:42:48 - INFO - Request to files/get_metadata
2025-02-15 23:42:48 - INFO - Request to files/get_metadata
2025-02-15 23:42:49 - INFO - Request to files/get_metadata
2025-02-15 23:42:49 - INFO - Request to files/get_metadata
2025-02-15 23:42:49 - INFO - Request to files/get_metadata
2025-02-15 23:42:50 - INFO - Request to files/get_metadata
2025-02-15 23:42:50 - INFO - Request to files/get_metadata
2025-02-15 23:42:51 - INFO - Request to files/get_metadata
2025-02-15 23:42:51 - INFO - Request to files/get_metadata
2025-02-15 23:42:51 - INFO - Request to files/get_metadata
2025-02-15 23:42:52 - INFO - Request to files/get_metadata
2025-02-15 23:42:52 - INFO - Request to files/get_metadata
2025-02-15 23:42:52 - INFO - Request to files/get_metadata
2025-02-15 23:42:52 - INFO - Request to files/get_metadata
2025-02-15 23:42:53 - INFO - Request to files/get_metadata
2025-02-15 23:42:53 - INFO - Request to files/get_metadata
2025-02-15 23:42:53 - INFO - Request to files/get_metadata
2025-02-15 23:42:54 - INFO - Request to files/get_metadata
2025-02-15 23:42:54 - INFO - Request to files/get_metadata
2025-02-15 23:42:54 - INFO - Request to files/get_metadata
2025-02-15 23:42:55 - INFO - Request to files/get_metadata
2025-02-15 23:42:55 - INFO - Request to files/get_metadata
2025-02-15 23:42:55 - INFO - Request to files/get_metadata
2025-02-15 23:42:55 - INFO - Request to files/get_metadata
2025-02-15 23:42:56 - INFO - Request to files/get_metadata
2025-02-15 23:42:56 - INFO - Request to files/get_metadata
2025-02-15 23:42:56 - INFO - Request to files/get_metadata
2025-02-15 23:42:57 - INFO - Request to files/get_metadata
2025-02-15 23:42:57 - INFO - Request to files/get_metadata
2025-02-15 23:42:57 - INFO - Request to files/get_metadata
2025-02-15 23:42:57 - INFO - Request to files/get_metadata
2025-02-15 23:42:58 - INFO - Request to files/get_metadata
2025-02-15 23:42:58 - INFO - Request to files/get_metadata
2025-02-15 23:42:58 - INFO - Request to files/get_metadata
2025-02-15 23:42:59 - INFO - Request to files/get_metadata
2025-02-15 23:42:59 - INFO - Request to files/get_metadata
2025-02-15 23:42:59 - INFO - Request to files/get_metadata
2025-02-15 23:42:59 - INFO - Request to files/get_metadata
2025-02-15 23:43:00 - INFO - Request to files/get_metadata
2025-02-15 23:43:00 - INFO - Request to files/get_metadata
2025-02-15 23:43:00 - INFO - Request to files/get_metadata
2025-02-15 23:43:01 - INFO - Request to files/get_metadata
2025-02-15 23:43:01 - INFO - Request to files/get_metadata
2025-02-15 23:43:01 - INFO - Request to files/get_metadata
2025-02-15 23:43:02 - INFO - Request to files/get_metadata
2025-02-15 23:43:02 - INFO - Request to files/get_metadata
2025-02-15 23:43:02 - INFO - Request to files/get_metadata
2025-02-15 23:43:02 - INFO - Request to files/get_metadata
2025-02-15 23:43:03 - INFO - Request to files/get_metadata
2025-02-15 23:43:03 - INFO - Request to files/get_metadata
2025-02-15 23:43:03 - INFO - Request to files/get_metadata
2025-02-15 23:43:04 - INFO - Request to files/get_metadata
2025-02-15 23:43:04 - INFO - Request to files/get_metadata
2025-02-15 23:43:04 - INFO - Request to files/get_metadata
2025-02-15 23:43:05 - INFO - Request to files/get_metadata
2025-02-15 23:43:05 - INFO - Request to files/get_metadata
2025-02-15 23:43:05 - INFO - Request to files/get_metadata
2025-02-15 23:43:06 - INFO - Request to files/get_metadata
2025-02-15 23:43:06 - INFO - Request to files/get_metadata
2025-02-15 23:43:06 - INFO - Request to files/get_metadata
2025-02-15 23:43:07 - INFO - Request to files/get_metadata
2025-02-15 23:43:07 - INFO - Request to files/get_metadata
2025-02-15 23:43:07 - INFO - Request to files/get_metadata
2025-02-15 23:43:08 - INFO - Request to files/get_metadata
2025-02-15 23:43:08 - INFO - Request to files/get_metadata
2025-02-15 23:43:08 - INFO - Request to files/get_metadata
2025-02-15 23:43:08 - INFO - Request to files/get_metadata
2025-02-15 23:43:09 - INFO - Request to files/get_metadata
2025-02-15 23:43:09 - INFO - Request to files/get_metadata
2025-02-15 23:43:09 - INFO - Request to files/get_metadata
2025-02-15 23:43:10 - INFO - Request to files/get_metadata
2025-02-15 23:43:11 - INFO - Request to files/get_metadata
2025-02-15 23:43:11 - INFO - Request to files/get_metadata
2025-02-15 23:43:12 - INFO - Request to files/get_metadata
2025-02-15 23:43:12 - INFO - Request to files/download
2025-02-15 23:43:12 - INFO - Request to files/download
2025-02-15 23:43:13 - INFO - Request to files/download
2025-02-15 23:43:13 - INFO - Request to files/download
2025-02-15 23:43:14 - INFO - Request to files/download
2025-02-15 23:43:14 - INFO - Request to files/download
2025-02-15 23:43:15 - INFO - Request to files/download
2025-02-15 23:43:15 - INFO - Request to files/download
2025-02-15 23:43:16 - INFO - Request to files/download
2025-02-15 23:43:16 - INFO - Request to files/download
2025-02-15 23:43:17 - INFO - Request to files/download
2025-02-15 23:43:17 - INFO - Request to files/download
2025-02-15 23:43:18 - INFO - Request to files/download
2025-02-15 23:43:19 - INFO - Request to files/download
2025-02-15 23:43:19 - INFO - Request to files/download
2025-02-15 23:43:20 - INFO - Request to files/download
2025-02-15 23:43:20 - INFO - Request to files/download
2025-02-15 23:43:20 - INFO - Request to files/download
2025-02-15 23:43:21 - INFO - Request to files/download
2025-02-15 23:43:21 - INFO - Request to files/download
2025-02-15 23:43:22 - INFO - Request to files/download
2025-02-15 23:43:22 - INFO - Request to files/download
2025-02-15 23:43:23 - INFO - Request to files/download
2025-02-15 23:43:24 - INFO - Request to files/download
2025-02-15 23:43:25 - INFO - Request to files/download
2025-02-15 23:43:25 - INFO - Request to files/download
2025-02-15 23:43:25 - INFO - Request to files/download
2025-02-15 23:43:26 - INFO - Request to files/download
2025-02-15 23:43:27 - INFO - Request to files/download
2025-02-15 23:43:27 - INFO - Request to files/download
2025-02-15 23:43:28 - INFO - Request to files/download
2025-02-15 23:43:28 - INFO - Request to files/download
2025-02-15 23:43:29 - INFO - Request to files/download
2025-02-15 23:43:29 - INFO - Request to files/download
2025-02-15 23:43:30 - INFO - Request to files/download
2025-02-15 23:43:30 - INFO - Request to files/download
2025-02-15 23:43:31 - INFO - Request to files/download
2025-02-15 23:43:31 - INFO - Request to files/download
2025-02-15 23:43:32 - INFO - Request to files/download
2025-02-15 23:43:32 - INFO - Request to files/download
2025-02-15 23:43:33 - INFO - Request to files/download
2025-02-15 23:43:34 - INFO - Request to files/download
2025-02-15 23:43:34 - INFO - Request to files/download
2025-02-15 23:43:35 - INFO - Request to files/download
2025-02-15 23:43:35 - INFO - Request to files/download
2025-02-15 23:43:36 - INFO - Request to files/download
2025-02-15 23:43:36 - INFO - Request to files/download
2025-02-15 23:43:37 - INFO - Request to files/download
2025-02-15 23:43:37 - INFO - Request to files/download
2025-02-15 23:43:38 - INFO - Request to files/download
2025-02-15 23:43:39 - INFO - Request to files/download
2025-02-15 23:43:39 - INFO - Request to files/download
2025-02-15 23:43:40 - INFO - Request to files/download
2025-02-15 23:43:40 - INFO - Request to files/download
2025-02-15 23:43:40 - INFO - Request to files/download
2025-02-15 23:43:41 - INFO - Request to files/download
2025-02-15 23:43:42 - INFO - Request to files/download
2025-02-15 23:43:42 - INFO - Request to files/download
2025-02-15 23:43:43 - INFO - Request to files/download
2025-02-15 23:43:43 - INFO - Request to files/download
2025-02-15 23:43:44 - INFO - Request to files/download
2025-02-15 23:43:44 - INFO - Request to files/download
2025-02-15 23:43:45 - INFO - Request to files/download
2025-02-15 23:43:45 - INFO - Request to files/download
2025-02-15 23:43:46 - INFO - Request to files/download
2025-02-15 23:43:46 - INFO - Request to files/download
2025-02-15 23:43:47 - INFO - Request to files/download
2025-02-15 23:43:47 - INFO - Request to files/download
2025-02-15 23:43:48 - INFO - Request to files/download
2025-02-15 23:43:48 - INFO - Request to files/download
2025-02-15 23:43:49 - INFO - Request to files/download
2025-02-15 23:43:49 - INFO - Request to files/download
2025-02-15 23:43:50 - INFO - Request to files/download
2025-02-15 23:43:50 - INFO - Request to files/download
2025-02-15 23:43:51 - INFO - Request to files/download
2025-02-15 23:43:51 - INFO - Request to files/download
2025-02-15 23:43:52 - INFO - Request to files/download
2025-02-15 23:43:52 - INFO - Request to files/download
2025-02-15 23:43:53 - INFO - Request to files/download
2025-02-15 23:43:54 - INFO - Request to files/download
2025-02-16 00:03:01 - INFO - Best Threshold: 0.45, Precision: 1.0000, Reward: 6 Test Prec 0.6666666666666666 Test reward 1 Mean 1.0 Features: ('macd_max', 'rsi_convergence', 'ema_20_channel', 'adx_max_4h', 'adx') RandomForestClassifier
2025-02-16 00:03:01 - INFO - Request to files/get_metadata
2025-02-16 00:03:01 - INFO - Request to files/get_metadata
2025-02-16 00:03:02 - INFO - Request to files/download
2025-02-16 00:03:04 - INFO - Request to files/download
2025-02-16 00:03:06 - INFO - Request to files/get_metadata
2025-02-16 00:03:06 - INFO - Request to files/download
2025-02-16 00:03:07 - INFO - Request to files/get_metadata
2025-02-16 00:03:07 - INFO - Request to files/download
2025-02-16 00:03:08 - INFO - Request to files/get_metadata
2025-02-16 00:03:08 - INFO - Request to files/get_metadata
2025-02-16 00:03:08 - INFO - Request to files/get_metadata
2025-02-16 00:03:09 - INFO - Request to files/get_metadata
2025-02-16 00:03:09 - INFO - Request to files/get_metadata
2025-02-16 00:03:09 - INFO - Request to files/get_metadata
2025-02-16 00:03:09 - INFO - Request to files/get_metadata
2025-02-16 00:03:10 - INFO - Request to files/get_metadata
2025-02-16 00:03:10 - INFO - Request to files/get_metadata
2025-02-16 00:03:10 - INFO - Request to files/get_metadata
2025-02-16 00:03:11 - INFO - Request to files/get_metadata
2025-02-16 00:03:11 - INFO - Request to files/get_metadata
2025-02-16 00:03:11 - INFO - Request to files/get_metadata
2025-02-16 00:03:12 - INFO - Request to files/get_metadata
2025-02-16 00:03:12 - INFO - Request to files/get_metadata
2025-02-16 00:03:12 - INFO - Request to files/get_metadata
2025-02-16 00:03:12 - INFO - Request to files/get_metadata
2025-02-16 00:03:13 - INFO - Request to files/get_metadata
2025-02-16 00:03:13 - INFO - Request to files/get_metadata
2025-02-16 00:03:14 - INFO - Request to files/get_metadata
2025-02-16 00:03:14 - INFO - Request to files/get_metadata
2025-02-16 00:03:15 - INFO - Request to files/get_metadata
2025-02-16 00:03:15 - INFO - Request to files/get_metadata
2025-02-16 00:03:15 - INFO - Request to files/get_metadata
2025-02-16 00:03:16 - INFO - Request to files/get_metadata
2025-02-16 00:03:16 - INFO - Request to files/get_metadata
2025-02-16 00:03:16 - INFO - Request to files/get_metadata
2025-02-16 00:03:17 - INFO - Request to files/get_metadata
2025-02-16 00:03:17 - INFO - Request to files/get_metadata
2025-02-16 00:03:17 - INFO - Request to files/get_metadata
2025-02-16 00:03:17 - INFO - Request to files/get_metadata
2025-02-16 00:03:18 - INFO - Request to files/get_metadata
2025-02-16 00:03:18 - INFO - Request to files/get_metadata
2025-02-16 00:03:19 - INFO - Request to files/get_metadata
2025-02-16 00:03:19 - INFO - Request to files/get_metadata
2025-02-16 00:03:20 - INFO - Request to files/get_metadata
2025-02-16 00:03:20 - INFO - Request to files/get_metadata
2025-02-16 00:03:21 - INFO - Request to files/get_metadata
2025-02-16 00:03:21 - INFO - Request to files/get_metadata
2025-02-16 00:03:22 - INFO - Request to files/get_metadata
2025-02-16 00:03:22 - INFO - Request to files/get_metadata
2025-02-16 00:03:22 - INFO - Request to files/get_metadata
2025-02-16 00:03:23 - INFO - Request to files/get_metadata
2025-02-16 00:03:23 - INFO - Request to files/get_metadata
2025-02-16 00:03:23 - INFO - Request to files/get_metadata
2025-02-16 00:03:23 - INFO - Request to files/get_metadata
2025-02-16 00:03:24 - INFO - Request to files/get_metadata
2025-02-16 00:03:24 - INFO - Request to files/get_metadata
2025-02-16 00:03:24 - INFO - Request to files/get_metadata
2025-02-16 00:03:25 - INFO - Request to files/get_metadata
2025-02-16 00:03:25 - INFO - Request to files/get_metadata
2025-02-16 00:03:25 - INFO - Request to files/get_metadata
2025-02-16 00:03:25 - INFO - Request to files/get_metadata
2025-02-16 00:03:26 - INFO - Request to files/get_metadata
2025-02-16 00:03:26 - INFO - Request to files/get_metadata
2025-02-16 00:03:26 - INFO - Request to files/get_metadata
2025-02-16 00:03:27 - INFO - Request to files/get_metadata
2025-02-16 00:03:27 - INFO - Request to files/get_metadata
2025-02-16 00:03:27 - INFO - Request to files/get_metadata
2025-02-16 00:03:27 - INFO - Request to files/get_metadata
2025-02-16 00:03:28 - INFO - Request to files/get_metadata
2025-02-16 00:03:28 - INFO - Request to files/get_metadata
2025-02-16 00:03:28 - INFO - Request to files/get_metadata
2025-02-16 00:03:29 - INFO - Request to files/get_metadata
2025-02-16 00:03:29 - INFO - Request to files/get_metadata
2025-02-16 00:03:29 - INFO - Request to files/get_metadata
2025-02-16 00:03:29 - INFO - Request to files/get_metadata
2025-02-16 00:03:30 - INFO - Request to files/get_metadata
2025-02-16 00:03:30 - INFO - Request to files/get_metadata
2025-02-16 00:03:30 - INFO - Request to files/get_metadata
2025-02-16 00:03:31 - INFO - Request to files/get_metadata
2025-02-16 00:03:31 - INFO - Request to files/get_metadata
2025-02-16 00:03:31 - INFO - Request to files/get_metadata
2025-02-16 00:03:31 - INFO - Request to files/get_metadata
2025-02-16 00:03:32 - INFO - Request to files/get_metadata
2025-02-16 00:03:32 - INFO - Request to files/get_metadata
2025-02-16 00:03:33 - INFO - Request to files/get_metadata
2025-02-16 00:03:33 - INFO - Request to files/get_metadata
2025-02-16 00:03:34 - INFO - Request to files/get_metadata
2025-02-16 00:03:34 - INFO - Request to files/get_metadata
2025-02-16 00:03:34 - INFO - Request to files/download
2025-02-16 00:03:35 - INFO - Request to files/download
2025-02-16 00:03:36 - INFO - Request to files/download
2025-02-16 00:03:37 - INFO - Request to files/download
2025-02-16 00:03:37 - INFO - Request to files/download
2025-02-16 00:03:38 - INFO - Request to files/download
2025-02-16 00:03:38 - INFO - Request to files/download
2025-02-16 00:03:39 - INFO - Request to files/download
2025-02-16 00:03:39 - INFO - Request to files/download
2025-02-16 00:03:40 - INFO - Request to files/download
2025-02-16 00:03:40 - INFO - Request to files/download
2025-02-16 00:03:41 - INFO - Request to files/download
2025-02-16 00:03:41 - INFO - Request to files/download
2025-02-16 00:03:42 - INFO - Request to files/download
2025-02-16 00:03:42 - INFO - Request to files/download
2025-02-16 00:03:43 - INFO - Request to files/download
2025-02-16 00:03:43 - INFO - Request to files/download
2025-02-16 00:03:44 - INFO - Request to files/download
2025-02-16 00:03:44 - INFO - Request to files/download
2025-02-16 00:03:45 - INFO - Request to files/download
2025-02-16 00:03:46 - INFO - Request to files/download
2025-02-16 00:03:46 - INFO - Request to files/download
2025-02-16 00:03:47 - INFO - Request to files/download
2025-02-16 00:03:47 - INFO - Request to files/download
2025-02-16 00:03:48 - INFO - Request to files/download
2025-02-16 00:03:48 - INFO - Request to files/download
2025-02-16 00:03:48 - INFO - Request to files/download
2025-02-16 00:03:49 - INFO - Request to files/download
2025-02-16 00:03:50 - INFO - Request to files/download
2025-02-16 00:03:50 - INFO - Request to files/download
2025-02-16 00:03:51 - INFO - Request to files/download
2025-02-16 00:03:51 - INFO - Request to files/download
2025-02-16 00:03:52 - INFO - Request to files/download
2025-02-16 00:03:52 - INFO - Request to files/download
2025-02-16 00:03:53 - INFO - Request to files/download
2025-02-16 00:03:53 - INFO - Request to files/download
2025-02-16 00:03:54 - INFO - Request to files/download
2025-02-16 00:03:54 - INFO - Request to files/download
2025-02-16 00:03:55 - INFO - Request to files/download
2025-02-16 00:03:55 - INFO - Request to files/download
2025-02-16 00:03:56 - INFO - Request to files/download
2025-02-16 00:03:56 - INFO - Request to files/download
2025-02-16 00:03:57 - INFO - Request to files/download
2025-02-16 00:03:57 - INFO - Request to files/download
2025-02-16 00:03:58 - INFO - Request to files/download
2025-02-16 00:03:59 - INFO - Request to files/download
2025-02-16 00:04:00 - INFO - Request to files/download
2025-02-16 00:04:00 - INFO - Request to files/download
2025-02-16 00:04:01 - INFO - Request to files/download
2025-02-16 00:04:01 - INFO - Request to files/download
2025-02-16 00:04:02 - INFO - Request to files/download
2025-02-16 00:04:02 - INFO - Request to files/download
2025-02-16 00:04:02 - INFO - Request to files/download
2025-02-16 00:04:03 - INFO - Request to files/download
2025-02-16 00:04:04 - INFO - Request to files/download
2025-02-16 00:04:04 - INFO - Request to files/download
2025-02-16 00:04:04 - INFO - Request to files/download
2025-02-16 00:04:05 - INFO - Request to files/download
2025-02-16 00:04:05 - INFO - Request to files/download
2025-02-16 00:04:06 - INFO - Request to files/download
2025-02-16 00:04:07 - INFO - Request to files/download
2025-02-16 00:04:07 - INFO - Request to files/download
2025-02-16 00:04:08 - INFO - Request to files/download
2025-02-16 00:04:08 - INFO - Request to files/download
2025-02-16 00:04:09 - INFO - Request to files/download
2025-02-16 00:04:09 - INFO - Request to files/download
2025-02-16 00:04:10 - INFO - Request to files/download
2025-02-16 00:04:10 - INFO - Request to files/download
2025-02-16 00:04:11 - INFO - Request to files/download
2025-02-16 00:04:12 - INFO - Request to files/download
2025-02-16 00:04:12 - INFO - Request to files/download
2025-02-16 00:04:13 - INFO - Request to files/download
2025-02-16 00:04:13 - INFO - Request to files/download
2025-02-16 00:04:14 - INFO - Request to files/download
2025-02-16 00:04:14 - INFO - Request to files/download
2025-02-16 00:04:15 - INFO - Request to files/download
2025-02-16 00:04:15 - INFO - Request to files/download
2025-02-16 00:04:16 - INFO - Request to files/download
2025-02-16 00:04:16 - INFO - Request to files/download
2025-02-16 00:04:17 - INFO - Request to files/download
2025-02-16 00:26:22 - INFO - Best Threshold: 0.60, Precision: 1.0000, Reward: 1 Test Prec 0.0 Test reward 0 Mean 0.0 Features: ('macd_max', 'rsi_limit_4h', 'ema_20_channel', 'macd_slope_4h') RandomForestClassifier
2025-02-16 00:26:22 - INFO - Request to files/get_metadata
2025-02-16 00:26:23 - INFO - Request to files/get_metadata
2025-02-16 00:26:23 - INFO - Request to files/download
2025-02-16 00:26:26 - INFO - Request to files/download
2025-02-16 00:26:27 - INFO - Request to files/get_metadata
2025-02-16 00:26:27 - INFO - Request to files/download
2025-02-16 00:26:28 - INFO - Request to files/get_metadata
2025-02-16 00:26:28 - INFO - Request to files/download
2025-02-16 00:26:29 - INFO - Request to files/get_metadata
2025-02-16 00:26:29 - INFO - Request to files/get_metadata
2025-02-16 00:26:30 - INFO - Request to files/get_metadata
2025-02-16 00:26:30 - INFO - Request to files/get_metadata
2025-02-16 00:26:30 - INFO - Request to files/get_metadata
2025-02-16 00:26:31 - INFO - Request to files/get_metadata
2025-02-16 00:26:31 - INFO - Request to files/get_metadata
2025-02-16 00:26:31 - INFO - Request to files/get_metadata
2025-02-16 00:26:32 - INFO - Request to files/get_metadata
2025-02-16 00:26:32 - INFO - Request to files/get_metadata
2025-02-16 00:26:32 - INFO - Request to files/get_metadata
2025-02-16 00:26:32 - INFO - Request to files/get_metadata
2025-02-16 00:26:33 - INFO - Request to files/get_metadata
2025-02-16 00:26:33 - INFO - Request to files/get_metadata
2025-02-16 00:26:33 - INFO - Request to files/get_metadata
2025-02-16 00:26:34 - INFO - Request to files/get_metadata
2025-02-16 00:26:34 - INFO - Request to files/get_metadata
2025-02-16 00:26:34 - INFO - Request to files/get_metadata
2025-02-16 00:26:35 - INFO - Request to files/get_metadata
2025-02-16 00:26:35 - INFO - Request to files/get_metadata
2025-02-16 00:26:35 - INFO - Request to files/get_metadata
2025-02-16 00:26:35 - INFO - Request to files/get_metadata
2025-02-16 00:26:36 - INFO - Request to files/get_metadata
2025-02-16 00:26:36 - INFO - Request to files/get_metadata
2025-02-16 00:26:36 - INFO - Request to files/get_metadata
2025-02-16 00:26:37 - INFO - Request to files/get_metadata
2025-02-16 00:26:37 - INFO - Request to files/get_metadata
2025-02-16 00:26:37 - INFO - Request to files/get_metadata
2025-02-16 00:26:37 - INFO - Request to files/get_metadata
2025-02-16 00:26:38 - INFO - Request to files/get_metadata
2025-02-16 00:26:38 - INFO - Request to files/get_metadata
2025-02-16 00:26:38 - INFO - Request to files/get_metadata
2025-02-16 00:26:39 - INFO - Request to files/get_metadata
2025-02-16 00:26:39 - INFO - Request to files/get_metadata
2025-02-16 00:26:39 - INFO - Request to files/get_metadata
2025-02-16 00:26:39 - INFO - Request to files/get_metadata
2025-02-16 00:26:40 - INFO - Request to files/get_metadata
2025-02-16 00:26:40 - INFO - Request to files/get_metadata
2025-02-16 00:26:41 - INFO - Request to files/get_metadata
2025-02-16 00:26:41 - INFO - Request to files/get_metadata
2025-02-16 00:26:42 - INFO - Request to files/get_metadata
2025-02-16 00:26:42 - INFO - Request to files/get_metadata
2025-02-16 00:26:42 - INFO - Request to files/get_metadata
2025-02-16 00:26:43 - INFO - Request to files/get_metadata
2025-02-16 00:26:43 - INFO - Request to files/get_metadata
2025-02-16 00:26:43 - INFO - Request to files/get_metadata
2025-02-16 00:26:44 - INFO - Request to files/get_metadata
2025-02-16 00:26:44 - INFO - Request to files/get_metadata
2025-02-16 00:26:45 - INFO - Request to files/get_metadata
2025-02-16 00:26:45 - INFO - Request to files/get_metadata
2025-02-16 00:26:45 - INFO - Request to files/get_metadata
2025-02-16 00:26:45 - INFO - Request to files/get_metadata
2025-02-16 00:26:46 - INFO - Request to files/get_metadata
2025-02-16 00:26:46 - INFO - Request to files/get_metadata
2025-02-16 00:26:47 - INFO - Request to files/get_metadata
2025-02-16 00:26:47 - INFO - Request to files/get_metadata
2025-02-16 00:26:47 - INFO - Request to files/get_metadata
2025-02-16 00:26:47 - INFO - Request to files/get_metadata
2025-02-16 00:26:48 - INFO - Request to files/get_metadata
2025-02-16 00:26:48 - INFO - Request to files/get_metadata
2025-02-16 00:26:48 - INFO - Request to files/get_metadata
2025-02-16 00:26:49 - INFO - Request to files/get_metadata
2025-02-16 00:26:49 - INFO - Request to files/get_metadata
2025-02-16 00:26:49 - INFO - Request to files/get_metadata
2025-02-16 00:26:50 - INFO - Request to files/get_metadata
2025-02-16 00:26:50 - INFO - Request to files/get_metadata
2025-02-16 00:26:50 - INFO - Request to files/get_metadata
2025-02-16 00:26:50 - INFO - Request to files/get_metadata
2025-02-16 00:26:51 - INFO - Request to files/get_metadata
2025-02-16 00:26:51 - INFO - Request to files/get_metadata
2025-02-16 00:26:51 - INFO - Request to files/get_metadata
2025-02-16 00:26:52 - INFO - Request to files/get_metadata
2025-02-16 00:26:52 - INFO - Request to files/get_metadata
2025-02-16 00:26:52 - INFO - Request to files/get_metadata
2025-02-16 00:26:53 - INFO - Request to files/get_metadata
2025-02-16 00:26:53 - INFO - Request to files/get_metadata
2025-02-16 00:26:53 - INFO - Request to files/get_metadata
2025-02-16 00:26:54 - INFO - Request to files/get_metadata
2025-02-16 00:26:54 - INFO - Request to files/get_metadata
2025-02-16 00:26:54 - INFO - Request to files/get_metadata
2025-02-16 00:26:55 - INFO - Request to files/download
2025-02-16 00:26:55 - INFO - Request to files/download
2025-02-16 00:26:55 - INFO - Request to files/download
2025-02-16 00:26:56 - INFO - Request to files/download
2025-02-16 00:26:56 - INFO - Request to files/download
2025-02-16 00:26:57 - INFO - Request to files/download
2025-02-16 00:26:57 - INFO - Request to files/download
2025-02-16 00:26:58 - INFO - Request to files/download
2025-02-16 00:26:58 - INFO - Request to files/download
2025-02-16 00:26:59 - INFO - Request to files/download
2025-02-16 00:27:00 - INFO - Request to files/download
2025-02-16 00:27:00 - INFO - Request to files/download
2025-02-16 00:27:01 - INFO - Request to files/download
2025-02-16 00:27:01 - INFO - Request to files/download
2025-02-16 00:27:02 - INFO - Request to files/download
2025-02-16 00:27:02 - INFO - Request to files/download
2025-02-16 00:27:03 - INFO - Request to files/download
2025-02-16 00:27:03 - INFO - Request to files/download
2025-02-16 00:27:04 - INFO - Request to files/download
2025-02-16 00:27:05 - INFO - Request to files/download
2025-02-16 00:27:05 - INFO - Request to files/download
2025-02-16 00:27:06 - INFO - Request to files/download
2025-02-16 00:27:06 - INFO - Request to files/download
2025-02-16 00:27:07 - INFO - Request to files/download
2025-02-16 00:27:07 - INFO - Request to files/download
2025-02-16 00:27:08 - INFO - Request to files/download
2025-02-16 00:27:08 - INFO - Request to files/download
2025-02-16 00:27:09 - INFO - Request to files/download
2025-02-16 00:27:10 - INFO - Request to files/download
2025-02-16 00:27:10 - INFO - Request to files/download
2025-02-16 00:27:11 - INFO - Request to files/download
2025-02-16 00:27:12 - INFO - Request to files/download
2025-02-16 00:27:12 - INFO - Request to files/download
2025-02-16 00:27:13 - INFO - Request to files/download
2025-02-16 00:27:13 - INFO - Request to files/download
2025-02-16 00:27:14 - INFO - Request to files/download
2025-02-16 00:27:14 - INFO - Request to files/download
2025-02-16 00:27:15 - INFO - Request to files/download
2025-02-16 00:27:15 - INFO - Request to files/download
2025-02-16 00:27:16 - INFO - Request to files/download
2025-02-16 00:27:16 - INFO - Request to files/download
2025-02-16 00:27:17 - INFO - Request to files/download
2025-02-16 00:27:17 - INFO - Request to files/download
2025-02-16 00:27:18 - INFO - Request to files/download
2025-02-16 00:27:18 - INFO - Request to files/download
2025-02-16 00:27:19 - INFO - Request to files/download
2025-02-16 00:27:19 - INFO - Request to files/download
2025-02-16 00:27:20 - INFO - Request to files/download
2025-02-16 00:27:21 - INFO - Request to files/download
2025-02-16 00:27:21 - INFO - Request to files/download
2025-02-16 00:27:22 - INFO - Request to files/download
2025-02-16 00:27:23 - INFO - Request to files/download
2025-02-16 00:27:23 - INFO - Request to files/download
2025-02-16 00:27:24 - INFO - Request to files/download
2025-02-16 00:27:24 - INFO - Request to files/download
2025-02-16 00:27:25 - INFO - Request to files/download
2025-02-16 00:27:25 - INFO - Request to files/download
2025-02-16 00:27:26 - INFO - Request to files/download
2025-02-16 00:27:26 - INFO - Request to files/download
2025-02-16 00:27:27 - INFO - Request to files/download
2025-02-16 00:27:28 - INFO - Request to files/download
2025-02-16 00:27:28 - INFO - Request to files/download
2025-02-16 00:27:29 - INFO - Request to files/download
2025-02-16 00:27:29 - INFO - Request to files/download
2025-02-16 00:27:29 - INFO - Request to files/download
2025-02-16 00:27:30 - INFO - Request to files/download
2025-02-16 00:27:31 - INFO - Request to files/download
2025-02-16 00:27:31 - INFO - Request to files/download
2025-02-16 00:27:32 - INFO - Request to files/download
2025-02-16 00:27:32 - INFO - Request to files/download
2025-02-16 00:27:33 - INFO - Request to files/download
2025-02-16 00:27:33 - INFO - Request to files/download
2025-02-16 00:27:34 - INFO - Request to files/download
2025-02-16 00:27:34 - INFO - Request to files/download
2025-02-16 00:27:34 - INFO - Request to files/download
2025-02-16 00:27:35 - INFO - Request to files/download
2025-02-16 00:27:36 - INFO - Request to files/download
2025-02-16 00:27:36 - INFO - Request to files/download
2025-02-16 00:27:37 - INFO - Request to files/download
2025-02-16 00:27:38 - INFO - Request to files/download
2025-02-16 00:40:11 - INFO - Best Threshold: 0.60, Precision: 1.0000, Reward: 1 Test Prec 0.0 Test reward 0 Mean 0.0 Features: ('rsi', 'adx_4h', 'bb_middle_crossing_4h', 'adx_max_21', 'adx') RandomForestClassifier
2025-02-16 00:40:11 - INFO - Request to files/get_metadata
2025-02-16 00:40:12 - INFO - Request to files/get_metadata
2025-02-16 00:40:12 - INFO - Request to files/download
2025-02-16 00:40:14 - INFO - Request to files/download
2025-02-16 00:40:16 - INFO - Request to files/get_metadata
2025-02-16 00:40:16 - INFO - Request to files/download
2025-02-16 00:40:17 - INFO - Request to files/get_metadata
2025-02-16 00:40:17 - INFO - Request to files/download
2025-02-16 00:40:17 - INFO - Request to files/get_metadata
2025-02-16 00:40:18 - INFO - Request to files/get_metadata
2025-02-16 00:40:18 - INFO - Request to files/get_metadata
2025-02-16 00:40:19 - INFO - Request to files/get_metadata
2025-02-16 00:40:19 - INFO - Request to files/get_metadata
2025-02-16 00:40:19 - INFO - Request to files/get_metadata
2025-02-16 00:40:20 - INFO - Request to files/get_metadata
2025-02-16 00:40:20 - INFO - Request to files/get_metadata
2025-02-16 00:40:20 - INFO - Request to files/get_metadata
2025-02-16 00:40:20 - INFO - Request to files/get_metadata
2025-02-16 00:40:21 - INFO - Request to files/get_metadata
2025-02-16 00:40:21 - INFO - Request to files/get_metadata
2025-02-16 00:40:22 - INFO - Request to files/get_metadata
2025-02-16 00:40:22 - INFO - Request to files/get_metadata
2025-02-16 00:40:22 - INFO - Request to files/get_metadata
2025-02-16 00:40:22 - INFO - Request to files/get_metadata
2025-02-16 00:40:23 - INFO - Request to files/get_metadata
2025-02-16 00:40:23 - INFO - Request to files/get_metadata
2025-02-16 00:40:23 - INFO - Request to files/get_metadata
2025-02-16 00:40:24 - INFO - Request to files/get_metadata
2025-02-16 00:40:24 - INFO - Request to files/get_metadata
2025-02-16 00:40:25 - INFO - Request to files/get_metadata
2025-02-16 00:40:25 - INFO - Request to files/get_metadata
2025-02-16 00:40:25 - INFO - Request to files/get_metadata
2025-02-16 00:40:26 - INFO - Request to files/get_metadata
2025-02-16 00:40:26 - INFO - Request to files/get_metadata
2025-02-16 00:40:26 - INFO - Request to files/get_metadata
2025-02-16 00:40:26 - INFO - Request to files/get_metadata
2025-02-16 00:40:27 - INFO - Request to files/get_metadata
2025-02-16 00:40:27 - INFO - Request to files/get_metadata
2025-02-16 00:40:27 - INFO - Request to files/get_metadata
2025-02-16 00:40:28 - INFO - Request to files/get_metadata
2025-02-16 00:40:28 - INFO - Request to files/get_metadata
2025-02-16 00:40:28 - INFO - Request to files/get_metadata
2025-02-16 00:40:28 - INFO - Request to files/get_metadata
2025-02-16 00:40:29 - INFO - Request to files/get_metadata
2025-02-16 00:40:29 - INFO - Request to files/get_metadata
2025-02-16 00:40:29 - INFO - Request to files/get_metadata
2025-02-16 00:40:30 - INFO - Request to files/get_metadata
2025-02-16 00:40:30 - INFO - Request to files/get_metadata
2025-02-16 00:40:30 - INFO - Request to files/get_metadata
2025-02-16 00:40:31 - INFO - Request to files/get_metadata
2025-02-16 00:40:31 - INFO - Request to files/get_metadata
2025-02-16 00:40:31 - INFO - Request to files/get_metadata
2025-02-16 00:40:31 - INFO - Request to files/get_metadata
2025-02-16 00:40:32 - INFO - Request to files/get_metadata
2025-02-16 00:40:32 - INFO - Request to files/get_metadata
2025-02-16 00:40:32 - INFO - Request to files/get_metadata
2025-02-16 00:40:33 - INFO - Request to files/get_metadata
2025-02-16 00:40:33 - INFO - Request to files/get_metadata
2025-02-16 00:40:33 - INFO - Request to files/get_metadata
2025-02-16 00:40:33 - INFO - Request to files/get_metadata
2025-02-16 00:40:34 - INFO - Request to files/get_metadata
2025-02-16 00:40:34 - INFO - Request to files/get_metadata
2025-02-16 00:40:34 - INFO - Request to files/get_metadata
2025-02-16 00:40:35 - INFO - Request to files/get_metadata
2025-02-16 00:40:35 - INFO - Request to files/get_metadata
2025-02-16 00:40:35 - INFO - Request to files/get_metadata
2025-02-16 00:40:35 - INFO - Request to files/get_metadata
2025-02-16 00:40:36 - INFO - Request to files/get_metadata
2025-02-16 00:40:36 - INFO - Request to files/get_metadata
2025-02-16 00:40:36 - INFO - Request to files/get_metadata
2025-02-16 00:40:37 - INFO - Request to files/get_metadata
2025-02-16 00:40:37 - INFO - Request to files/get_metadata
2025-02-16 00:40:37 - INFO - Request to files/get_metadata
2025-02-16 00:40:37 - INFO - Request to files/get_metadata
2025-02-16 00:40:38 - INFO - Request to files/get_metadata
2025-02-16 00:40:38 - INFO - Request to files/get_metadata
2025-02-16 00:40:38 - INFO - Request to files/get_metadata
2025-02-16 00:40:39 - INFO - Request to files/get_metadata
2025-02-16 00:40:39 - INFO - Request to files/get_metadata
2025-02-16 00:40:39 - INFO - Request to files/get_metadata
2025-02-16 00:40:39 - INFO - Request to files/get_metadata
2025-02-16 00:40:40 - INFO - Request to files/get_metadata
2025-02-16 00:40:40 - INFO - Request to files/get_metadata
2025-02-16 00:40:41 - INFO - Request to files/get_metadata
2025-02-16 00:40:41 - INFO - Request to files/get_metadata
2025-02-16 00:40:41 - INFO - Request to files/get_metadata
2025-02-16 00:40:42 - INFO - Request to files/get_metadata
2025-02-16 00:40:42 - INFO - Request to files/get_metadata
2025-02-16 00:40:42 - INFO - Request to files/download
2025-02-16 00:40:43 - INFO - Request to files/download
2025-02-16 00:40:43 - INFO - Request to files/download
2025-02-16 00:40:44 - INFO - Request to files/download
2025-02-16 00:40:44 - INFO - Request to files/download
2025-02-16 00:40:45 - INFO - Request to files/download
2025-02-16 00:40:45 - INFO - Request to files/download
2025-02-16 00:40:46 - INFO - Request to files/download
2025-02-16 00:40:46 - INFO - Request to files/download
2025-02-16 00:40:47 - INFO - Request to files/download
2025-02-16 00:40:47 - INFO - Request to files/download
2025-02-16 00:40:48 - INFO - Request to files/download
2025-02-16 00:40:48 - INFO - Request to files/download
2025-02-16 00:40:49 - INFO - Request to files/download
2025-02-16 00:40:49 - INFO - Request to files/download
2025-02-16 00:40:50 - INFO - Request to files/download
2025-02-16 00:40:50 - INFO - Request to files/download
2025-02-16 00:40:51 - INFO - Request to files/download
2025-02-16 00:40:51 - INFO - Request to files/download
2025-02-16 00:40:52 - INFO - Request to files/download
2025-02-16 00:40:53 - INFO - Request to files/download
2025-02-16 00:40:54 - INFO - Request to files/download
2025-02-16 00:40:55 - INFO - Request to files/download
2025-02-16 00:40:55 - INFO - Request to files/download
2025-02-16 00:40:56 - INFO - Request to files/download
2025-02-16 00:40:56 - INFO - Request to files/download
2025-02-16 00:40:57 - INFO - Request to files/download
2025-02-16 00:40:57 - INFO - Request to files/download
2025-02-16 00:40:58 - INFO - Request to files/download
2025-02-16 00:40:58 - INFO - Request to files/download
2025-02-16 00:40:59 - INFO - Request to files/download
2025-02-16 00:40:59 - INFO - Request to files/download
2025-02-16 00:41:00 - INFO - Request to files/download
2025-02-16 00:41:00 - INFO - Request to files/download
2025-02-16 00:41:01 - INFO - Request to files/download
2025-02-16 00:41:01 - INFO - Request to files/download
2025-02-16 00:41:02 - INFO - Request to files/download
2025-02-16 00:41:03 - INFO - Request to files/download
2025-02-16 00:41:03 - INFO - Request to files/download
2025-02-16 00:41:04 - INFO - Request to files/download
2025-02-16 00:41:04 - INFO - Request to files/download
2025-02-16 00:41:05 - INFO - Request to files/download
2025-02-16 00:41:05 - INFO - Request to files/download
2025-02-16 00:41:06 - INFO - Request to files/download
2025-02-16 00:41:06 - INFO - Request to files/download
2025-02-16 00:41:07 - INFO - Request to files/download
2025-02-16 00:41:07 - INFO - Request to files/download
2025-02-16 00:41:08 - INFO - Request to files/download
2025-02-16 00:41:09 - INFO - Request to files/download
2025-02-16 00:41:09 - INFO - Request to files/download
2025-02-16 00:41:10 - INFO - Request to files/download
2025-02-16 00:41:10 - INFO - Request to files/download
2025-02-16 00:41:11 - INFO - Request to files/download
2025-02-16 00:41:11 - INFO - Request to files/download
2025-02-16 00:41:12 - INFO - Request to files/download
2025-02-16 00:41:12 - INFO - Request to files/download
2025-02-16 00:41:13 - INFO - Request to files/download
2025-02-16 00:41:14 - INFO - Request to files/download
2025-02-16 00:41:14 - INFO - Request to files/download
2025-02-16 00:41:15 - INFO - Request to files/download
2025-02-16 00:41:16 - INFO - Request to files/download
2025-02-16 00:41:17 - INFO - Request to files/download
2025-02-16 00:41:17 - INFO - Request to files/download
2025-02-16 00:41:18 - INFO - Request to files/download
2025-02-16 00:41:18 - INFO - Request to files/download
2025-02-16 00:41:19 - INFO - Request to files/download
2025-02-16 00:41:19 - INFO - Request to files/download
2025-02-16 00:41:20 - INFO - Request to files/download
2025-02-16 00:41:21 - INFO - Request to files/download
2025-02-16 00:41:21 - INFO - Request to files/download
2025-02-16 00:41:22 - INFO - Request to files/download
2025-02-16 00:41:22 - INFO - Request to files/download
2025-02-16 00:41:23 - INFO - Request to files/download
2025-02-16 00:41:23 - INFO - Request to files/download
2025-02-16 00:41:24 - INFO - Request to files/download
2025-02-16 00:41:24 - INFO - Request to files/download
2025-02-16 00:41:25 - INFO - Request to files/download
2025-02-16 00:41:25 - INFO - Request to files/download
2025-02-16 00:41:26 - INFO - Request to files/download
2025-02-16 00:41:26 - INFO - Request to files/download
2025-02-16 01:14:36 - INFO - Best Threshold: 0.60, Precision: 1.0000, Reward: 4 Test Prec 0.0 Test reward -2 Mean -2.0 Features: ('cci_4h', 'rsi_convergence', 'bb_middle_crossing_4h', 'adx_max_21') RandomForestClassifier
2025-02-16 01:14:36 - INFO - Request to files/get_metadata
2025-02-16 01:14:36 - INFO - Request to files/get_metadata
2025-02-16 01:14:36 - INFO - Request to files/download
2025-02-16 01:14:39 - INFO - Request to files/download
2025-02-16 01:14:41 - INFO - Request to files/get_metadata
2025-02-16 01:14:41 - INFO - Request to files/download
2025-02-16 01:14:42 - INFO - Request to files/get_metadata
2025-02-16 01:14:42 - INFO - Request to files/download
2025-02-16 01:14:43 - INFO - Request to files/get_metadata
2025-02-16 01:14:43 - INFO - Request to files/get_metadata
2025-02-16 01:14:44 - INFO - Request to files/get_metadata
2025-02-16 01:14:44 - INFO - Request to files/get_metadata
2025-02-16 01:14:44 - INFO - Request to files/get_metadata
2025-02-16 01:14:44 - INFO - Request to files/get_metadata
2025-02-16 01:14:45 - INFO - Request to files/get_metadata
2025-02-16 01:14:45 - INFO - Request to files/get_metadata
2025-02-16 01:14:45 - INFO - Request to files/get_metadata
2025-02-16 01:14:46 - INFO - Request to files/get_metadata
2025-02-16 01:14:46 - INFO - Request to files/get_metadata
2025-02-16 01:14:46 - INFO - Request to files/get_metadata
2025-02-16 01:14:46 - INFO - Request to files/get_metadata
2025-02-16 01:14:47 - INFO - Request to files/get_metadata
2025-02-16 01:14:47 - INFO - Request to files/get_metadata
2025-02-16 01:14:48 - INFO - Request to files/get_metadata
2025-02-16 01:14:48 - INFO - Request to files/get_metadata
2025-02-16 01:14:49 - INFO - Request to files/get_metadata
2025-02-16 01:14:49 - INFO - Request to files/get_metadata
2025-02-16 01:14:49 - INFO - Request to files/get_metadata
2025-02-16 01:14:49 - INFO - Request to files/get_metadata
2025-02-16 01:14:50 - INFO - Request to files/get_metadata
2025-02-16 01:14:50 - INFO - Request to files/get_metadata
2025-02-16 01:14:50 - INFO - Request to files/get_metadata
2025-02-16 01:14:51 - INFO - Request to files/get_metadata
2025-02-16 01:14:51 - INFO - Request to files/get_metadata
2025-02-16 01:14:51 - INFO - Request to files/get_metadata
2025-02-16 01:14:52 - INFO - Request to files/get_metadata
2025-02-16 01:14:52 - INFO - Request to files/get_metadata
2025-02-16 01:14:52 - INFO - Request to files/get_metadata
2025-02-16 01:14:53 - INFO - Request to files/get_metadata
2025-02-16 01:14:53 - INFO - Request to files/get_metadata
2025-02-16 01:14:53 - INFO - Request to files/get_metadata
2025-02-16 01:14:54 - INFO - Request to files/get_metadata
2025-02-16 01:14:54 - INFO - Request to files/get_metadata
2025-02-16 01:14:54 - INFO - Request to files/get_metadata
2025-02-16 01:14:54 - INFO - Request to files/get_metadata
2025-02-16 01:14:55 - INFO - Request to files/get_metadata
2025-02-16 01:14:55 - INFO - Request to files/get_metadata
2025-02-16 01:14:55 - INFO - Request to files/get_metadata
2025-02-16 01:14:56 - INFO - Request to files/get_metadata
2025-02-16 01:14:56 - INFO - Request to files/get_metadata
2025-02-16 01:14:56 - INFO - Request to files/get_metadata
2025-02-16 01:14:57 - INFO - Request to files/get_metadata
2025-02-16 01:14:57 - INFO - Request to files/get_metadata
2025-02-16 01:14:57 - INFO - Request to files/get_metadata
2025-02-16 01:14:57 - INFO - Request to files/get_metadata
2025-02-16 01:14:58 - INFO - Request to files/get_metadata
2025-02-16 01:14:58 - INFO - Request to files/get_metadata
2025-02-16 01:14:58 - INFO - Request to files/get_metadata
2025-02-16 01:14:58 - INFO - Request to files/get_metadata
2025-02-16 01:14:59 - INFO - Request to files/get_metadata
2025-02-16 01:14:59 - INFO - Request to files/get_metadata
2025-02-16 01:14:59 - INFO - Request to files/get_metadata
2025-02-16 01:14:59 - INFO - Request to files/get_metadata
2025-02-16 01:15:00 - INFO - Request to files/get_metadata
2025-02-16 01:15:00 - INFO - Request to files/get_metadata
2025-02-16 01:15:00 - INFO - Request to files/get_metadata
2025-02-16 01:15:01 - INFO - Request to files/get_metadata
2025-02-16 01:15:01 - INFO - Request to files/get_metadata
2025-02-16 01:15:01 - INFO - Request to files/get_metadata
2025-02-16 01:15:02 - INFO - Request to files/get_metadata
2025-02-16 01:15:02 - INFO - Request to files/get_metadata
2025-02-16 01:15:02 - INFO - Request to files/get_metadata
2025-02-16 01:15:02 - INFO - Request to files/get_metadata
2025-02-16 01:15:03 - INFO - Request to files/get_metadata
2025-02-16 01:15:03 - INFO - Request to files/get_metadata
2025-02-16 01:15:03 - INFO - Request to files/get_metadata
2025-02-16 01:15:04 - INFO - Request to files/get_metadata
2025-02-16 01:15:04 - INFO - Request to files/get_metadata
2025-02-16 01:15:04 - INFO - Request to files/get_metadata
2025-02-16 01:15:05 - INFO - Request to files/get_metadata
2025-02-16 01:15:05 - INFO - Request to files/get_metadata
2025-02-16 01:15:05 - INFO - Request to files/get_metadata
2025-02-16 01:15:06 - INFO - Request to files/get_metadata
2025-02-16 01:15:06 - INFO - Request to files/get_metadata
2025-02-16 01:15:06 - INFO - Request to files/get_metadata
2025-02-16 01:15:06 - INFO - Request to files/get_metadata
2025-02-16 01:15:07 - INFO - Request to files/get_metadata
2025-02-16 01:15:07 - INFO - Request to files/get_metadata
2025-02-16 01:15:07 - INFO - Request to files/download
2025-02-16 01:15:08 - INFO - Request to files/download
2025-02-16 01:15:08 - INFO - Request to files/download
2025-02-16 01:15:09 - INFO - Request to files/download
2025-02-16 01:15:09 - INFO - Request to files/download
2025-02-16 01:15:10 - INFO - Request to files/download
2025-02-16 01:15:10 - INFO - Request to files/download
2025-02-16 01:15:11 - INFO - Request to files/download
2025-02-16 01:15:11 - INFO - Request to files/download
2025-02-16 01:15:12 - INFO - Request to files/download
2025-02-16 01:15:13 - INFO - Request to files/download
2025-02-16 01:15:13 - INFO - Request to files/download
2025-02-16 01:15:13 - INFO - Request to files/download
2025-02-16 01:15:14 - INFO - Request to files/download
2025-02-16 01:15:14 - INFO - Request to files/download
2025-02-16 01:15:15 - INFO - Request to files/download
2025-02-16 01:15:15 - INFO - Request to files/download
2025-02-16 01:15:16 - INFO - Request to files/download
2025-02-16 01:15:17 - INFO - Request to files/download
2025-02-16 01:15:17 - INFO - Request to files/download
2025-02-16 01:15:18 - INFO - Request to files/download
2025-02-16 01:15:18 - INFO - Request to files/download
2025-02-16 01:15:19 - INFO - Request to files/download
2025-02-16 01:15:19 - INFO - Request to files/download
2025-02-16 01:15:20 - INFO - Request to files/download
2025-02-16 01:15:20 - INFO - Request to files/download
2025-02-16 01:15:21 - INFO - Request to files/download
2025-02-16 01:15:21 - INFO - Request to files/download
2025-02-16 01:15:22 - INFO - Request to files/download
2025-02-16 01:15:23 - INFO - Request to files/download
2025-02-16 01:15:23 - INFO - Request to files/download
2025-02-16 01:15:24 - INFO - Request to files/download
2025-02-16 01:15:25 - INFO - Request to files/download
2025-02-16 01:15:25 - INFO - Request to files/download
2025-02-16 01:15:26 - INFO - Request to files/download
2025-02-16 01:15:26 - INFO - Request to files/download
2025-02-16 01:15:27 - INFO - Request to files/download
2025-02-16 01:15:28 - INFO - Request to files/download
2025-02-16 01:15:28 - INFO - Request to files/download
2025-02-16 01:15:29 - INFO - Request to files/download
2025-02-16 01:15:29 - INFO - Request to files/download
2025-02-16 01:15:30 - INFO - Request to files/download
2025-02-16 01:15:30 - INFO - Request to files/download
2025-02-16 01:15:31 - INFO - Request to files/download
2025-02-16 01:15:31 - INFO - Request to files/download
2025-02-16 01:15:32 - INFO - Request to files/download
2025-02-16 01:15:32 - INFO - Request to files/download
2025-02-16 01:15:33 - INFO - Request to files/download
2025-02-16 01:15:33 - INFO - Request to files/download
2025-02-16 01:15:34 - INFO - Request to files/download
2025-02-16 01:15:34 - INFO - Request to files/download
2025-02-16 01:15:35 - INFO - Request to files/download
2025-02-16 01:15:35 - INFO - Request to files/download
2025-02-16 01:15:36 - INFO - Request to files/download
2025-02-16 01:15:36 - INFO - Request to files/download
2025-02-16 01:15:37 - INFO - Request to files/download
2025-02-16 01:15:37 - INFO - Request to files/download
2025-02-16 01:15:38 - INFO - Request to files/download
2025-02-16 01:15:38 - INFO - Request to files/download
2025-02-16 01:15:39 - INFO - Request to files/download
2025-02-16 01:15:39 - INFO - Request to files/download
2025-02-16 01:15:40 - INFO - Request to files/download
2025-02-16 01:15:40 - INFO - Request to files/download
2025-02-16 01:15:41 - INFO - Request to files/download
2025-02-16 01:15:41 - INFO - Request to files/download
2025-02-16 01:15:42 - INFO - Request to files/download
2025-02-16 01:15:42 - INFO - Request to files/download
2025-02-16 01:15:43 - INFO - Request to files/download
2025-02-16 01:15:43 - INFO - Request to files/download
2025-02-16 01:15:44 - INFO - Request to files/download
2025-02-16 01:15:44 - INFO - Request to files/download
2025-02-16 01:15:45 - INFO - Request to files/download
2025-02-16 01:15:45 - INFO - Request to files/download
2025-02-16 01:15:46 - INFO - Request to files/download
2025-02-16 01:15:46 - INFO - Request to files/download
2025-02-16 01:15:47 - INFO - Request to files/download
2025-02-16 01:15:47 - INFO - Request to files/download
2025-02-16 01:15:48 - INFO - Request to files/download
2025-02-16 01:15:48 - INFO - Request to files/download
2025-02-16 01:15:49 - INFO - Request to files/download
2025-02-16 01:20:00 - INFO - Best Threshold: 0.45, Precision: 1.0000, Reward: 1 Test Prec 1.0 Test reward 1 Mean 1.0 Features: ('cci', 'rsi_convergence', 'ema_20_channel', 'adx_4h', 'macd_slope_4h') RandomForestClassifier
2025-02-16 01:20:01 - INFO - Request to files/get_metadata
2025-02-16 01:20:01 - INFO - Request to files/get_metadata
2025-02-16 01:20:01 - INFO - Request to files/download
2025-02-16 01:20:04 - INFO - Request to files/download
2025-02-16 01:20:06 - INFO - Request to files/get_metadata
2025-02-16 01:20:06 - INFO - Request to files/download
2025-02-16 01:20:07 - INFO - Request to files/get_metadata
2025-02-16 01:20:07 - INFO - Request to files/download
2025-02-16 01:20:08 - INFO - Request to files/get_metadata
2025-02-16 01:20:08 - INFO - Request to files/get_metadata
2025-02-16 01:20:08 - INFO - Request to files/get_metadata
2025-02-16 01:20:09 - INFO - Request to files/get_metadata
2025-02-16 01:20:09 - INFO - Request to files/get_metadata
2025-02-16 01:20:09 - INFO - Request to files/get_metadata
2025-02-16 01:20:09 - INFO - Request to files/get_metadata
2025-02-16 01:20:10 - INFO - Request to files/get_metadata
2025-02-16 01:20:10 - INFO - Request to files/get_metadata
2025-02-16 01:20:10 - INFO - Request to files/get_metadata
2025-02-16 01:20:11 - INFO - Request to files/get_metadata
2025-02-16 01:20:11 - INFO - Request to files/get_metadata
2025-02-16 01:20:11 - INFO - Request to files/get_metadata
2025-02-16 01:20:12 - INFO - Request to files/get_metadata
2025-02-16 01:20:12 - INFO - Request to files/get_metadata
2025-02-16 01:20:12 - INFO - Request to files/get_metadata
2025-02-16 01:20:13 - INFO - Request to files/get_metadata
2025-02-16 01:20:13 - INFO - Request to files/get_metadata
2025-02-16 01:20:13 - INFO - Request to files/get_metadata
2025-02-16 01:20:14 - INFO - Request to files/get_metadata
2025-02-16 01:20:14 - INFO - Request to files/get_metadata
2025-02-16 01:20:14 - INFO - Request to files/get_metadata
2025-02-16 01:20:15 - INFO - Request to files/get_metadata
2025-02-16 01:20:15 - INFO - Request to files/get_metadata
2025-02-16 01:20:16 - INFO - Request to files/get_metadata
2025-02-16 01:20:16 - INFO - Request to files/get_metadata
2025-02-16 01:20:16 - INFO - Request to files/get_metadata
2025-02-16 01:20:16 - INFO - Request to files/get_metadata
2025-02-16 01:20:17 - INFO - Request to files/get_metadata
2025-02-16 01:20:17 - INFO - Request to files/get_metadata
2025-02-16 01:20:17 - INFO - Request to files/get_metadata
2025-02-16 01:20:18 - INFO - Request to files/get_metadata
2025-02-16 01:20:18 - INFO - Request to files/get_metadata
2025-02-16 01:20:18 - INFO - Request to files/get_metadata
2025-02-16 01:20:18 - INFO - Request to files/get_metadata
2025-02-16 01:20:19 - INFO - Request to files/get_metadata
2025-02-16 01:20:19 - INFO - Request to files/get_metadata
2025-02-16 01:20:19 - INFO - Request to files/get_metadata
2025-02-16 01:20:20 - INFO - Request to files/get_metadata
2025-02-16 01:20:20 - INFO - Request to files/get_metadata
2025-02-16 01:20:20 - INFO - Request to files/get_metadata
2025-02-16 01:20:20 - INFO - Request to files/get_metadata
2025-02-16 01:20:21 - INFO - Request to files/get_metadata
2025-02-16 01:20:21 - INFO - Request to files/get_metadata
2025-02-16 01:20:21 - INFO - Request to files/get_metadata
2025-02-16 01:20:22 - INFO - Request to files/get_metadata
2025-02-16 01:20:22 - INFO - Request to files/get_metadata
2025-02-16 01:20:22 - INFO - Request to files/get_metadata
2025-02-16 01:20:23 - INFO - Request to files/get_metadata
2025-02-16 01:20:23 - INFO - Request to files/get_metadata
2025-02-16 01:20:23 - INFO - Request to files/get_metadata
2025-02-16 01:20:24 - INFO - Request to files/get_metadata
2025-02-16 01:20:24 - INFO - Request to files/get_metadata
2025-02-16 01:20:24 - INFO - Request to files/get_metadata
2025-02-16 01:20:25 - INFO - Request to files/get_metadata
2025-02-16 01:20:25 - INFO - Request to files/get_metadata
2025-02-16 01:20:25 - INFO - Request to files/get_metadata
2025-02-16 01:20:26 - INFO - Request to files/get_metadata
2025-02-16 01:20:26 - INFO - Request to files/get_metadata
2025-02-16 01:20:26 - INFO - Request to files/get_metadata
2025-02-16 01:20:26 - INFO - Request to files/get_metadata
2025-02-16 01:20:27 - INFO - Request to files/get_metadata
2025-02-16 01:20:27 - INFO - Request to files/get_metadata
2025-02-16 01:20:27 - INFO - Request to files/get_metadata
2025-02-16 01:20:28 - INFO - Request to files/get_metadata
2025-02-16 01:20:28 - INFO - Request to files/get_metadata
2025-02-16 01:20:28 - INFO - Request to files/get_metadata
2025-02-16 01:20:29 - INFO - Request to files/get_metadata
2025-02-16 01:20:29 - INFO - Request to files/get_metadata
2025-02-16 01:20:29 - INFO - Request to files/get_metadata
2025-02-16 01:20:30 - INFO - Request to files/get_metadata
2025-02-16 01:20:30 - INFO - Request to files/get_metadata
2025-02-16 01:20:30 - INFO - Request to files/get_metadata
2025-02-16 01:20:30 - INFO - Request to files/get_metadata
2025-02-16 01:20:31 - INFO - Request to files/get_metadata
2025-02-16 01:20:31 - INFO - Request to files/get_metadata
2025-02-16 01:20:31 - INFO - Request to files/get_metadata
2025-02-16 01:20:32 - INFO - Request to files/get_metadata
2025-02-16 01:20:33 - INFO - Request to files/get_metadata
2025-02-16 01:20:33 - INFO - Request to files/get_metadata
2025-02-16 01:20:33 - INFO - Request to files/download
2025-02-16 01:20:34 - INFO - Request to files/download
2025-02-16 01:20:34 - INFO - Request to files/download
2025-02-16 01:20:35 - INFO - Request to files/download
2025-02-16 01:20:35 - INFO - Request to files/download
2025-02-16 01:20:36 - INFO - Request to files/download
2025-02-16 01:20:36 - INFO - Request to files/download
2025-02-16 01:20:37 - INFO - Request to files/download
2025-02-16 01:20:37 - INFO - Request to files/download
2025-02-16 01:20:37 - INFO - Request to files/download
2025-02-16 01:20:38 - INFO - Request to files/download
2025-02-16 01:20:38 - INFO - Request to files/download
2025-02-16 01:20:39 - INFO - Request to files/download
2025-02-16 01:20:39 - INFO - Request to files/download
2025-02-16 01:20:40 - INFO - Request to files/download
2025-02-16 01:20:40 - INFO - Request to files/download
2025-02-16 01:20:41 - INFO - Request to files/download
2025-02-16 01:20:41 - INFO - Request to files/download
2025-02-16 01:20:42 - INFO - Request to files/download
2025-02-16 01:20:42 - INFO - Request to files/download
2025-02-16 01:20:43 - INFO - Request to files/download
2025-02-16 01:20:44 - INFO - Request to files/download
2025-02-16 01:20:44 - INFO - Request to files/download
2025-02-16 01:20:45 - INFO - Request to files/download
2025-02-16 01:20:45 - INFO - Request to files/download
2025-02-16 01:20:46 - INFO - Request to files/download
2025-02-16 01:20:46 - INFO - Request to files/download
2025-02-16 01:20:47 - INFO - Request to files/download
2025-02-16 01:20:47 - INFO - Request to files/download
2025-02-16 01:20:48 - INFO - Request to files/download
2025-02-16 01:20:49 - INFO - Request to files/download
2025-02-16 01:20:50 - INFO - Request to files/download
2025-02-16 01:20:50 - INFO - Request to files/download
2025-02-16 01:20:51 - INFO - Request to files/download
2025-02-16 01:20:51 - INFO - Request to files/download
2025-02-16 01:20:52 - INFO - Request to files/download
2025-02-16 01:20:52 - INFO - Request to files/download
2025-02-16 01:20:53 - INFO - Request to files/download
2025-02-16 01:20:53 - INFO - Request to files/download
2025-02-16 01:20:54 - INFO - Request to files/download
2025-02-16 01:20:54 - INFO - Request to files/download
2025-02-16 01:20:55 - INFO - Request to files/download
2025-02-16 01:20:55 - INFO - Request to files/download
2025-02-16 01:20:56 - INFO - Request to files/download
2025-02-16 01:20:56 - INFO - Request to files/download
2025-02-16 01:20:56 - INFO - Request to files/download
2025-02-16 01:20:57 - INFO - Request to files/download
2025-02-16 01:20:58 - INFO - Request to files/download
2025-02-16 01:20:58 - INFO - Request to files/download
2025-02-16 01:20:59 - INFO - Request to files/download
2025-02-16 01:20:59 - INFO - Request to files/download
2025-02-16 01:21:00 - INFO - Request to files/download
2025-02-16 01:21:00 - INFO - Request to files/download
2025-02-16 01:21:01 - INFO - Request to files/download
2025-02-16 01:21:01 - INFO - Request to files/download
2025-02-16 01:21:02 - INFO - Request to files/download
2025-02-16 01:21:02 - INFO - Request to files/download
2025-02-16 01:21:03 - INFO - Request to files/download
2025-02-16 01:21:03 - INFO - Request to files/download
2025-02-16 01:21:04 - INFO - Request to files/download
2025-02-16 01:21:04 - INFO - Request to files/download
2025-02-16 01:21:05 - INFO - Request to files/download
2025-02-16 01:21:05 - INFO - Request to files/download
2025-02-16 01:21:06 - INFO - Request to files/download
2025-02-16 01:21:07 - INFO - Request to files/download
2025-02-16 01:21:08 - INFO - Request to files/download
2025-02-16 01:21:08 - INFO - Request to files/download
2025-02-16 01:21:09 - INFO - Request to files/download
2025-02-16 01:21:09 - INFO - Request to files/download
2025-02-16 01:21:10 - INFO - Request to files/download
2025-02-16 01:21:11 - INFO - Request to files/download
2025-02-16 01:21:11 - INFO - Request to files/download
2025-02-16 01:21:12 - INFO - Request to files/download
2025-02-16 01:21:12 - INFO - Request to files/download
2025-02-16 01:21:13 - INFO - Request to files/download
2025-02-16 01:21:13 - INFO - Request to files/download
2025-02-16 01:21:13 - INFO - Request to files/download
2025-02-16 01:21:14 - INFO - Request to files/download
2025-02-16 01:21:14 - INFO - Request to files/download
2025-02-16 01:21:15 - INFO - Request to files/download
2025-02-16 02:03:30 - INFO - Best Threshold: 0.45, Precision: 1.0000, Reward: 2 Test Prec 0.0 Test reward 0 Mean 0.0 Features: ('adx_slope', 'ema_20_channel', 'adx_max_21', 'williams_limit_4h') RandomForestClassifier
2025-02-16 02:03:30 - INFO - Request to files/get_metadata
2025-02-16 02:03:30 - INFO - Request to files/get_metadata
2025-02-16 02:03:30 - INFO - Request to files/download
2025-02-16 02:03:33 - INFO - Request to files/download
2025-02-16 02:03:35 - INFO - Request to files/get_metadata
2025-02-16 02:03:35 - INFO - Request to files/download
2025-02-16 02:03:36 - INFO - Request to files/get_metadata
2025-02-16 02:03:37 - INFO - Request to files/download
2025-02-16 02:03:37 - INFO - Request to files/get_metadata
2025-02-16 02:03:37 - INFO - Request to files/get_metadata
2025-02-16 02:03:38 - INFO - Request to files/get_metadata
2025-02-16 02:03:38 - INFO - Request to files/get_metadata
2025-02-16 02:03:38 - INFO - Request to files/get_metadata
2025-02-16 02:03:39 - INFO - Request to files/get_metadata
2025-02-16 02:03:39 - INFO - Request to files/get_metadata
2025-02-16 02:03:39 - INFO - Request to files/get_metadata
2025-02-16 02:03:40 - INFO - Request to files/get_metadata
2025-02-16 02:03:40 - INFO - Request to files/get_metadata
2025-02-16 02:03:40 - INFO - Request to files/get_metadata
2025-02-16 02:03:41 - INFO - Request to files/get_metadata
2025-02-16 02:03:41 - INFO - Request to files/get_metadata
2025-02-16 02:03:41 - INFO - Request to files/get_metadata
2025-02-16 02:03:42 - INFO - Request to files/get_metadata
2025-02-16 02:03:42 - INFO - Request to files/get_metadata
2025-02-16 02:03:42 - INFO - Request to files/get_metadata
2025-02-16 02:03:42 - INFO - Request to files/get_metadata
2025-02-16 02:03:43 - INFO - Request to files/get_metadata
2025-02-16 02:03:43 - INFO - Request to files/get_metadata
2025-02-16 02:03:43 - INFO - Request to files/get_metadata
2025-02-16 02:03:44 - INFO - Request to files/get_metadata
2025-02-16 02:03:44 - INFO - Request to files/get_metadata
2025-02-16 02:03:44 - INFO - Request to files/get_metadata
2025-02-16 02:03:45 - INFO - Request to files/get_metadata
2025-02-16 02:03:45 - INFO - Request to files/get_metadata
2025-02-16 02:03:45 - INFO - Request to files/get_metadata
2025-02-16 02:03:46 - INFO - Request to files/get_metadata
2025-02-16 02:03:46 - INFO - Request to files/get_metadata
2025-02-16 02:03:46 - INFO - Request to files/get_metadata
2025-02-16 02:03:47 - INFO - Request to files/get_metadata
2025-02-16 02:03:47 - INFO - Request to files/get_metadata
2025-02-16 02:03:47 - INFO - Request to files/get_metadata
2025-02-16 02:03:48 - INFO - Request to files/get_metadata
2025-02-16 02:03:48 - INFO - Request to files/get_metadata
2025-02-16 02:03:48 - INFO - Request to files/get_metadata
2025-02-16 02:03:49 - INFO - Request to files/get_metadata
2025-02-16 02:03:49 - INFO - Request to files/get_metadata
2025-02-16 02:03:50 - INFO - Request to files/get_metadata
2025-02-16 02:03:50 - INFO - Request to files/get_metadata
2025-02-16 02:03:50 - INFO - Request to files/get_metadata
2025-02-16 02:03:50 - INFO - Request to files/get_metadata
2025-02-16 02:03:51 - INFO - Request to files/get_metadata
2025-02-16 02:03:51 - INFO - Request to files/get_metadata
2025-02-16 02:03:51 - INFO - Request to files/get_metadata
2025-02-16 02:03:52 - INFO - Request to files/get_metadata
2025-02-16 02:03:52 - INFO - Request to files/get_metadata
2025-02-16 02:03:52 - INFO - Request to files/get_metadata
2025-02-16 02:03:53 - INFO - Request to files/get_metadata
2025-02-16 02:03:53 - INFO - Request to files/get_metadata
2025-02-16 02:03:53 - INFO - Request to files/get_metadata
2025-02-16 02:03:53 - INFO - Request to files/get_metadata
2025-02-16 02:03:54 - INFO - Request to files/get_metadata
2025-02-16 02:03:54 - INFO - Request to files/get_metadata
2025-02-16 02:03:54 - INFO - Request to files/get_metadata
2025-02-16 02:03:54 - INFO - Request to files/get_metadata
2025-02-16 02:03:55 - INFO - Request to files/get_metadata
2025-02-16 02:03:55 - INFO - Request to files/get_metadata
2025-02-16 02:03:55 - INFO - Request to files/get_metadata
2025-02-16 02:03:56 - INFO - Request to files/get_metadata
2025-02-16 02:03:56 - INFO - Request to files/get_metadata
2025-02-16 02:03:56 - INFO - Request to files/get_metadata
2025-02-16 02:03:57 - INFO - Request to files/get_metadata
2025-02-16 02:03:57 - INFO - Request to files/get_metadata
2025-02-16 02:03:57 - INFO - Request to files/get_metadata
2025-02-16 02:03:58 - INFO - Request to files/get_metadata
2025-02-16 02:03:58 - INFO - Request to files/get_metadata
2025-02-16 02:03:58 - INFO - Request to files/get_metadata
2025-02-16 02:03:58 - INFO - Request to files/get_metadata
2025-02-16 02:03:59 - INFO - Request to files/get_metadata
2025-02-16 02:03:59 - INFO - Request to files/get_metadata
2025-02-16 02:03:59 - INFO - Request to files/get_metadata
2025-02-16 02:04:00 - INFO - Request to files/get_metadata
2025-02-16 02:04:00 - INFO - Request to files/get_metadata
2025-02-16 02:04:00 - INFO - Request to files/get_metadata
2025-02-16 02:04:00 - INFO - Request to files/get_metadata
2025-02-16 02:04:01 - INFO - Request to files/get_metadata
2025-02-16 02:04:01 - INFO - Request to files/get_metadata
2025-02-16 02:04:01 - INFO - Request to files/get_metadata
2025-02-16 02:04:02 - INFO - Request to files/get_metadata
2025-02-16 02:04:02 - INFO - Request to files/download
2025-02-16 02:04:02 - INFO - Request to files/download
2025-02-16 02:04:03 - INFO - Request to files/download
2025-02-16 02:04:04 - INFO - Request to files/download
2025-02-16 02:04:04 - INFO - Request to files/download
2025-02-16 02:04:05 - INFO - Request to files/download
2025-02-16 02:04:05 - INFO - Request to files/download
2025-02-16 02:04:05 - INFO - Request to files/download
2025-02-16 02:04:06 - INFO - Request to files/download
2025-02-16 02:04:07 - INFO - Request to files/download
2025-02-16 02:04:07 - INFO - Request to files/download
2025-02-16 02:04:08 - INFO - Request to files/download
2025-02-16 02:04:08 - INFO - Request to files/download
2025-02-16 02:04:09 - INFO - Request to files/download
2025-02-16 02:04:09 - INFO - Request to files/download
2025-02-16 02:04:10 - INFO - Request to files/download
2025-02-16 02:04:10 - INFO - Request to files/download
2025-02-16 02:04:11 - INFO - Request to files/download
2025-02-16 02:04:11 - INFO - Request to files/download
2025-02-16 02:04:12 - INFO - Request to files/download
2025-02-16 02:04:13 - INFO - Request to files/download
2025-02-16 02:04:13 - INFO - Request to files/download
2025-02-16 02:04:14 - INFO - Request to files/download
2025-02-16 02:04:14 - INFO - Request to files/download
2025-02-16 02:04:15 - INFO - Request to files/download
2025-02-16 02:04:15 - INFO - Request to files/download
2025-02-16 02:04:15 - INFO - Request to files/download
2025-02-16 02:04:16 - INFO - Request to files/download
2025-02-16 02:04:16 - INFO - Request to files/download
2025-02-16 02:04:17 - INFO - Request to files/download
2025-02-16 02:04:17 - INFO - Request to files/download
2025-02-16 02:04:18 - INFO - Request to files/download
2025-02-16 02:04:19 - INFO - Request to files/download
2025-02-16 02:04:20 - INFO - Request to files/download
2025-02-16 02:04:20 - INFO - Request to files/download
2025-02-16 02:04:21 - INFO - Request to files/download
2025-02-16 02:04:21 - INFO - Request to files/download
2025-02-16 02:04:22 - INFO - Request to files/download
2025-02-16 02:04:22 - INFO - Request to files/download
2025-02-16 02:04:23 - INFO - Request to files/download
2025-02-16 02:04:23 - INFO - Request to files/download
2025-02-16 02:04:24 - INFO - Request to files/download
2025-02-16 02:04:24 - INFO - Request to files/download
2025-02-16 02:04:24 - INFO - Request to files/download
2025-02-16 02:04:25 - INFO - Request to files/download
2025-02-16 02:04:26 - INFO - Request to files/download
2025-02-16 02:04:26 - INFO - Request to files/download
2025-02-16 02:04:27 - INFO - Request to files/download
2025-02-16 02:04:27 - INFO - Request to files/download
2025-02-16 02:04:28 - INFO - Request to files/download
2025-02-16 02:04:28 - INFO - Request to files/download
2025-02-16 02:04:29 - INFO - Request to files/download
2025-02-16 02:04:30 - INFO - Request to files/download
2025-02-16 02:04:30 - INFO - Request to files/download
2025-02-16 02:04:31 - INFO - Request to files/download
2025-02-16 02:04:31 - INFO - Request to files/download
2025-02-16 02:04:31 - INFO - Request to files/download
2025-02-16 02:04:32 - INFO - Request to files/download
2025-02-16 02:04:33 - INFO - Request to files/download
2025-02-16 02:04:33 - INFO - Request to files/download
2025-02-16 02:04:34 - INFO - Request to files/download
2025-02-16 02:04:34 - INFO - Request to files/download
2025-02-16 02:04:35 - INFO - Request to files/download
2025-02-16 02:04:35 - INFO - Request to files/download
2025-02-16 02:04:36 - INFO - Request to files/download
2025-02-16 02:04:36 - INFO - Request to files/download
2025-02-16 02:04:37 - INFO - Request to files/download
2025-02-16 02:04:37 - INFO - Request to files/download
2025-02-16 02:04:38 - INFO - Request to files/download
2025-02-16 02:04:39 - INFO - Request to files/download
2025-02-16 02:04:39 - INFO - Request to files/download
2025-02-16 02:04:40 - INFO - Request to files/download
2025-02-16 02:04:40 - INFO - Request to files/download
2025-02-16 02:04:40 - INFO - Request to files/download
2025-02-16 02:04:41 - INFO - Request to files/download
2025-02-16 02:04:41 - INFO - Request to files/download
2025-02-16 02:04:42 - INFO - Request to files/download
2025-02-16 02:04:43 - INFO - Request to files/download
2025-02-16 02:04:43 - INFO - Request to files/download
2025-02-16 02:04:43 - INFO - Request to files/download
2025-02-16 02:45:56 - INFO - Best Threshold: 0.60, Precision: 1.0000, Reward: 1 Test Prec 1.0 Test reward 2 Mean 2.0 Features: ('cci', 'macd_max_4h', 'ema_20_channel', 'candle_4h', 'williams_limit_4h') RandomForestClassifier
2025-02-16 02:45:56 - INFO - Request to files/get_metadata
2025-02-16 02:45:56 - INFO - Request to files/get_metadata
2025-02-16 02:45:57 - INFO - Request to files/download
2025-02-16 02:45:59 - INFO - Request to files/download
2025-02-16 02:46:01 - INFO - Request to files/get_metadata
2025-02-16 02:46:01 - INFO - Request to files/download
2025-02-16 02:46:02 - INFO - Request to files/get_metadata
2025-02-16 02:46:02 - INFO - Request to files/download
2025-02-16 02:46:03 - INFO - Request to files/get_metadata
2025-02-16 02:46:04 - INFO - Request to files/get_metadata
2025-02-16 02:46:04 - INFO - Request to files/get_metadata
2025-02-16 02:46:04 - INFO - Request to files/get_metadata
2025-02-16 02:46:04 - INFO - Request to files/get_metadata
2025-02-16 02:46:05 - INFO - Request to files/get_metadata
2025-02-16 02:46:05 - INFO - Request to files/get_metadata
2025-02-16 02:46:05 - INFO - Request to files/get_metadata
2025-02-16 02:46:06 - INFO - Request to files/get_metadata
2025-02-16 02:46:06 - INFO - Request to files/get_metadata
2025-02-16 02:46:06 - INFO - Request to files/get_metadata
2025-02-16 02:46:07 - INFO - Request to files/get_metadata
2025-02-16 02:46:07 - INFO - Request to files/get_metadata
2025-02-16 02:46:07 - INFO - Request to files/get_metadata
2025-02-16 02:46:07 - INFO - Request to files/get_metadata
2025-02-16 02:46:08 - INFO - Request to files/get_metadata
2025-02-16 02:46:08 - INFO - Request to files/get_metadata
2025-02-16 02:46:08 - INFO - Request to files/get_metadata
2025-02-16 02:46:09 - INFO - Request to files/get_metadata
2025-02-16 02:46:09 - INFO - Request to files/get_metadata
2025-02-16 02:46:09 - INFO - Request to files/get_metadata
2025-02-16 02:46:10 - INFO - Request to files/get_metadata
2025-02-16 02:46:10 - INFO - Request to files/get_metadata
2025-02-16 02:46:10 - INFO - Request to files/get_metadata
2025-02-16 02:46:10 - INFO - Request to files/get_metadata
2025-02-16 02:46:11 - INFO - Request to files/get_metadata
2025-02-16 02:46:11 - INFO - Request to files/get_metadata
2025-02-16 02:46:11 - INFO - Request to files/get_metadata
2025-02-16 02:46:12 - INFO - Request to files/get_metadata
2025-02-16 02:46:12 - INFO - Request to files/get_metadata
2025-02-16 02:46:13 - INFO - Request to files/get_metadata
2025-02-16 02:46:13 - INFO - Request to files/get_metadata
2025-02-16 02:46:13 - INFO - Request to files/get_metadata
2025-02-16 02:46:14 - INFO - Request to files/get_metadata
2025-02-16 02:46:14 - INFO - Request to files/get_metadata
2025-02-16 02:46:14 - INFO - Request to files/get_metadata
2025-02-16 02:46:15 - INFO - Request to files/get_metadata
2025-02-16 02:46:15 - INFO - Request to files/get_metadata
2025-02-16 02:46:15 - INFO - Request to files/get_metadata
2025-02-16 02:46:15 - INFO - Request to files/get_metadata
2025-02-16 02:46:16 - INFO - Request to files/get_metadata
2025-02-16 02:46:16 - INFO - Request to files/get_metadata
2025-02-16 02:46:16 - INFO - Request to files/get_metadata
2025-02-16 02:46:17 - INFO - Request to files/get_metadata
2025-02-16 02:46:17 - INFO - Request to files/get_metadata
2025-02-16 02:46:17 - INFO - Request to files/get_metadata
2025-02-16 02:46:18 - INFO - Request to files/get_metadata
2025-02-16 02:46:18 - INFO - Request to files/get_metadata
2025-02-16 02:46:18 - INFO - Request to files/get_metadata
2025-02-16 02:46:18 - INFO - Request to files/get_metadata
2025-02-16 02:46:19 - INFO - Request to files/get_metadata
2025-02-16 02:46:20 - INFO - Request to files/get_metadata
2025-02-16 02:46:20 - INFO - Request to files/get_metadata
2025-02-16 02:46:20 - INFO - Request to files/get_metadata
2025-02-16 02:46:20 - INFO - Request to files/get_metadata
2025-02-16 02:46:21 - INFO - Request to files/get_metadata
2025-02-16 02:46:21 - INFO - Request to files/get_metadata
2025-02-16 02:46:21 - INFO - Request to files/get_metadata
2025-02-16 02:46:22 - INFO - Request to files/get_metadata
2025-02-16 02:46:22 - INFO - Request to files/get_metadata
2025-02-16 02:46:22 - INFO - Request to files/get_metadata
2025-02-16 02:46:23 - INFO - Request to files/get_metadata
2025-02-16 02:46:23 - INFO - Request to files/get_metadata
2025-02-16 02:46:23 - INFO - Request to files/get_metadata
2025-02-16 02:46:24 - INFO - Request to files/get_metadata
2025-02-16 02:46:24 - INFO - Request to files/get_metadata
2025-02-16 02:46:24 - INFO - Request to files/get_metadata
2025-02-16 02:46:25 - INFO - Request to files/get_metadata
2025-02-16 02:46:25 - INFO - Request to files/get_metadata
2025-02-16 02:46:25 - INFO - Request to files/get_metadata
2025-02-16 02:46:26 - INFO - Request to files/get_metadata
2025-02-16 02:46:26 - INFO - Request to files/get_metadata
2025-02-16 02:46:26 - INFO - Request to files/get_metadata
2025-02-16 02:46:27 - INFO - Request to files/get_metadata
2025-02-16 02:46:27 - INFO - Request to files/get_metadata
2025-02-16 02:46:27 - INFO - Request to files/get_metadata
2025-02-16 02:46:28 - INFO - Request to files/get_metadata
2025-02-16 02:46:28 - INFO - Request to files/get_metadata
2025-02-16 02:46:28 - INFO - Request to files/get_metadata
2025-02-16 02:46:29 - INFO - Request to files/get_metadata
2025-02-16 02:46:29 - INFO - Request to files/download
2025-02-16 02:46:30 - INFO - Request to files/download
2025-02-16 02:46:30 - INFO - Request to files/download
2025-02-16 02:46:31 - INFO - Request to files/download
2025-02-16 02:46:31 - INFO - Request to files/download
2025-02-16 02:46:32 - INFO - Request to files/download
2025-02-16 02:46:33 - INFO - Request to files/download
2025-02-16 02:46:33 - INFO - Request to files/download
2025-02-16 02:46:34 - INFO - Request to files/download
2025-02-16 02:46:34 - INFO - Request to files/download
2025-02-16 02:46:35 - INFO - Request to files/download
2025-02-16 02:46:35 - INFO - Request to files/download
2025-02-16 02:46:36 - INFO - Request to files/download
2025-02-16 02:46:37 - INFO - Request to files/download
2025-02-16 02:46:37 - INFO - Request to files/download
2025-02-16 02:46:37 - INFO - Request to files/download
2025-02-16 02:46:38 - INFO - Request to files/download
2025-02-16 02:46:38 - INFO - Request to files/download
2025-02-16 02:46:39 - INFO - Request to files/download
2025-02-16 02:46:40 - INFO - Request to files/download
2025-02-16 02:46:40 - INFO - Request to files/download
2025-02-16 02:46:41 - INFO - Request to files/download
2025-02-16 02:46:41 - INFO - Request to files/download
2025-02-16 02:46:42 - INFO - Request to files/download
2025-02-16 02:46:43 - INFO - Request to files/download
2025-02-16 02:46:43 - INFO - Request to files/download
2025-02-16 02:46:44 - INFO - Request to files/download
2025-02-16 02:46:44 - INFO - Request to files/download
2025-02-16 02:46:45 - INFO - Request to files/download
2025-02-16 02:46:45 - INFO - Request to files/download
2025-02-16 02:46:46 - INFO - Request to files/download
2025-02-16 02:46:46 - INFO - Request to files/download
2025-02-16 02:46:47 - INFO - Request to files/download
2025-02-16 02:46:47 - INFO - Request to files/download
2025-02-16 02:46:48 - INFO - Request to files/download
2025-02-16 02:46:48 - INFO - Request to files/download
2025-02-16 02:46:49 - INFO - Request to files/download
2025-02-16 02:46:49 - INFO - Request to files/download
2025-02-16 02:46:50 - INFO - Request to files/download
2025-02-16 02:46:50 - INFO - Request to files/download
2025-02-16 02:46:51 - INFO - Request to files/download
2025-02-16 02:46:51 - INFO - Request to files/download
2025-02-16 02:46:52 - INFO - Request to files/download
2025-02-16 02:46:52 - INFO - Request to files/download
2025-02-16 02:46:53 - INFO - Request to files/download
2025-02-16 02:46:53 - INFO - Request to files/download
2025-02-16 02:46:54 - INFO - Request to files/download
2025-02-16 02:46:54 - INFO - Request to files/download
2025-02-16 02:46:55 - INFO - Request to files/download
2025-02-16 02:46:55 - INFO - Request to files/download
2025-02-16 02:46:56 - INFO - Request to files/download
2025-02-16 02:46:56 - INFO - Request to files/download
2025-02-16 02:46:57 - INFO - Request to files/download
2025-02-16 02:46:57 - INFO - Request to files/download
2025-02-16 02:46:58 - INFO - Request to files/download
2025-02-16 02:46:58 - INFO - Request to files/download
2025-02-16 02:46:59 - INFO - Request to files/download
2025-02-16 02:46:59 - INFO - Request to files/download
2025-02-16 02:47:00 - INFO - Request to files/download
2025-02-16 02:47:00 - INFO - Request to files/download
2025-02-16 02:47:01 - INFO - Request to files/download
2025-02-16 02:47:01 - INFO - Request to files/download
2025-02-16 02:47:02 - INFO - Request to files/download
2025-02-16 02:47:02 - INFO - Request to files/download
2025-02-16 02:47:03 - INFO - Request to files/download
2025-02-16 02:47:03 - INFO - Request to files/download
2025-02-16 02:47:04 - INFO - Request to files/download
2025-02-16 02:47:04 - INFO - Request to files/download
2025-02-16 02:47:05 - INFO - Request to files/download
2025-02-16 02:47:05 - INFO - Request to files/download
2025-02-16 02:47:06 - INFO - Request to files/download
2025-02-16 02:47:06 - INFO - Request to files/download
2025-02-16 02:47:07 - INFO - Request to files/download
2025-02-16 02:47:07 - INFO - Request to files/download
2025-02-16 02:47:08 - INFO - Request to files/download
2025-02-16 02:47:08 - INFO - Request to files/download
2025-02-16 02:47:09 - INFO - Request to files/download
2025-02-16 02:47:09 - INFO - Request to files/download
2025-02-16 02:47:10 - INFO - Request to files/download
2025-02-16 02:47:10 - INFO - Request to files/download
2025-02-16 03:01:33 - INFO - Best Threshold: 0.60, Precision: 1.0000, Reward: 1 Test Prec 0.0 Test reward 0 Mean 0.0 Features: ('macd_max', 'williams_break', 'ema_20_channel', 'macd_slope_4h') RandomForestClassifier
2025-02-16 03:01:33 - INFO - Request to files/get_metadata
2025-02-16 03:01:33 - INFO - Request to files/get_metadata
2025-02-16 03:01:33 - INFO - Request to files/download
2025-02-16 03:01:36 - INFO - Request to files/download
2025-02-16 03:01:38 - INFO - Request to files/get_metadata
2025-02-16 03:01:38 - INFO - Request to files/download
2025-02-16 03:01:39 - INFO - Request to files/get_metadata
2025-02-16 03:01:39 - INFO - Request to files/download
2025-02-16 03:01:40 - INFO - Request to files/get_metadata
2025-02-16 03:01:41 - INFO - Request to files/get_metadata
2025-02-16 03:01:41 - INFO - Request to files/get_metadata
2025-02-16 03:01:41 - INFO - Request to files/get_metadata
2025-02-16 03:01:42 - INFO - Request to files/get_metadata
2025-02-16 03:01:42 - INFO - Request to files/get_metadata
2025-02-16 03:01:42 - INFO - Request to files/get_metadata
2025-02-16 03:01:43 - INFO - Request to files/get_metadata
2025-02-16 03:01:43 - INFO - Request to files/get_metadata
2025-02-16 03:01:43 - INFO - Request to files/get_metadata
2025-02-16 03:01:44 - INFO - Request to files/get_metadata
2025-02-16 03:01:44 - INFO - Request to files/get_metadata
2025-02-16 03:01:44 - INFO - Request to files/get_metadata
2025-02-16 03:01:45 - INFO - Request to files/get_metadata
2025-02-16 03:01:45 - INFO - Request to files/get_metadata
2025-02-16 03:01:45 - INFO - Request to files/get_metadata
2025-02-16 03:01:46 - INFO - Request to files/get_metadata
2025-02-16 03:01:46 - INFO - Request to files/get_metadata
2025-02-16 03:01:46 - INFO - Request to files/get_metadata
2025-02-16 03:01:46 - INFO - Request to files/get_metadata
2025-02-16 03:01:47 - INFO - Request to files/get_metadata
2025-02-16 03:01:47 - INFO - Request to files/get_metadata
2025-02-16 03:01:47 - INFO - Request to files/get_metadata
2025-02-16 03:01:48 - INFO - Request to files/get_metadata
2025-02-16 03:01:48 - INFO - Request to files/get_metadata
2025-02-16 03:01:48 - INFO - Request to files/get_metadata
2025-02-16 03:01:49 - INFO - Request to files/get_metadata
2025-02-16 03:01:49 - INFO - Request to files/get_metadata
2025-02-16 03:01:49 - INFO - Request to files/get_metadata
2025-02-16 03:01:50 - INFO - Request to files/get_metadata
2025-02-16 03:01:50 - INFO - Request to files/get_metadata
2025-02-16 03:01:50 - INFO - Request to files/get_metadata
2025-02-16 03:01:51 - INFO - Request to files/get_metadata
2025-02-16 03:01:51 - INFO - Request to files/get_metadata
2025-02-16 03:01:51 - INFO - Request to files/get_metadata
2025-02-16 03:01:52 - INFO - Request to files/get_metadata
2025-02-16 03:01:52 - INFO - Request to files/get_metadata
2025-02-16 03:01:52 - INFO - Request to files/get_metadata
2025-02-16 03:01:52 - INFO - Request to files/get_metadata
2025-02-16 03:01:53 - INFO - Request to files/get_metadata
2025-02-16 03:01:53 - INFO - Request to files/get_metadata
2025-02-16 03:01:54 - INFO - Request to files/get_metadata
2025-02-16 03:01:54 - INFO - Request to files/get_metadata
2025-02-16 03:01:54 - INFO - Request to files/get_metadata
2025-02-16 03:01:54 - INFO - Request to files/get_metadata
2025-02-16 03:01:55 - INFO - Request to files/get_metadata
2025-02-16 03:01:55 - INFO - Request to files/get_metadata
2025-02-16 03:01:55 - INFO - Request to files/get_metadata
2025-02-16 03:01:56 - INFO - Request to files/get_metadata
2025-02-16 03:01:56 - INFO - Request to files/get_metadata
2025-02-16 03:01:56 - INFO - Request to files/get_metadata
2025-02-16 03:01:57 - INFO - Request to files/get_metadata
2025-02-16 03:01:57 - INFO - Request to files/get_metadata
2025-02-16 03:01:57 - INFO - Request to files/get_metadata
2025-02-16 03:01:57 - INFO - Request to files/get_metadata
2025-02-16 03:01:58 - INFO - Request to files/get_metadata
2025-02-16 03:01:58 - INFO - Request to files/get_metadata
2025-02-16 03:01:58 - INFO - Request to files/get_metadata
2025-02-16 03:01:59 - INFO - Request to files/get_metadata
2025-02-16 03:01:59 - INFO - Request to files/get_metadata
2025-02-16 03:01:59 - INFO - Request to files/get_metadata
2025-02-16 03:01:59 - INFO - Request to files/get_metadata
2025-02-16 03:02:00 - INFO - Request to files/get_metadata
2025-02-16 03:02:00 - INFO - Request to files/get_metadata
2025-02-16 03:02:01 - INFO - Request to files/get_metadata
2025-02-16 03:02:01 - INFO - Request to files/get_metadata
2025-02-16 03:02:01 - INFO - Request to files/get_metadata
2025-02-16 03:02:02 - INFO - Request to files/get_metadata
2025-02-16 03:02:02 - INFO - Request to files/get_metadata
2025-02-16 03:02:02 - INFO - Request to files/get_metadata
2025-02-16 03:02:02 - INFO - Request to files/get_metadata
2025-02-16 03:02:03 - INFO - Request to files/get_metadata
2025-02-16 03:02:03 - INFO - Request to files/get_metadata
2025-02-16 03:02:03 - INFO - Request to files/get_metadata
2025-02-16 03:02:05 - INFO - Request to files/get_metadata
2025-02-16 03:02:05 - INFO - Request to files/get_metadata
2025-02-16 03:02:06 - INFO - Request to files/get_metadata
2025-02-16 03:02:06 - INFO - Request to files/get_metadata
2025-02-16 03:02:06 - INFO - Request to files/get_metadata
2025-02-16 03:02:07 - INFO - Request to files/get_metadata
2025-02-16 03:02:07 - INFO - Request to files/download
2025-02-16 03:02:07 - INFO - Request to files/download
2025-02-16 03:02:08 - INFO - Request to files/download
2025-02-16 03:02:09 - INFO - Request to files/download
2025-02-16 03:02:09 - INFO - Request to files/download
2025-02-16 03:02:09 - INFO - Request to files/download
2025-02-16 03:02:10 - INFO - Request to files/download
2025-02-16 03:02:11 - INFO - Request to files/download
2025-02-16 03:02:11 - INFO - Request to files/download
2025-02-16 03:02:12 - INFO - Request to files/download
2025-02-16 03:02:12 - INFO - Request to files/download
2025-02-16 03:02:13 - INFO - Request to files/download
2025-02-16 03:02:13 - INFO - Request to files/download
2025-02-16 03:02:14 - INFO - Request to files/download
2025-02-16 03:02:14 - INFO - Request to files/download
2025-02-16 03:02:15 - INFO - Request to files/download
2025-02-16 03:02:16 - INFO - Request to files/download
2025-02-16 03:02:16 - INFO - Request to files/download
2025-02-16 03:02:17 - INFO - Request to files/download
2025-02-16 03:02:17 - INFO - Request to files/download
2025-02-16 03:02:18 - INFO - Request to files/download
2025-02-16 03:02:18 - INFO - Request to files/download
2025-02-16 03:02:19 - INFO - Request to files/download
2025-02-16 03:02:19 - INFO - Request to files/download
2025-02-16 03:02:20 - INFO - Request to files/download
2025-02-16 03:02:20 - INFO - Request to files/download
2025-02-16 03:02:22 - INFO - Request to files/download
2025-02-16 03:02:22 - INFO - Request to files/download
2025-02-16 03:02:23 - INFO - Request to files/download
2025-02-16 03:02:23 - INFO - Request to files/download
2025-02-16 03:02:24 - INFO - Request to files/download
2025-02-16 03:02:24 - INFO - Request to files/download
2025-02-16 03:02:25 - INFO - Request to files/download
2025-02-16 03:02:25 - INFO - Request to files/download
2025-02-16 03:02:26 - INFO - Request to files/download
2025-02-16 03:02:26 - INFO - Request to files/download
2025-02-16 03:02:27 - INFO - Request to files/download
2025-02-16 03:02:27 - INFO - Request to files/download
2025-02-16 03:02:28 - INFO - Request to files/download
2025-02-16 03:02:28 - INFO - Request to files/download
2025-02-16 03:02:29 - INFO - Request to files/download
2025-02-16 03:02:30 - INFO - Request to files/download
2025-02-16 03:02:30 - INFO - Request to files/download
2025-02-16 03:02:31 - INFO - Request to files/download
2025-02-16 03:02:31 - INFO - Request to files/download
2025-02-16 03:02:32 - INFO - Request to files/download
2025-02-16 03:02:32 - INFO - Request to files/download
2025-02-16 03:02:33 - INFO - Request to files/download
2025-02-16 03:02:33 - INFO - Request to files/download
2025-02-16 03:02:34 - INFO - Request to files/download
2025-02-16 03:02:34 - INFO - Request to files/download
2025-02-16 03:02:35 - INFO - Request to files/download
2025-02-16 03:02:35 - INFO - Request to files/download
2025-02-16 03:02:36 - INFO - Request to files/download
2025-02-16 03:02:36 - INFO - Request to files/download
2025-02-16 03:02:37 - INFO - Request to files/download
2025-02-16 03:02:38 - INFO - Request to files/download
2025-02-16 03:02:38 - INFO - Request to files/download
2025-02-16 03:02:38 - INFO - Request to files/download
2025-02-16 03:02:39 - INFO - Request to files/download
2025-02-16 03:02:39 - INFO - Request to files/download
2025-02-16 03:02:40 - INFO - Request to files/download
2025-02-16 03:02:40 - INFO - Request to files/download
2025-02-16 03:02:41 - INFO - Request to files/download
2025-02-16 03:02:41 - INFO - Request to files/download
2025-02-16 03:02:42 - INFO - Request to files/download
2025-02-16 03:02:42 - INFO - Request to files/download
2025-02-16 03:02:43 - INFO - Request to files/download
2025-02-16 03:02:43 - INFO - Request to files/download
2025-02-16 03:02:44 - INFO - Request to files/download
2025-02-16 03:02:44 - INFO - Request to files/download
2025-02-16 03:02:45 - INFO - Request to files/download
2025-02-16 03:02:45 - INFO - Request to files/download
2025-02-16 03:02:46 - INFO - Request to files/download
2025-02-16 03:02:46 - INFO - Request to files/download
2025-02-16 03:02:47 - INFO - Request to files/download
2025-02-16 03:02:47 - INFO - Request to files/download
2025-02-16 03:02:48 - INFO - Request to files/download
2025-02-16 03:02:48 - INFO - Request to files/download
2025-02-16 03:02:49 - INFO - Request to files/download
2025-02-16 03:40:19 - INFO - Best Threshold: 0.45, Precision: 1.0000, Reward: 3 Test Prec 0.0 Test reward 0 Mean 0.0 Features: ('adx_max_48', 'bb_middle_crossing', 'williams_break', 'candle_4h', 'bb_middle_crossing_4h') RandomForestClassifier
2025-02-16 03:40:19 - INFO - Request to files/get_metadata
2025-02-16 03:40:20 - INFO - Request to files/get_metadata
2025-02-16 03:40:20 - INFO - Request to files/download
2025-02-16 03:40:22 - INFO - Request to files/download
2025-02-16 03:40:24 - INFO - Request to files/get_metadata
2025-02-16 03:40:24 - INFO - Request to files/download
2025-02-16 03:40:25 - INFO - Request to files/get_metadata
2025-02-16 03:40:25 - INFO - Request to files/download
2025-02-16 03:40:26 - INFO - Request to files/get_metadata
2025-02-16 03:40:26 - INFO - Request to files/get_metadata
2025-02-16 03:40:26 - INFO - Request to files/get_metadata
2025-02-16 03:40:27 - INFO - Request to files/get_metadata
2025-02-16 03:40:27 - INFO - Request to files/get_metadata
2025-02-16 03:40:27 - INFO - Request to files/get_metadata
2025-02-16 03:40:28 - INFO - Request to files/get_metadata
2025-02-16 03:40:28 - INFO - Request to files/get_metadata
2025-02-16 03:40:28 - INFO - Request to files/get_metadata
2025-02-16 03:40:29 - INFO - Request to files/get_metadata
2025-02-16 03:40:29 - INFO - Request to files/get_metadata
2025-02-16 03:40:29 - INFO - Request to files/get_metadata
2025-02-16 03:40:30 - INFO - Request to files/get_metadata
2025-02-16 03:40:30 - INFO - Request to files/get_metadata
2025-02-16 03:40:30 - INFO - Request to files/get_metadata
2025-02-16 03:40:30 - INFO - Request to files/get_metadata
2025-02-16 03:40:31 - INFO - Request to files/get_metadata
2025-02-16 03:40:31 - INFO - Request to files/get_metadata
2025-02-16 03:40:32 - INFO - Request to files/get_metadata
2025-02-16 03:40:32 - INFO - Request to files/get_metadata
2025-02-16 03:40:32 - INFO - Request to files/get_metadata
2025-02-16 03:40:33 - INFO - Request to files/get_metadata
2025-02-16 03:40:33 - INFO - Request to files/get_metadata
2025-02-16 03:40:33 - INFO - Request to files/get_metadata
2025-02-16 03:40:34 - INFO - Request to files/get_metadata
2025-02-16 03:40:35 - INFO - Request to files/get_metadata
2025-02-16 03:40:35 - INFO - Request to files/get_metadata
2025-02-16 03:40:35 - INFO - Request to files/get_metadata
2025-02-16 03:40:35 - INFO - Request to files/get_metadata
2025-02-16 03:40:36 - INFO - Request to files/get_metadata
2025-02-16 03:40:36 - INFO - Request to files/get_metadata
2025-02-16 03:40:36 - INFO - Request to files/get_metadata
2025-02-16 03:40:37 - INFO - Request to files/get_metadata
2025-02-16 03:40:37 - INFO - Request to files/get_metadata
2025-02-16 03:40:37 - INFO - Request to files/get_metadata
2025-02-16 03:40:38 - INFO - Request to files/get_metadata
2025-02-16 03:40:38 - INFO - Request to files/get_metadata
2025-02-16 03:40:38 - INFO - Request to files/get_metadata
2025-02-16 03:40:39 - INFO - Request to files/get_metadata
2025-02-16 03:40:39 - INFO - Request to files/get_metadata
2025-02-16 03:40:39 - INFO - Request to files/get_metadata
2025-02-16 03:40:39 - INFO - Request to files/get_metadata
2025-02-16 03:40:40 - INFO - Request to files/get_metadata
2025-02-16 03:40:41 - INFO - Request to files/get_metadata
2025-02-16 03:40:41 - INFO - Request to files/get_metadata
2025-02-16 03:40:41 - INFO - Request to files/get_metadata
2025-02-16 03:40:41 - INFO - Request to files/get_metadata
2025-02-16 03:40:42 - INFO - Request to files/get_metadata
2025-02-16 03:40:42 - INFO - Request to files/get_metadata
2025-02-16 03:40:42 - INFO - Request to files/get_metadata
2025-02-16 03:40:43 - INFO - Request to files/get_metadata
2025-02-16 03:40:43 - INFO - Request to files/get_metadata
2025-02-16 03:40:43 - INFO - Request to files/get_metadata
2025-02-16 03:40:44 - INFO - Request to files/get_metadata
2025-02-16 03:40:44 - INFO - Request to files/get_metadata
2025-02-16 03:40:44 - INFO - Request to files/get_metadata
2025-02-16 03:40:45 - INFO - Request to files/get_metadata
2025-02-16 03:40:45 - INFO - Request to files/get_metadata
2025-02-16 03:40:45 - INFO - Request to files/get_metadata
2025-02-16 03:40:45 - INFO - Request to files/get_metadata
2025-02-16 03:40:46 - INFO - Request to files/get_metadata
2025-02-16 03:40:46 - INFO - Request to files/get_metadata
2025-02-16 03:40:46 - INFO - Request to files/get_metadata
2025-02-16 03:40:47 - INFO - Request to files/get_metadata
2025-02-16 03:40:47 - INFO - Request to files/get_metadata
2025-02-16 03:40:47 - INFO - Request to files/get_metadata
2025-02-16 03:40:47 - INFO - Request to files/get_metadata
2025-02-16 03:40:48 - INFO - Request to files/get_metadata
2025-02-16 03:40:48 - INFO - Request to files/get_metadata
2025-02-16 03:40:48 - INFO - Request to files/get_metadata
2025-02-16 03:40:49 - INFO - Request to files/get_metadata
2025-02-16 03:40:49 - INFO - Request to files/get_metadata
2025-02-16 03:40:49 - INFO - Request to files/get_metadata
2025-02-16 03:40:50 - INFO - Request to files/get_metadata
2025-02-16 03:40:50 - INFO - Request to files/get_metadata
2025-02-16 03:40:51 - INFO - Request to files/get_metadata
2025-02-16 03:40:51 - INFO - Request to files/get_metadata
2025-02-16 03:40:51 - INFO - Request to files/get_metadata
2025-02-16 03:40:51 - INFO - Request to files/get_metadata
2025-02-16 03:40:52 - INFO - Request to files/get_metadata
2025-02-16 03:40:53 - INFO - Request to files/download
2025-02-16 03:40:53 - INFO - Request to files/download
2025-02-16 03:40:53 - INFO - Request to files/download
2025-02-16 03:40:54 - INFO - Request to files/download
2025-02-16 03:40:55 - INFO - Request to files/download
2025-02-16 03:40:55 - INFO - Request to files/download
2025-02-16 03:40:56 - INFO - Request to files/download
2025-02-16 03:40:56 - INFO - Request to files/download
2025-02-16 03:40:57 - INFO - Request to files/download
2025-02-16 03:40:57 - INFO - Request to files/download
2025-02-16 03:40:58 - INFO - Request to files/download
2025-02-16 03:40:58 - INFO - Request to files/download
2025-02-16 03:40:59 - INFO - Request to files/download
2025-02-16 03:40:59 - INFO - Request to files/download
2025-02-16 03:41:00 - INFO - Request to files/download
2025-02-16 03:41:00 - INFO - Request to files/download
2025-02-16 03:41:01 - INFO - Request to files/download
2025-02-16 03:41:01 - INFO - Request to files/download
2025-02-16 03:41:02 - INFO - Request to files/download
2025-02-16 03:41:03 - INFO - Request to files/download
2025-02-16 03:41:03 - INFO - Request to files/download
2025-02-16 03:41:04 - INFO - Request to files/download
2025-02-16 03:41:04 - INFO - Request to files/download
2025-02-16 03:41:05 - INFO - Request to files/download
2025-02-16 03:41:05 - INFO - Request to files/download
2025-02-16 03:41:06 - INFO - Request to files/download
2025-02-16 03:41:06 - INFO - Request to files/download
2025-02-16 03:41:07 - INFO - Request to files/download
2025-02-16 03:41:07 - INFO - Request to files/download
2025-02-16 03:41:08 - INFO - Request to files/download
2025-02-16 03:41:08 - INFO - Request to files/download
2025-02-16 03:41:09 - INFO - Request to files/download
2025-02-16 03:41:09 - INFO - Request to files/download
2025-02-16 03:41:10 - INFO - Request to files/download
2025-02-16 03:41:10 - INFO - Request to files/download
2025-02-16 03:41:11 - INFO - Request to files/download
2025-02-16 03:41:11 - INFO - Request to files/download
2025-02-16 03:41:12 - INFO - Request to files/download
2025-02-16 03:41:12 - INFO - Request to files/download
2025-02-16 03:41:13 - INFO - Request to files/download
2025-02-16 03:41:13 - INFO - Request to files/download
2025-02-16 03:41:14 - INFO - Request to files/download
2025-02-16 03:41:14 - INFO - Request to files/download
2025-02-16 03:41:15 - INFO - Request to files/download
2025-02-16 03:41:15 - INFO - Request to files/download
2025-02-16 03:41:16 - INFO - Request to files/download
2025-02-16 03:41:16 - INFO - Request to files/download
2025-02-16 03:41:17 - INFO - Request to files/download
2025-02-16 03:41:17 - INFO - Request to files/download
2025-02-16 03:41:18 - INFO - Request to files/download
2025-02-16 03:41:18 - INFO - Request to files/download
2025-02-16 03:41:19 - INFO - Request to files/download
2025-02-16 03:41:20 - INFO - Request to files/download
2025-02-16 03:41:20 - INFO - Request to files/download
2025-02-16 03:41:21 - INFO - Request to files/download
2025-02-16 03:41:21 - INFO - Request to files/download
2025-02-16 03:41:22 - INFO - Request to files/download
2025-02-16 03:41:22 - INFO - Request to files/download
2025-02-16 03:41:23 - INFO - Request to files/download
2025-02-16 03:41:23 - INFO - Request to files/download
2025-02-16 03:41:24 - INFO - Request to files/download
2025-02-16 03:41:24 - INFO - Request to files/download
2025-02-16 03:41:25 - INFO - Request to files/download
2025-02-16 03:41:25 - INFO - Request to files/download
2025-02-16 03:41:26 - INFO - Request to files/download
2025-02-16 03:41:26 - INFO - Request to files/download
2025-02-16 03:41:27 - INFO - Request to files/download
2025-02-16 03:41:27 - INFO - Request to files/download
2025-02-16 03:41:28 - INFO - Request to files/download
2025-02-16 03:41:29 - INFO - Request to files/download
2025-02-16 03:41:29 - INFO - Request to files/download
2025-02-16 03:41:30 - INFO - Request to files/download
2025-02-16 03:41:30 - INFO - Request to files/download
2025-02-16 03:41:31 - INFO - Request to files/download
2025-02-16 03:41:31 - INFO - Request to files/download
2025-02-16 03:41:32 - INFO - Request to files/download
2025-02-16 03:41:32 - INFO - Request to files/download
2025-02-16 03:41:33 - INFO - Request to files/download
2025-02-16 03:41:33 - INFO - Request to files/download
2025-02-16 03:41:34 - INFO - Request to files/download
2025-02-16 04:29:00 - INFO - Best Threshold: 0.45, Precision: 1.0000, Reward: 4 Test Prec 0.5 Test reward 0 Mean 0.0 Features: ('rsi_convergence', 'ema_20_channel', 'adx_4h', 'adx_max_4h') RandomForestClassifier
2025-02-16 04:29:00 - INFO - Request to files/get_metadata
2025-02-16 04:29:01 - INFO - Request to files/get_metadata
2025-02-16 04:29:01 - INFO - Request to files/download
2025-02-16 04:29:03 - INFO - Request to files/download
2025-02-16 04:29:05 - INFO - Request to files/get_metadata
2025-02-16 04:29:06 - INFO - Request to files/download
2025-02-16 04:29:06 - INFO - Request to files/get_metadata
2025-02-16 04:29:07 - INFO - Request to files/download
2025-02-16 04:29:08 - INFO - Request to files/get_metadata
2025-02-16 04:29:08 - INFO - Request to files/get_metadata
2025-02-16 04:29:08 - INFO - Request to files/get_metadata
2025-02-16 04:29:08 - INFO - Request to files/get_metadata
2025-02-16 04:29:09 - INFO - Request to files/get_metadata
2025-02-16 04:29:09 - INFO - Request to files/get_metadata
2025-02-16 04:29:09 - INFO - Request to files/get_metadata
2025-02-16 04:29:10 - INFO - Request to files/get_metadata
2025-02-16 04:29:10 - INFO - Request to files/get_metadata
2025-02-16 04:29:10 - INFO - Request to files/get_metadata
2025-02-16 04:29:11 - INFO - Request to files/get_metadata
2025-02-16 04:29:11 - INFO - Request to files/get_metadata
2025-02-16 04:29:12 - INFO - Request to files/get_metadata
2025-02-16 04:29:12 - INFO - Request to files/get_metadata
2025-02-16 04:29:12 - INFO - Request to files/get_metadata
2025-02-16 04:29:12 - INFO - Request to files/get_metadata
2025-02-16 04:29:13 - INFO - Request to files/get_metadata
2025-02-16 04:29:13 - INFO - Request to files/get_metadata
2025-02-16 04:29:13 - INFO - Request to files/get_metadata
2025-02-16 04:29:14 - INFO - Request to files/get_metadata
2025-02-16 04:29:14 - INFO - Request to files/get_metadata
2025-02-16 04:29:14 - INFO - Request to files/get_metadata
2025-02-16 04:29:14 - INFO - Request to files/get_metadata
2025-02-16 04:29:15 - INFO - Request to files/get_metadata
2025-02-16 04:29:15 - INFO - Request to files/get_metadata
2025-02-16 04:29:15 - INFO - Request to files/get_metadata
2025-02-16 04:29:16 - INFO - Request to files/get_metadata
2025-02-16 04:29:16 - INFO - Request to files/get_metadata
2025-02-16 04:29:16 - INFO - Request to files/get_metadata
2025-02-16 04:29:16 - INFO - Request to files/get_metadata
2025-02-16 04:29:17 - INFO - Request to files/get_metadata
2025-02-16 04:29:17 - INFO - Request to files/get_metadata
2025-02-16 04:29:17 - INFO - Request to files/get_metadata
2025-02-16 04:29:18 - INFO - Request to files/get_metadata
2025-02-16 04:29:18 - INFO - Request to files/get_metadata
2025-02-16 04:29:18 - INFO - Request to files/get_metadata
2025-02-16 04:29:19 - INFO - Request to files/get_metadata
2025-02-16 04:29:19 - INFO - Request to files/get_metadata
2025-02-16 04:29:19 - INFO - Request to files/get_metadata
2025-02-16 04:29:20 - INFO - Request to files/get_metadata
2025-02-16 04:29:20 - INFO - Request to files/get_metadata
2025-02-16 04:29:20 - INFO - Request to files/get_metadata
2025-02-16 04:29:20 - INFO - Request to files/get_metadata
2025-02-16 04:29:21 - INFO - Request to files/get_metadata
2025-02-16 04:29:21 - INFO - Request to files/get_metadata
2025-02-16 04:29:21 - INFO - Request to files/get_metadata
2025-02-16 04:29:22 - INFO - Request to files/get_metadata
2025-02-16 04:29:23 - INFO - Request to files/get_metadata
2025-02-16 04:29:23 - INFO - Request to files/get_metadata
2025-02-16 04:29:23 - INFO - Request to files/get_metadata
2025-02-16 04:29:24 - INFO - Request to files/get_metadata
2025-02-16 04:29:24 - INFO - Request to files/get_metadata
2025-02-16 04:29:24 - INFO - Request to files/get_metadata
2025-02-16 04:29:24 - INFO - Request to files/get_metadata
2025-02-16 04:29:25 - INFO - Request to files/get_metadata
2025-02-16 04:29:25 - INFO - Request to files/get_metadata
2025-02-16 04:29:25 - INFO - Request to files/get_metadata
2025-02-16 04:29:26 - INFO - Request to files/get_metadata
2025-02-16 04:29:26 - INFO - Request to files/get_metadata
2025-02-16 04:29:26 - INFO - Request to files/get_metadata
2025-02-16 04:29:27 - INFO - Request to files/get_metadata
2025-02-16 04:29:27 - INFO - Request to files/get_metadata
2025-02-16 04:29:27 - INFO - Request to files/get_metadata
2025-02-16 04:29:28 - INFO - Request to files/get_metadata
2025-02-16 04:29:28 - INFO - Request to files/get_metadata
2025-02-16 04:29:28 - INFO - Request to files/get_metadata
2025-02-16 04:29:28 - INFO - Request to files/get_metadata
2025-02-16 04:29:29 - INFO - Request to files/get_metadata
2025-02-16 04:29:29 - INFO - Request to files/get_metadata
2025-02-16 04:29:29 - INFO - Request to files/get_metadata
2025-02-16 04:29:30 - INFO - Request to files/get_metadata
2025-02-16 04:29:30 - INFO - Request to files/get_metadata
2025-02-16 04:29:30 - INFO - Request to files/get_metadata
2025-02-16 04:29:31 - INFO - Request to files/get_metadata
2025-02-16 04:29:31 - INFO - Request to files/get_metadata
2025-02-16 04:29:31 - INFO - Request to files/get_metadata
2025-02-16 04:29:31 - INFO - Request to files/get_metadata
2025-02-16 04:29:32 - INFO - Request to files/get_metadata
2025-02-16 04:29:32 - INFO - Request to files/get_metadata
2025-02-16 04:29:32 - INFO - Request to files/get_metadata
2025-02-16 04:29:33 - INFO - Request to files/download
2025-02-16 04:29:33 - INFO - Request to files/download
2025-02-16 04:29:34 - INFO - Request to files/download
2025-02-16 04:29:34 - INFO - Request to files/download
2025-02-16 04:29:35 - INFO - Request to files/download
2025-02-16 04:29:35 - INFO - Request to files/download
2025-02-16 04:29:36 - INFO - Request to files/download
2025-02-16 04:29:36 - INFO - Request to files/download
2025-02-16 04:29:37 - INFO - Request to files/download
2025-02-16 04:29:37 - INFO - Request to files/download
2025-02-16 04:29:38 - INFO - Request to files/download
2025-02-16 04:29:38 - INFO - Request to files/download
2025-02-16 04:29:39 - INFO - Request to files/download
2025-02-16 04:29:39 - INFO - Request to files/download
2025-02-16 04:29:40 - INFO - Request to files/download
2025-02-16 04:29:41 - INFO - Request to files/download
2025-02-16 04:29:41 - INFO - Request to files/download
2025-02-16 04:29:42 - INFO - Request to files/download
2025-02-16 04:29:43 - INFO - Request to files/download
2025-02-16 04:29:43 - INFO - Request to files/download
2025-02-16 04:29:44 - INFO - Request to files/download
2025-02-16 04:29:44 - INFO - Request to files/download
2025-02-16 04:29:45 - INFO - Request to files/download
2025-02-16 04:29:45 - INFO - Request to files/download
2025-02-16 04:29:46 - INFO - Request to files/download
2025-02-16 04:29:46 - INFO - Request to files/download
2025-02-16 04:29:47 - INFO - Request to files/download
2025-02-16 04:29:47 - INFO - Request to files/download
2025-02-16 04:29:48 - INFO - Request to files/download
2025-02-16 04:29:48 - INFO - Request to files/download
2025-02-16 04:29:49 - INFO - Request to files/download
2025-02-16 04:29:49 - INFO - Request to files/download
2025-02-16 04:29:50 - INFO - Request to files/download
2025-02-16 04:29:50 - INFO - Request to files/download
2025-02-16 04:29:51 - INFO - Request to files/download
2025-02-16 04:29:52 - INFO - Request to files/download
2025-02-16 04:29:52 - INFO - Request to files/download
2025-02-16 04:29:53 - INFO - Request to files/download
2025-02-16 04:29:53 - INFO - Request to files/download
2025-02-16 04:29:54 - INFO - Request to files/download
2025-02-16 04:29:54 - INFO - Request to files/download
2025-02-16 04:29:55 - INFO - Request to files/download
2025-02-16 04:29:55 - INFO - Request to files/download
2025-02-16 04:29:56 - INFO - Request to files/download
2025-02-16 04:29:56 - INFO - Request to files/download
2025-02-16 04:29:57 - INFO - Request to files/download
2025-02-16 04:29:57 - INFO - Request to files/download
2025-02-16 04:29:58 - INFO - Request to files/download
2025-02-16 04:29:58 - INFO - Request to files/download
2025-02-16 04:29:59 - INFO - Request to files/download
2025-02-16 04:29:59 - INFO - Request to files/download
2025-02-16 04:30:00 - INFO - Request to files/download
2025-02-16 04:30:00 - INFO - Request to files/download
2025-02-16 04:30:01 - INFO - Request to files/download
2025-02-16 04:30:01 - INFO - Request to files/download
2025-02-16 04:30:02 - INFO - Request to files/download
2025-02-16 04:30:03 - INFO - Request to files/download
2025-02-16 04:30:03 - INFO - Request to files/download
2025-02-16 04:30:03 - INFO - Request to files/download
2025-02-16 04:30:04 - INFO - Request to files/download
2025-02-16 04:30:04 - INFO - Request to files/download
2025-02-16 04:30:05 - INFO - Request to files/download
2025-02-16 04:30:06 - INFO - Request to files/download
2025-02-16 04:30:06 - INFO - Request to files/download
2025-02-16 04:30:06 - INFO - Request to files/download
2025-02-16 04:30:07 - INFO - Request to files/download
2025-02-16 04:30:07 - INFO - Request to files/download
2025-02-16 04:30:08 - INFO - Request to files/download
2025-02-16 04:30:08 - INFO - Request to files/download
2025-02-16 04:30:09 - INFO - Request to files/download
2025-02-16 04:30:09 - INFO - Request to files/download
2025-02-16 04:30:10 - INFO - Request to files/download
2025-02-16 04:30:11 - INFO - Request to files/download
2025-02-16 04:30:11 - INFO - Request to files/download
2025-02-16 04:30:12 - INFO - Request to files/download
2025-02-16 04:30:12 - INFO - Request to files/download
2025-02-16 04:30:13 - INFO - Request to files/download
2025-02-16 04:30:13 - INFO - Request to files/download
2025-02-16 04:30:13 - INFO - Request to files/download
2025-02-16 04:30:14 - INFO - Request to files/download
2025-02-16 04:48:31 - INFO - Best Threshold: 0.45, Precision: 1.0000, Reward: 4 Test Prec 1.0 Test reward 1 Mean 1.0 Features: ('macd_convergence', 'adx_max_48', 'ema_20_channel', 'bb_sqeeze_both_direction', 'adx_max_4h') RandomForestClassifier
2025-02-16 04:48:31 - INFO - Request to files/get_metadata
2025-02-16 04:48:31 - INFO - Request to files/get_metadata
2025-02-16 04:48:31 - INFO - Request to files/download
2025-02-16 04:48:34 - INFO - Request to files/download
2025-02-16 04:48:36 - INFO - Request to files/get_metadata
2025-02-16 04:48:36 - INFO - Request to files/download
2025-02-16 04:48:37 - INFO - Request to files/get_metadata
2025-02-16 04:48:37 - INFO - Request to files/download
2025-02-16 04:48:37 - INFO - Request to files/get_metadata
2025-02-16 04:48:38 - INFO - Request to files/get_metadata
2025-02-16 04:48:38 - INFO - Request to files/get_metadata
2025-02-16 04:48:38 - INFO - Request to files/get_metadata
2025-02-16 04:48:39 - INFO - Request to files/get_metadata
2025-02-16 04:48:39 - INFO - Request to files/get_metadata
2025-02-16 04:48:39 - INFO - Request to files/get_metadata
2025-02-16 04:48:39 - INFO - Request to files/get_metadata
2025-02-16 04:48:40 - INFO - Request to files/get_metadata
2025-02-16 04:48:40 - INFO - Request to files/get_metadata
2025-02-16 04:48:40 - INFO - Request to files/get_metadata
2025-02-16 04:48:41 - INFO - Request to files/get_metadata
2025-02-16 04:48:41 - INFO - Request to files/get_metadata
2025-02-16 04:48:41 - INFO - Request to files/get_metadata
2025-02-16 04:48:42 - INFO - Request to files/get_metadata
2025-02-16 04:48:42 - INFO - Request to files/get_metadata
2025-02-16 04:48:42 - INFO - Request to files/get_metadata
2025-02-16 04:48:42 - INFO - Request to files/get_metadata
2025-02-16 04:48:43 - INFO - Request to files/get_metadata
2025-02-16 04:48:43 - INFO - Request to files/get_metadata
2025-02-16 04:48:43 - INFO - Request to files/get_metadata
2025-02-16 04:48:44 - INFO - Request to files/get_metadata
2025-02-16 04:48:44 - INFO - Request to files/get_metadata
2025-02-16 04:48:44 - INFO - Request to files/get_metadata
2025-02-16 04:48:45 - INFO - Request to files/get_metadata
2025-02-16 04:48:45 - INFO - Request to files/get_metadata
2025-02-16 04:48:45 - INFO - Request to files/get_metadata
2025-02-16 04:48:45 - INFO - Request to files/get_metadata
2025-02-16 04:48:46 - INFO - Request to files/get_metadata
2025-02-16 04:48:46 - INFO - Request to files/get_metadata
2025-02-16 04:48:46 - INFO - Request to files/get_metadata
2025-02-16 04:48:46 - INFO - Request to files/get_metadata
2025-02-16 04:48:47 - INFO - Request to files/get_metadata
2025-02-16 04:48:47 - INFO - Request to files/get_metadata
2025-02-16 04:48:47 - INFO - Request to files/get_metadata
2025-02-16 04:48:48 - INFO - Request to files/get_metadata
2025-02-16 04:48:48 - INFO - Request to files/get_metadata
2025-02-16 04:48:48 - INFO - Request to files/get_metadata
2025-02-16 04:48:49 - INFO - Request to files/get_metadata
2025-02-16 04:48:49 - INFO - Request to files/get_metadata
2025-02-16 04:48:49 - INFO - Request to files/get_metadata
2025-02-16 04:48:49 - INFO - Request to files/get_metadata
2025-02-16 04:48:50 - INFO - Request to files/get_metadata
2025-02-16 04:48:50 - INFO - Request to files/get_metadata
2025-02-16 04:48:50 - INFO - Request to files/get_metadata
2025-02-16 04:48:50 - INFO - Request to files/get_metadata
2025-02-16 04:48:51 - INFO - Request to files/get_metadata
2025-02-16 04:48:51 - INFO - Request to files/get_metadata
2025-02-16 04:48:51 - INFO - Request to files/get_metadata
2025-02-16 04:48:52 - INFO - Request to files/get_metadata
2025-02-16 04:48:52 - INFO - Request to files/get_metadata
2025-02-16 04:48:52 - INFO - Request to files/get_metadata
2025-02-16 04:48:53 - INFO - Request to files/get_metadata
2025-02-16 04:48:53 - INFO - Request to files/get_metadata
2025-02-16 04:48:53 - INFO - Request to files/get_metadata
2025-02-16 04:48:53 - INFO - Request to files/get_metadata
2025-02-16 04:48:54 - INFO - Request to files/get_metadata
2025-02-16 04:48:55 - INFO - Request to files/get_metadata
2025-02-16 04:48:55 - INFO - Request to files/get_metadata
2025-02-16 04:48:55 - INFO - Request to files/get_metadata
2025-02-16 04:48:56 - INFO - Request to files/get_metadata
2025-02-16 04:48:56 - INFO - Request to files/get_metadata
2025-02-16 04:48:56 - INFO - Request to files/get_metadata
2025-02-16 04:48:56 - INFO - Request to files/get_metadata
2025-02-16 04:48:57 - INFO - Request to files/get_metadata
2025-02-16 04:48:57 - INFO - Request to files/get_metadata
2025-02-16 04:48:57 - INFO - Request to files/get_metadata
2025-02-16 04:48:58 - INFO - Request to files/get_metadata
2025-02-16 04:48:58 - INFO - Request to files/get_metadata
2025-02-16 04:48:58 - INFO - Request to files/get_metadata
2025-02-16 04:48:59 - INFO - Request to files/get_metadata
2025-02-16 04:48:59 - INFO - Request to files/get_metadata
2025-02-16 04:48:59 - INFO - Request to files/get_metadata
2025-02-16 04:48:59 - INFO - Request to files/get_metadata
2025-02-16 04:49:00 - INFO - Request to files/get_metadata
2025-02-16 04:49:00 - INFO - Request to files/get_metadata
2025-02-16 04:49:00 - INFO - Request to files/get_metadata
2025-02-16 04:49:01 - INFO - Request to files/get_metadata
2025-02-16 04:49:01 - INFO - Request to files/get_metadata
2025-02-16 04:49:01 - INFO - Request to files/get_metadata
2025-02-16 04:49:03 - INFO - Request to files/download
2025-02-16 04:49:03 - INFO - Request to files/download
2025-02-16 04:49:04 - INFO - Request to files/download
2025-02-16 04:49:04 - INFO - Request to files/download
2025-02-16 04:49:05 - INFO - Request to files/download
2025-02-16 04:49:05 - INFO - Request to files/download
2025-02-16 04:49:06 - INFO - Request to files/download
2025-02-16 04:49:06 - INFO - Request to files/download
2025-02-16 04:49:06 - INFO - Request to files/download
2025-02-16 04:49:07 - INFO - Request to files/download
2025-02-16 04:49:07 - INFO - Request to files/download
2025-02-16 04:49:08 - INFO - Request to files/download
2025-02-16 04:49:08 - INFO - Request to files/download
2025-02-16 04:49:09 - INFO - Request to files/download
2025-02-16 04:49:09 - INFO - Request to files/download
2025-02-16 04:49:10 - INFO - Request to files/download
2025-02-16 04:49:10 - INFO - Request to files/download
2025-02-16 04:49:11 - INFO - Request to files/download
2025-02-16 04:49:11 - INFO - Request to files/download
2025-02-16 04:49:12 - INFO - Request to files/download
2025-02-16 04:49:12 - INFO - Request to files/download
2025-02-16 04:49:13 - INFO - Request to files/download
2025-02-16 04:49:13 - INFO - Request to files/download
2025-02-16 04:49:14 - INFO - Request to files/download
2025-02-16 04:49:14 - INFO - Request to files/download
2025-02-16 04:49:15 - INFO - Request to files/download
2025-02-16 04:49:15 - INFO - Request to files/download
2025-02-16 04:49:16 - INFO - Request to files/download
2025-02-16 04:49:16 - INFO - Request to files/download
2025-02-16 04:49:17 - INFO - Request to files/download
2025-02-16 04:49:17 - INFO - Request to files/download
2025-02-16 04:49:18 - INFO - Request to files/download
2025-02-16 04:49:18 - INFO - Request to files/download
2025-02-16 04:49:19 - INFO - Request to files/download
2025-02-16 04:49:19 - INFO - Request to files/download
2025-02-16 04:49:20 - INFO - Request to files/download
2025-02-16 04:49:21 - INFO - Request to files/download
2025-02-16 04:49:21 - INFO - Request to files/download
2025-02-16 04:49:22 - INFO - Request to files/download
2025-02-16 04:49:22 - INFO - Request to files/download
2025-02-16 04:49:23 - INFO - Request to files/download
2025-02-16 04:49:23 - INFO - Request to files/download
2025-02-16 04:49:23 - INFO - Request to files/download
2025-02-16 04:49:24 - INFO - Request to files/download
2025-02-16 04:49:24 - INFO - Request to files/download
2025-02-16 04:49:25 - INFO - Request to files/download
2025-02-16 04:49:25 - INFO - Request to files/download
2025-02-16 04:49:26 - INFO - Request to files/download
2025-02-16 04:49:26 - INFO - Request to files/download
2025-02-16 04:49:27 - INFO - Request to files/download
2025-02-16 04:49:28 - INFO - Request to files/download
2025-02-16 04:49:28 - INFO - Request to files/download
2025-02-16 04:49:29 - INFO - Request to files/download
2025-02-16 04:49:29 - INFO - Request to files/download
2025-02-16 04:49:30 - INFO - Request to files/download
2025-02-16 04:49:30 - INFO - Request to files/download
2025-02-16 04:49:30 - INFO - Request to files/download
2025-02-16 04:49:31 - INFO - Request to files/download
2025-02-16 04:49:31 - INFO - Request to files/download
2025-02-16 04:49:32 - INFO - Request to files/download
2025-02-16 04:49:32 - INFO - Request to files/download
2025-02-16 04:49:33 - INFO - Request to files/download
2025-02-16 04:49:33 - INFO - Request to files/download
2025-02-16 04:49:34 - INFO - Request to files/download
2025-02-16 04:49:34 - INFO - Request to files/download
2025-02-16 04:49:35 - INFO - Request to files/download
2025-02-16 04:49:36 - INFO - Request to files/download
2025-02-16 04:49:37 - INFO - Request to files/download
2025-02-16 04:49:37 - INFO - Request to files/download
2025-02-16 04:49:38 - INFO - Request to files/download
2025-02-16 04:49:38 - INFO - Request to files/download
2025-02-16 04:49:39 - INFO - Request to files/download
2025-02-16 04:49:39 - INFO - Request to files/download
2025-02-16 04:49:40 - INFO - Request to files/download
2025-02-16 04:49:40 - INFO - Request to files/download
2025-02-16 04:49:41 - INFO - Request to files/download
2025-02-16 04:49:41 - INFO - Request to files/download
2025-02-16 04:49:42 - INFO - Request to files/download
2025-02-16 04:49:42 - INFO - Request to files/download
2025-02-16 04:49:43 - INFO - Request to files/download
2025-02-16 05:04:47 - INFO - Best Threshold: 0.60, Precision: 1.0000, Reward: 4 Test Prec 0.0 Test reward 0 Mean 0.0 Features: ('rsi_break_4h', 'macd', 'squeeze_momentum', 'bb_sqeeze_both_direction') RandomForestClassifier
2025-02-16 05:04:47 - INFO - Request to files/get_metadata
2025-02-16 05:04:48 - INFO - Request to files/get_metadata
2025-02-16 05:04:48 - INFO - Request to files/download
2025-02-16 05:04:51 - INFO - Request to files/download
2025-02-16 05:04:53 - INFO - Request to files/get_metadata
2025-02-16 05:04:53 - INFO - Request to files/download
2025-02-16 05:04:54 - INFO - Request to files/get_metadata
2025-02-16 05:04:54 - INFO - Request to files/download
2025-02-16 05:04:55 - INFO - Request to files/get_metadata
2025-02-16 05:04:55 - INFO - Request to files/get_metadata
2025-02-16 05:04:55 - INFO - Request to files/get_metadata
2025-02-16 05:04:56 - INFO - Request to files/get_metadata
2025-02-16 05:04:56 - INFO - Request to files/get_metadata
2025-02-16 05:04:56 - INFO - Request to files/get_metadata
2025-02-16 05:04:57 - INFO - Request to files/get_metadata
2025-02-16 05:04:57 - INFO - Request to files/get_metadata
2025-02-16 05:04:58 - INFO - Request to files/get_metadata
2025-02-16 05:04:58 - INFO - Request to files/get_metadata
2025-02-16 05:04:58 - INFO - Request to files/get_metadata
2025-02-16 05:04:58 - INFO - Request to files/get_metadata
2025-02-16 05:04:59 - INFO - Request to files/get_metadata
2025-02-16 05:04:59 - INFO - Request to files/get_metadata
2025-02-16 05:04:59 - INFO - Request to files/get_metadata
2025-02-16 05:05:00 - INFO - Request to files/get_metadata
2025-02-16 05:05:00 - INFO - Request to files/get_metadata
2025-02-16 05:05:00 - INFO - Request to files/get_metadata
2025-02-16 05:05:00 - INFO - Request to files/get_metadata
2025-02-16 05:05:01 - INFO - Request to files/get_metadata
2025-02-16 05:05:01 - INFO - Request to files/get_metadata
2025-02-16 05:05:01 - INFO - Request to files/get_metadata
2025-02-16 05:05:02 - INFO - Request to files/get_metadata
2025-02-16 05:05:03 - INFO - Request to files/get_metadata
2025-02-16 05:05:03 - INFO - Request to files/get_metadata
2025-02-16 05:05:03 - INFO - Request to files/get_metadata
2025-02-16 05:05:03 - INFO - Request to files/get_metadata
2025-02-16 05:05:04 - INFO - Request to files/get_metadata
2025-02-16 05:05:04 - INFO - Request to files/get_metadata
2025-02-16 05:05:04 - INFO - Request to files/get_metadata
2025-02-16 05:05:05 - INFO - Request to files/get_metadata
2025-02-16 05:05:05 - INFO - Request to files/get_metadata
2025-02-16 05:05:05 - INFO - Request to files/get_metadata
2025-02-16 05:05:06 - INFO - Request to files/get_metadata
2025-02-16 05:05:06 - INFO - Request to files/get_metadata
2025-02-16 05:05:06 - INFO - Request to files/get_metadata
2025-02-16 05:05:07 - INFO - Request to files/get_metadata
2025-02-16 05:05:07 - INFO - Request to files/get_metadata
2025-02-16 05:05:07 - INFO - Request to files/get_metadata
2025-02-16 05:05:08 - INFO - Request to files/get_metadata
2025-02-16 05:05:08 - INFO - Request to files/get_metadata
2025-02-16 05:05:08 - INFO - Request to files/get_metadata
2025-02-16 05:05:09 - INFO - Request to files/get_metadata
2025-02-16 05:05:09 - INFO - Request to files/get_metadata
2025-02-16 05:05:09 - INFO - Request to files/get_metadata
2025-02-16 05:05:10 - INFO - Request to files/get_metadata
2025-02-16 05:05:10 - INFO - Request to files/get_metadata
2025-02-16 05:05:11 - INFO - Request to files/get_metadata
2025-02-16 05:05:11 - INFO - Request to files/get_metadata
2025-02-16 05:05:11 - INFO - Request to files/get_metadata
2025-02-16 05:05:11 - INFO - Request to files/get_metadata
2025-02-16 05:05:12 - INFO - Request to files/get_metadata
2025-02-16 05:05:12 - INFO - Request to files/get_metadata
2025-02-16 05:05:13 - INFO - Request to files/get_metadata
2025-02-16 05:05:13 - INFO - Request to files/get_metadata
2025-02-16 05:05:14 - INFO - Request to files/get_metadata
2025-02-16 05:05:14 - INFO - Request to files/get_metadata
2025-02-16 05:05:14 - INFO - Request to files/get_metadata
2025-02-16 05:05:15 - INFO - Request to files/get_metadata
2025-02-16 05:05:15 - INFO - Request to files/get_metadata
2025-02-16 05:05:16 - INFO - Request to files/get_metadata
2025-02-16 05:05:16 - INFO - Request to files/get_metadata
2025-02-16 05:05:16 - INFO - Request to files/get_metadata
2025-02-16 05:05:17 - INFO - Request to files/get_metadata
2025-02-16 05:05:17 - INFO - Request to files/get_metadata
2025-02-16 05:05:17 - INFO - Request to files/get_metadata
2025-02-16 05:05:18 - INFO - Request to files/get_metadata
2025-02-16 05:05:18 - INFO - Request to files/get_metadata
2025-02-16 05:05:18 - INFO - Request to files/get_metadata
2025-02-16 05:05:18 - INFO - Request to files/get_metadata
2025-02-16 05:05:19 - INFO - Request to files/get_metadata
2025-02-16 05:05:19 - INFO - Request to files/get_metadata
2025-02-16 05:05:19 - INFO - Request to files/get_metadata
2025-02-16 05:05:20 - INFO - Request to files/get_metadata
2025-02-16 05:05:20 - INFO - Request to files/get_metadata
2025-02-16 05:05:20 - INFO - Request to files/get_metadata
2025-02-16 05:05:21 - INFO - Request to files/get_metadata
2025-02-16 05:05:21 - INFO - Request to files/get_metadata
2025-02-16 05:05:22 - INFO - Request to files/get_metadata
2025-02-16 05:05:22 - INFO - Request to files/get_metadata
2025-02-16 05:05:22 - INFO - Request to files/download
2025-02-16 05:05:23 - INFO - Request to files/download
2025-02-16 05:05:24 - INFO - Request to files/download
2025-02-16 05:05:24 - INFO - Request to files/download
2025-02-16 05:05:25 - INFO - Request to files/download
2025-02-16 05:05:25 - INFO - Request to files/download
2025-02-16 05:05:26 - INFO - Request to files/download
2025-02-16 05:05:26 - INFO - Request to files/download
2025-02-16 05:05:27 - INFO - Request to files/download
2025-02-16 05:05:27 - INFO - Request to files/download
2025-02-16 05:05:28 - INFO - Request to files/download
2025-02-16 05:05:28 - INFO - Request to files/download
2025-02-16 05:05:29 - INFO - Request to files/download
2025-02-16 05:05:29 - INFO - Request to files/download
2025-02-16 05:05:30 - INFO - Request to files/download
2025-02-16 05:05:30 - INFO - Request to files/download
2025-02-16 05:05:31 - INFO - Request to files/download
2025-02-16 05:05:31 - INFO - Request to files/download
2025-02-16 05:05:32 - INFO - Request to files/download
2025-02-16 05:05:32 - INFO - Request to files/download
2025-02-16 05:05:33 - INFO - Request to files/download
2025-02-16 05:05:33 - INFO - Request to files/download
2025-02-16 05:05:34 - INFO - Request to files/download
2025-02-16 05:05:35 - INFO - Request to files/download
2025-02-16 05:05:35 - INFO - Request to files/download
2025-02-16 05:05:36 - INFO - Request to files/download
2025-02-16 05:05:36 - INFO - Request to files/download
2025-02-16 05:05:37 - INFO - Request to files/download
2025-02-16 05:05:37 - INFO - Request to files/download
2025-02-16 05:05:38 - INFO - Request to files/download
2025-02-16 05:05:38 - INFO - Request to files/download
2025-02-16 05:05:39 - INFO - Request to files/download
2025-02-16 05:05:39 - INFO - Request to files/download
2025-02-16 05:05:40 - INFO - Request to files/download
2025-02-16 05:05:41 - INFO - Request to files/download
2025-02-16 05:05:41 - INFO - Request to files/download
2025-02-16 05:05:42 - INFO - Request to files/download
2025-02-16 05:05:42 - INFO - Request to files/download
2025-02-16 05:05:43 - INFO - Request to files/download
2025-02-16 05:05:43 - INFO - Request to files/download
2025-02-16 05:05:44 - INFO - Request to files/download
2025-02-16 05:05:44 - INFO - Request to files/download
2025-02-16 05:05:45 - INFO - Request to files/download
2025-02-16 05:05:45 - INFO - Request to files/download
2025-02-16 05:05:46 - INFO - Request to files/download
2025-02-16 05:05:46 - INFO - Request to files/download
2025-02-16 05:05:47 - INFO - Request to files/download
2025-02-16 05:05:48 - INFO - Request to files/download
2025-02-16 05:05:48 - INFO - Request to files/download
2025-02-16 05:05:49 - INFO - Request to files/download
2025-02-16 05:05:49 - INFO - Request to files/download
2025-02-16 05:05:50 - INFO - Request to files/download
2025-02-16 05:05:50 - INFO - Request to files/download
2025-02-16 05:05:51 - INFO - Request to files/download
2025-02-16 05:05:51 - INFO - Request to files/download
2025-02-16 05:05:52 - INFO - Request to files/download
2025-02-16 05:05:52 - INFO - Request to files/download
2025-02-16 05:05:53 - INFO - Request to files/download
2025-02-16 05:05:53 - INFO - Request to files/download
2025-02-16 05:05:54 - INFO - Request to files/download
2025-02-16 05:05:54 - INFO - Request to files/download
2025-02-16 05:05:55 - INFO - Request to files/download
2025-02-16 05:05:55 - INFO - Request to files/download
2025-02-16 05:05:56 - INFO - Request to files/download
2025-02-16 05:05:56 - INFO - Request to files/download
2025-02-16 05:05:57 - INFO - Request to files/download
2025-02-16 05:05:57 - INFO - Request to files/download
2025-02-16 05:05:58 - INFO - Request to files/download
2025-02-16 05:05:58 - INFO - Request to files/download
2025-02-16 05:05:58 - INFO - Request to files/download
2025-02-16 05:05:59 - INFO - Request to files/download
2025-02-16 05:05:59 - INFO - Request to files/download
2025-02-16 05:06:00 - INFO - Request to files/download
2025-02-16 05:06:01 - INFO - Request to files/download
2025-02-16 05:06:01 - INFO - Request to files/download
2025-02-16 05:06:01 - INFO - Request to files/download
2025-02-16 05:06:02 - INFO - Request to files/download
2025-02-16 05:06:02 - INFO - Request to files/download
2025-02-16 05:06:03 - INFO - Request to files/download
2025-02-16 05:06:03 - INFO - Request to files/download
2025-02-16 05:20:22 - INFO - Best Threshold: 0.55, Precision: 1.0000, Reward: 2 Test Prec 0.0 Test reward 0 Mean 0.0 Features: ('macd_max', 'cci_4h', 'rsi', 'macd', 'ema_10_50') RandomForestClassifier
2025-02-16 05:20:22 - INFO - Request to files/get_metadata
2025-02-16 05:20:23 - INFO - Request to files/get_metadata
2025-02-16 05:20:23 - INFO - Request to files/download
2025-02-16 05:20:26 - INFO - Request to files/download
2025-02-16 05:20:27 - INFO - Request to files/get_metadata
2025-02-16 05:20:28 - INFO - Request to files/download
2025-02-16 05:20:28 - INFO - Request to files/get_metadata
2025-02-16 05:20:29 - INFO - Request to files/download
2025-02-16 05:20:29 - INFO - Request to files/get_metadata
2025-02-16 05:20:30 - INFO - Request to files/get_metadata
2025-02-16 05:20:30 - INFO - Request to files/get_metadata
2025-02-16 05:20:30 - INFO - Request to files/get_metadata
2025-02-16 05:20:31 - INFO - Request to files/get_metadata
2025-02-16 05:20:31 - INFO - Request to files/get_metadata
2025-02-16 05:20:31 - INFO - Request to files/get_metadata
2025-02-16 05:20:32 - INFO - Request to files/get_metadata
2025-02-16 05:20:32 - INFO - Request to files/get_metadata
2025-02-16 05:20:32 - INFO - Request to files/get_metadata
2025-02-16 05:20:32 - INFO - Request to files/get_metadata
2025-02-16 05:20:33 - INFO - Request to files/get_metadata
2025-02-16 05:20:33 - INFO - Request to files/get_metadata
2025-02-16 05:20:33 - INFO - Request to files/get_metadata
2025-02-16 05:20:34 - INFO - Request to files/get_metadata
2025-02-16 05:20:34 - INFO - Request to files/get_metadata
2025-02-16 05:20:34 - INFO - Request to files/get_metadata
2025-02-16 05:20:34 - INFO - Request to files/get_metadata
2025-02-16 05:20:35 - INFO - Request to files/get_metadata
2025-02-16 05:20:35 - INFO - Request to files/get_metadata
2025-02-16 05:20:35 - INFO - Request to files/get_metadata
2025-02-16 05:20:36 - INFO - Request to files/get_metadata
2025-02-16 05:20:36 - INFO - Request to files/get_metadata
2025-02-16 05:20:36 - INFO - Request to files/get_metadata
2025-02-16 05:20:37 - INFO - Request to files/get_metadata
2025-02-16 05:20:37 - INFO - Request to files/get_metadata
2025-02-16 05:20:37 - INFO - Request to files/get_metadata
2025-02-16 05:20:38 - INFO - Request to files/get_metadata
2025-02-16 05:20:38 - INFO - Request to files/get_metadata
2025-02-16 05:20:38 - INFO - Request to files/get_metadata
2025-02-16 05:20:38 - INFO - Request to files/get_metadata
2025-02-16 05:20:39 - INFO - Request to files/get_metadata
2025-02-16 05:20:39 - INFO - Request to files/get_metadata
2025-02-16 05:20:39 - INFO - Request to files/get_metadata
2025-02-16 05:20:40 - INFO - Request to files/get_metadata
2025-02-16 05:20:41 - INFO - Request to files/get_metadata
2025-02-16 05:20:41 - INFO - Request to files/get_metadata
2025-02-16 05:20:41 - INFO - Request to files/get_metadata
2025-02-16 05:20:42 - INFO - Request to files/get_metadata
2025-02-16 05:20:42 - INFO - Request to files/get_metadata
2025-02-16 05:20:42 - INFO - Request to files/get_metadata
2025-02-16 05:20:43 - INFO - Request to files/get_metadata
2025-02-16 05:20:43 - INFO - Request to files/get_metadata
2025-02-16 05:20:44 - INFO - Request to files/get_metadata
2025-02-16 05:20:44 - INFO - Request to files/get_metadata
2025-02-16 05:20:44 - INFO - Request to files/get_metadata
2025-02-16 05:20:44 - INFO - Request to files/get_metadata
2025-02-16 05:20:45 - INFO - Request to files/get_metadata
2025-02-16 05:20:45 - INFO - Request to files/get_metadata
2025-02-16 05:20:45 - INFO - Request to files/get_metadata
2025-02-16 05:20:46 - INFO - Request to files/get_metadata
2025-02-16 05:20:46 - INFO - Request to files/get_metadata
2025-02-16 05:20:46 - INFO - Request to files/get_metadata
2025-02-16 05:20:46 - INFO - Request to files/get_metadata
2025-02-16 05:20:47 - INFO - Request to files/get_metadata
2025-02-16 05:20:47 - INFO - Request to files/get_metadata
2025-02-16 05:20:48 - INFO - Request to files/get_metadata
2025-02-16 05:20:48 - INFO - Request to files/get_metadata
2025-02-16 05:20:49 - INFO - Request to files/get_metadata
2025-02-16 05:20:49 - INFO - Request to files/get_metadata
2025-02-16 05:20:49 - INFO - Request to files/get_metadata
2025-02-16 05:20:49 - INFO - Request to files/get_metadata
2025-02-16 05:20:50 - INFO - Request to files/get_metadata
2025-02-16 05:20:50 - INFO - Request to files/get_metadata
2025-02-16 05:20:50 - INFO - Request to files/get_metadata
2025-02-16 05:20:50 - INFO - Request to files/get_metadata
2025-02-16 05:20:51 - INFO - Request to files/get_metadata
2025-02-16 05:20:51 - INFO - Request to files/get_metadata
2025-02-16 05:20:51 - INFO - Request to files/get_metadata
2025-02-16 05:20:52 - INFO - Request to files/get_metadata
2025-02-16 05:20:52 - INFO - Request to files/get_metadata
2025-02-16 05:20:53 - INFO - Request to files/get_metadata
2025-02-16 05:20:53 - INFO - Request to files/get_metadata
2025-02-16 05:20:53 - INFO - Request to files/get_metadata
2025-02-16 05:20:54 - INFO - Request to files/get_metadata
2025-02-16 05:20:54 - INFO - Request to files/get_metadata
2025-02-16 05:20:54 - INFO - Request to files/get_metadata
2025-02-16 05:20:55 - INFO - Request to files/get_metadata
2025-02-16 05:20:55 - INFO - Request to files/get_metadata
2025-02-16 05:20:55 - INFO - Request to files/get_metadata
2025-02-16 05:20:55 - INFO - Request to files/download
2025-02-16 05:20:56 - INFO - Request to files/download
2025-02-16 05:20:56 - INFO - Request to files/download
2025-02-16 05:20:57 - INFO - Request to files/download
2025-02-16 05:20:57 - INFO - Request to files/download
2025-02-16 05:20:58 - INFO - Request to files/download
2025-02-16 05:20:58 - INFO - Request to files/download
2025-02-16 05:20:59 - INFO - Request to files/download
2025-02-16 05:20:59 - INFO - Request to files/download
2025-02-16 05:21:00 - INFO - Request to files/download
2025-02-16 05:21:01 - INFO - Request to files/download
2025-02-16 05:21:01 - INFO - Request to files/download
2025-02-16 05:21:01 - INFO - Request to files/download
2025-02-16 05:21:02 - INFO - Request to files/download
2025-02-16 05:21:02 - INFO - Request to files/download
2025-02-16 05:21:03 - INFO - Request to files/download
2025-02-16 05:21:03 - INFO - Request to files/download
2025-02-16 05:21:04 - INFO - Request to files/download
2025-02-16 05:21:04 - INFO - Request to files/download
2025-02-16 05:21:05 - INFO - Request to files/download
2025-02-16 05:21:05 - INFO - Request to files/download
2025-02-16 05:21:06 - INFO - Request to files/download
2025-02-16 05:21:06 - INFO - Request to files/download
2025-02-16 05:21:07 - INFO - Request to files/download
2025-02-16 05:21:07 - INFO - Request to files/download
2025-02-16 05:21:08 - INFO - Request to files/download
2025-02-16 05:21:08 - INFO - Request to files/download
2025-02-16 05:21:09 - INFO - Request to files/download
2025-02-16 05:21:09 - INFO - Request to files/download
2025-02-16 05:21:09 - INFO - Request to files/download
2025-02-16 05:21:10 - INFO - Request to files/download
2025-02-16 05:21:11 - INFO - Request to files/download
2025-02-16 05:21:11 - INFO - Request to files/download
2025-02-16 05:21:12 - INFO - Request to files/download
2025-02-16 05:21:12 - INFO - Request to files/download
2025-02-16 05:21:13 - INFO - Request to files/download
2025-02-16 05:21:13 - INFO - Request to files/download
2025-02-16 05:21:14 - INFO - Request to files/download
2025-02-16 05:21:14 - INFO - Request to files/download
2025-02-16 05:21:15 - INFO - Request to files/download
2025-02-16 05:21:16 - INFO - Request to files/download
2025-02-16 05:21:16 - INFO - Request to files/download
2025-02-16 05:21:17 - INFO - Request to files/download
2025-02-16 05:21:17 - INFO - Request to files/download
2025-02-16 05:21:17 - INFO - Request to files/download
2025-02-16 05:21:18 - INFO - Request to files/download
2025-02-16 05:21:18 - INFO - Request to files/download
2025-02-16 05:21:19 - INFO - Request to files/download
2025-02-16 05:21:20 - INFO - Request to files/download
2025-02-16 05:21:20 - INFO - Request to files/download
2025-02-16 05:21:21 - INFO - Request to files/download
2025-02-16 05:21:21 - INFO - Request to files/download
2025-02-16 05:21:22 - INFO - Request to files/download
2025-02-16 05:21:22 - INFO - Request to files/download
2025-02-16 05:21:23 - INFO - Request to files/download
2025-02-16 05:21:23 - INFO - Request to files/download
2025-02-16 05:21:24 - INFO - Request to files/download
2025-02-16 05:21:24 - INFO - Request to files/download
2025-02-16 05:21:25 - INFO - Request to files/download
2025-02-16 05:21:25 - INFO - Request to files/download
2025-02-16 05:21:26 - INFO - Request to files/download
2025-02-16 05:21:26 - INFO - Request to files/download
2025-02-16 05:21:27 - INFO - Request to files/download
2025-02-16 05:21:27 - INFO - Request to files/download
2025-02-16 05:21:28 - INFO - Request to files/download
2025-02-16 05:21:28 - INFO - Request to files/download
2025-02-16 05:21:29 - INFO - Request to files/download
2025-02-16 05:21:29 - INFO - Request to files/download
2025-02-16 05:21:30 - INFO - Request to files/download
2025-02-16 05:21:31 - INFO - Request to files/download
2025-02-16 05:21:31 - INFO - Request to files/download
2025-02-16 05:21:32 - INFO - Request to files/download
2025-02-16 05:21:32 - INFO - Request to files/download
2025-02-16 05:21:33 - INFO - Request to files/download
2025-02-16 05:21:33 - INFO - Request to files/download
2025-02-16 05:21:33 - INFO - Request to files/download
2025-02-16 05:21:34 - INFO - Request to files/download
2025-02-16 05:21:34 - INFO - Request to files/download
2025-02-16 05:21:35 - INFO - Request to files/download
2025-02-16 05:21:35 - INFO - Request to files/download
2025-02-16 06:50:36 - INFO - Best Threshold: 0.45, Precision: 1.0000, Reward: 3 Test Prec 0.5 Test reward 0 Mean 0.0 Features: ('cci', 'rsi', 'candle_4h', 'bb_sqeeze_both_direction') RandomForestClassifier
2025-02-16 06:50:36 - INFO - Request to files/get_metadata
2025-02-16 06:50:36 - INFO - Request to files/get_metadata
2025-02-16 06:50:36 - INFO - Request to files/download
2025-02-16 06:50:39 - INFO - Request to files/download
2025-02-16 06:50:41 - INFO - Request to files/get_metadata
2025-02-16 06:50:41 - INFO - Request to files/download
2025-02-16 06:50:42 - INFO - Request to files/get_metadata
2025-02-16 06:50:42 - INFO - Request to files/download
2025-02-16 06:50:43 - INFO - Request to files/get_metadata
2025-02-16 06:50:43 - INFO - Request to files/get_metadata
2025-02-16 06:50:43 - INFO - Request to files/get_metadata
2025-02-16 06:50:43 - INFO - Request to files/get_metadata
2025-02-16 06:50:44 - INFO - Request to files/get_metadata
2025-02-16 06:50:44 - INFO - Request to files/get_metadata
2025-02-16 06:50:44 - INFO - Request to files/get_metadata
2025-02-16 06:50:45 - INFO - Request to files/get_metadata
2025-02-16 06:50:45 - INFO - Request to files/get_metadata
2025-02-16 06:50:45 - INFO - Request to files/get_metadata
2025-02-16 06:50:46 - INFO - Request to files/get_metadata
2025-02-16 06:50:46 - INFO - Request to files/get_metadata
2025-02-16 06:50:46 - INFO - Request to files/get_metadata
2025-02-16 06:50:47 - INFO - Request to files/get_metadata
2025-02-16 06:50:47 - INFO - Request to files/get_metadata
2025-02-16 06:50:47 - INFO - Request to files/get_metadata
2025-02-16 06:50:48 - INFO - Request to files/get_metadata
2025-02-16 06:50:48 - INFO - Request to files/get_metadata
2025-02-16 06:50:48 - INFO - Request to files/get_metadata
2025-02-16 06:50:49 - INFO - Request to files/get_metadata
2025-02-16 06:50:49 - INFO - Request to files/get_metadata
2025-02-16 06:50:49 - INFO - Request to files/get_metadata
2025-02-16 06:50:50 - INFO - Request to files/get_metadata
2025-02-16 06:50:50 - INFO - Request to files/get_metadata
2025-02-16 06:50:50 - INFO - Request to files/get_metadata
2025-02-16 06:50:50 - INFO - Request to files/get_metadata
2025-02-16 06:50:51 - INFO - Request to files/get_metadata
2025-02-16 06:50:51 - INFO - Request to files/get_metadata
2025-02-16 06:50:51 - INFO - Request to files/get_metadata
2025-02-16 06:50:52 - INFO - Request to files/get_metadata
2025-02-16 06:50:52 - INFO - Request to files/get_metadata
2025-02-16 06:50:52 - INFO - Request to files/get_metadata
2025-02-16 06:50:53 - INFO - Request to files/get_metadata
2025-02-16 06:50:53 - INFO - Request to files/get_metadata
2025-02-16 06:50:53 - INFO - Request to files/get_metadata
2025-02-16 06:50:54 - INFO - Request to files/get_metadata
2025-02-16 06:50:54 - INFO - Request to files/get_metadata
2025-02-16 06:50:54 - INFO - Request to files/get_metadata
2025-02-16 06:50:54 - INFO - Request to files/get_metadata
2025-02-16 06:50:55 - INFO - Request to files/get_metadata
2025-02-16 06:50:55 - INFO - Request to files/get_metadata
2025-02-16 06:50:55 - INFO - Request to files/get_metadata
2025-02-16 06:50:56 - INFO - Request to files/get_metadata
2025-02-16 06:50:56 - INFO - Request to files/get_metadata
2025-02-16 06:50:56 - INFO - Request to files/get_metadata
2025-02-16 06:50:58 - INFO - Request to files/get_metadata
2025-02-16 06:50:58 - INFO - Request to files/get_metadata
2025-02-16 06:50:58 - INFO - Request to files/get_metadata
2025-02-16 06:50:59 - INFO - Request to files/get_metadata
2025-02-16 06:50:59 - INFO - Request to files/get_metadata
2025-02-16 06:50:59 - INFO - Request to files/get_metadata
2025-02-16 06:51:00 - INFO - Request to files/get_metadata
2025-02-16 06:51:00 - INFO - Request to files/get_metadata
2025-02-16 06:51:00 - INFO - Request to files/get_metadata
2025-02-16 06:51:00 - INFO - Request to files/get_metadata
2025-02-16 06:51:01 - INFO - Request to files/get_metadata
2025-02-16 06:51:01 - INFO - Request to files/get_metadata
2025-02-16 06:51:02 - INFO - Request to files/get_metadata
2025-02-16 06:51:02 - INFO - Request to files/get_metadata
2025-02-16 06:51:02 - INFO - Request to files/get_metadata
2025-02-16 06:51:03 - INFO - Request to files/get_metadata
2025-02-16 06:51:03 - INFO - Request to files/get_metadata
2025-02-16 06:51:03 - INFO - Request to files/get_metadata
2025-02-16 06:51:04 - INFO - Request to files/get_metadata
2025-02-16 06:51:04 - INFO - Request to files/get_metadata
2025-02-16 06:51:04 - INFO - Request to files/get_metadata
2025-02-16 06:51:04 - INFO - Request to files/get_metadata
2025-02-16 06:51:05 - INFO - Request to files/get_metadata
2025-02-16 06:51:05 - INFO - Request to files/get_metadata
2025-02-16 06:51:05 - INFO - Request to files/get_metadata
2025-02-16 06:51:05 - INFO - Request to files/get_metadata
2025-02-16 06:51:06 - INFO - Request to files/get_metadata
2025-02-16 06:51:06 - INFO - Request to files/get_metadata
2025-02-16 06:51:06 - INFO - Request to files/get_metadata
2025-02-16 06:51:07 - INFO - Request to files/get_metadata
2025-02-16 06:51:07 - INFO - Request to files/get_metadata
2025-02-16 06:51:07 - INFO - Request to files/get_metadata
2025-02-16 06:51:08 - INFO - Request to files/get_metadata
2025-02-16 06:51:08 - INFO - Request to files/get_metadata
2025-02-16 06:51:08 - INFO - Request to files/get_metadata
2025-02-16 06:51:08 - INFO - Request to files/download
2025-02-16 06:51:09 - INFO - Request to files/download
2025-02-16 06:51:10 - INFO - Request to files/download
2025-02-16 06:51:10 - INFO - Request to files/download
2025-02-16 06:51:11 - INFO - Request to files/download
2025-02-16 06:51:11 - INFO - Request to files/download
2025-02-16 06:51:12 - INFO - Request to files/download
2025-02-16 06:51:12 - INFO - Request to files/download
2025-02-16 06:51:12 - INFO - Request to files/download
2025-02-16 06:51:13 - INFO - Request to files/download
2025-02-16 06:51:14 - INFO - Request to files/download
2025-02-16 06:51:14 - INFO - Request to files/download
2025-02-16 06:51:14 - INFO - Request to files/download
2025-02-16 06:51:15 - INFO - Request to files/download
2025-02-16 06:51:15 - INFO - Request to files/download
2025-02-16 06:51:16 - INFO - Request to files/download
2025-02-16 06:51:17 - INFO - Request to files/download
2025-02-16 06:51:17 - INFO - Request to files/download
2025-02-16 06:51:18 - INFO - Request to files/download
2025-02-16 06:51:18 - INFO - Request to files/download
2025-02-16 06:51:19 - INFO - Request to files/download
2025-02-16 06:51:19 - INFO - Request to files/download
2025-02-16 06:51:20 - INFO - Request to files/download
2025-02-16 06:51:21 - INFO - Request to files/download
2025-02-16 06:51:21 - INFO - Request to files/download
2025-02-16 06:51:22 - INFO - Request to files/download
2025-02-16 06:51:22 - INFO - Request to files/download
2025-02-16 06:51:23 - INFO - Request to files/download
2025-02-16 06:51:23 - INFO - Request to files/download
2025-02-16 06:51:24 - INFO - Request to files/download
2025-02-16 06:51:24 - INFO - Request to files/download
2025-02-16 06:51:25 - INFO - Request to files/download
2025-02-16 06:51:25 - INFO - Request to files/download
2025-02-16 06:51:26 - INFO - Request to files/download
2025-02-16 06:51:26 - INFO - Request to files/download
2025-02-16 06:51:26 - INFO - Request to files/download
2025-02-16 06:51:27 - INFO - Request to files/download
2025-02-16 06:51:28 - INFO - Request to files/download
2025-02-16 06:51:28 - INFO - Request to files/download
2025-02-16 06:51:29 - INFO - Request to files/download
2025-02-16 06:51:29 - INFO - Request to files/download
2025-02-16 06:51:30 - INFO - Request to files/download
2025-02-16 06:51:30 - INFO - Request to files/download
2025-02-16 06:51:31 - INFO - Request to files/download
2025-02-16 06:51:31 - INFO - Request to files/download
2025-02-16 06:51:32 - INFO - Request to files/download
2025-02-16 06:51:32 - INFO - Request to files/download
2025-02-16 06:51:33 - INFO - Request to files/download
2025-02-16 06:51:33 - INFO - Request to files/download
2025-02-16 06:51:34 - INFO - Request to files/download
2025-02-16 06:51:34 - INFO - Request to files/download
2025-02-16 06:51:35 - INFO - Request to files/download
2025-02-16 06:51:35 - INFO - Request to files/download
2025-02-16 06:51:35 - INFO - Request to files/download
2025-02-16 06:51:36 - INFO - Request to files/download
2025-02-16 06:51:36 - INFO - Request to files/download
2025-02-16 06:51:37 - INFO - Request to files/download
2025-02-16 06:51:38 - INFO - Request to files/download
2025-02-16 06:51:38 - INFO - Request to files/download
2025-02-16 06:51:39 - INFO - Request to files/download
2025-02-16 06:51:39 - INFO - Request to files/download
2025-02-16 06:51:39 - INFO - Request to files/download
2025-02-16 06:51:40 - INFO - Request to files/download
2025-02-16 06:51:40 - INFO - Request to files/download
2025-02-16 06:51:41 - INFO - Request to files/download
2025-02-16 06:51:41 - INFO - Request to files/download
2025-02-16 06:51:42 - INFO - Request to files/download
2025-02-16 06:51:42 - INFO - Request to files/download
2025-02-16 06:51:43 - INFO - Request to files/download
2025-02-16 06:51:43 - INFO - Request to files/download
2025-02-16 06:51:44 - INFO - Request to files/download
2025-02-16 06:51:44 - INFO - Request to files/download
2025-02-16 06:51:45 - INFO - Request to files/download
2025-02-16 06:51:45 - INFO - Request to files/download
2025-02-16 06:51:46 - INFO - Request to files/download
2025-02-16 06:51:46 - INFO - Request to files/download
2025-02-16 06:51:47 - INFO - Request to files/download
2025-02-16 06:51:47 - INFO - Request to files/download
2025-02-16 06:51:48 - INFO - Request to files/download
2025-02-16 06:51:48 - INFO - Request to files/download
2025-02-16 06:56:03 - INFO - Best Threshold: 0.50, Precision: 1.0000, Reward: 2 Test Prec 0.0 Test reward 0 Mean 0.0 Features: ('adx_slope', 'rsi_break_4h', 'macd', 'squeeze_momentum', 'ema_10_50') RandomForestClassifier
2025-02-16 06:56:03 - INFO - Request to files/get_metadata
2025-02-16 06:56:04 - INFO - Request to files/get_metadata
2025-02-16 06:56:04 - INFO - Request to files/download
2025-02-16 06:56:07 - INFO - Request to files/download
2025-02-16 06:56:08 - INFO - Request to files/get_metadata
2025-02-16 06:56:09 - INFO - Request to files/download
2025-02-16 06:56:09 - INFO - Request to files/get_metadata
2025-02-16 06:56:10 - INFO - Request to files/download
2025-02-16 06:56:10 - INFO - Request to files/get_metadata
2025-02-16 06:56:11 - INFO - Request to files/get_metadata
2025-02-16 06:56:11 - INFO - Request to files/get_metadata
2025-02-16 06:56:11 - INFO - Request to files/get_metadata
2025-02-16 06:56:12 - INFO - Request to files/get_metadata
2025-02-16 06:56:12 - INFO - Request to files/get_metadata
2025-02-16 06:56:12 - INFO - Request to files/get_metadata
2025-02-16 06:56:12 - INFO - Request to files/get_metadata
2025-02-16 06:56:13 - INFO - Request to files/get_metadata
2025-02-16 06:56:14 - INFO - Request to files/get_metadata
2025-02-16 06:56:14 - INFO - Request to files/get_metadata
2025-02-16 06:56:15 - INFO - Request to files/get_metadata
2025-02-16 06:56:15 - INFO - Request to files/get_metadata
2025-02-16 06:56:15 - INFO - Request to files/get_metadata
2025-02-16 06:56:15 - INFO - Request to files/get_metadata
2025-02-16 06:56:16 - INFO - Request to files/get_metadata
2025-02-16 06:56:16 - INFO - Request to files/get_metadata
2025-02-16 06:56:16 - INFO - Request to files/get_metadata
2025-02-16 06:56:17 - INFO - Request to files/get_metadata
2025-02-16 06:56:17 - INFO - Request to files/get_metadata
2025-02-16 06:56:17 - INFO - Request to files/get_metadata
2025-02-16 06:56:18 - INFO - Request to files/get_metadata
2025-02-16 06:56:18 - INFO - Request to files/get_metadata
2025-02-16 06:56:18 - INFO - Request to files/get_metadata
2025-02-16 06:56:19 - INFO - Request to files/get_metadata
2025-02-16 06:56:19 - INFO - Request to files/get_metadata
2025-02-16 06:56:19 - INFO - Request to files/get_metadata
2025-02-16 06:56:19 - INFO - Request to files/get_metadata
2025-02-16 06:56:20 - INFO - Request to files/get_metadata
2025-02-16 06:56:20 - INFO - Request to files/get_metadata
2025-02-16 06:56:20 - INFO - Request to files/get_metadata
2025-02-16 06:56:21 - INFO - Request to files/get_metadata
2025-02-16 06:56:21 - INFO - Request to files/get_metadata
2025-02-16 06:56:21 - INFO - Request to files/get_metadata
2025-02-16 06:56:21 - INFO - Request to files/get_metadata
2025-02-16 06:56:22 - INFO - Request to files/get_metadata
2025-02-16 06:56:22 - INFO - Request to files/get_metadata
2025-02-16 06:56:22 - INFO - Request to files/get_metadata
2025-02-16 06:56:23 - INFO - Request to files/get_metadata
2025-02-16 06:56:23 - INFO - Request to files/get_metadata
2025-02-16 06:56:23 - INFO - Request to files/get_metadata
2025-02-16 06:56:23 - INFO - Request to files/get_metadata
2025-02-16 06:56:24 - INFO - Request to files/get_metadata
2025-02-16 06:56:24 - INFO - Request to files/get_metadata
2025-02-16 06:56:24 - INFO - Request to files/get_metadata
2025-02-16 06:56:25 - INFO - Request to files/get_metadata
2025-02-16 06:56:25 - INFO - Request to files/get_metadata
2025-02-16 06:56:25 - INFO - Request to files/get_metadata
2025-02-16 06:56:25 - INFO - Request to files/get_metadata
2025-02-16 06:56:26 - INFO - Request to files/get_metadata
2025-02-16 06:56:26 - INFO - Request to files/get_metadata
2025-02-16 06:56:26 - INFO - Request to files/get_metadata
2025-02-16 06:56:27 - INFO - Request to files/get_metadata
2025-02-16 06:56:27 - INFO - Request to files/get_metadata
2025-02-16 06:56:27 - INFO - Request to files/get_metadata
2025-02-16 06:56:27 - INFO - Request to files/get_metadata
2025-02-16 06:56:28 - INFO - Request to files/get_metadata
2025-02-16 06:56:28 - INFO - Request to files/get_metadata
2025-02-16 06:56:28 - INFO - Request to files/get_metadata
2025-02-16 06:56:29 - INFO - Request to files/get_metadata
2025-02-16 06:56:29 - INFO - Request to files/get_metadata
2025-02-16 06:56:29 - INFO - Request to files/get_metadata
2025-02-16 06:56:30 - INFO - Request to files/get_metadata
2025-02-16 06:56:30 - INFO - Request to files/get_metadata
2025-02-16 06:56:30 - INFO - Request to files/get_metadata
2025-02-16 06:56:31 - INFO - Request to files/get_metadata
2025-02-16 06:56:31 - INFO - Request to files/get_metadata
2025-02-16 06:56:31 - INFO - Request to files/get_metadata
2025-02-16 06:56:32 - INFO - Request to files/get_metadata
2025-02-16 06:56:32 - INFO - Request to files/get_metadata
2025-02-16 06:56:32 - INFO - Request to files/get_metadata
2025-02-16 06:56:33 - INFO - Request to files/get_metadata
2025-02-16 06:56:34 - INFO - Request to files/get_metadata
2025-02-16 06:56:34 - INFO - Request to files/get_metadata
2025-02-16 06:56:34 - INFO - Request to files/get_metadata
2025-02-16 06:56:34 - INFO - Request to files/get_metadata
2025-02-16 06:56:35 - INFO - Request to files/get_metadata
2025-02-16 06:56:35 - INFO - Request to files/get_metadata
2025-02-16 06:56:35 - INFO - Request to files/get_metadata
2025-02-16 06:56:36 - INFO - Request to files/get_metadata
2025-02-16 06:56:36 - INFO - Request to files/download
2025-02-16 06:56:36 - INFO - Request to files/download
2025-02-16 06:56:37 - INFO - Request to files/download
2025-02-16 06:56:37 - INFO - Request to files/download
2025-02-16 06:56:38 - INFO - Request to files/download
2025-02-16 06:56:39 - INFO - Request to files/download
2025-02-16 06:56:39 - INFO - Request to files/download
2025-02-16 06:56:40 - INFO - Request to files/download
2025-02-16 06:56:40 - INFO - Request to files/download
2025-02-16 06:56:41 - INFO - Request to files/download
2025-02-16 06:56:41 - INFO - Request to files/download
2025-02-16 06:56:42 - INFO - Request to files/download
2025-02-16 06:56:42 - INFO - Request to files/download
2025-02-16 06:56:43 - INFO - Request to files/download
2025-02-16 06:56:43 - INFO - Request to files/download
2025-02-16 06:56:44 - INFO - Request to files/download
2025-02-16 06:56:44 - INFO - Request to files/download
2025-02-16 06:56:45 - INFO - Request to files/download
2025-02-16 06:56:45 - INFO - Request to files/download
2025-02-16 06:56:46 - INFO - Request to files/download
2025-02-16 06:56:46 - INFO - Request to files/download
2025-02-16 06:56:47 - INFO - Request to files/download
2025-02-16 06:56:47 - INFO - Request to files/download
2025-02-16 06:56:48 - INFO - Request to files/download
2025-02-16 06:56:48 - INFO - Request to files/download
2025-02-16 06:56:49 - INFO - Request to files/download
2025-02-16 06:56:49 - INFO - Request to files/download
2025-02-16 06:56:50 - INFO - Request to files/download
2025-02-16 06:56:50 - INFO - Request to files/download
2025-02-16 06:56:51 - INFO - Request to files/download
2025-02-16 06:56:51 - INFO - Request to files/download
2025-02-16 06:56:51 - INFO - Request to files/download
2025-02-16 06:56:52 - INFO - Request to files/download
2025-02-16 06:56:52 - INFO - Request to files/download
2025-02-16 06:56:53 - INFO - Request to files/download
2025-02-16 06:56:53 - INFO - Request to files/download
2025-02-16 06:56:54 - INFO - Request to files/download
2025-02-16 06:56:54 - INFO - Request to files/download
2025-02-16 06:56:55 - INFO - Request to files/download
2025-02-16 06:56:55 - INFO - Request to files/download
2025-02-16 06:56:56 - INFO - Request to files/download
2025-02-16 06:56:56 - INFO - Request to files/download
2025-02-16 06:56:57 - INFO - Request to files/download
2025-02-16 06:56:57 - INFO - Request to files/download
2025-02-16 06:56:58 - INFO - Request to files/download
2025-02-16 06:56:58 - INFO - Request to files/download
2025-02-16 06:56:59 - INFO - Request to files/download
2025-02-16 06:56:59 - INFO - Request to files/download
2025-02-16 06:57:00 - INFO - Request to files/download
2025-02-16 06:57:00 - INFO - Request to files/download
2025-02-16 06:57:01 - INFO - Request to files/download
2025-02-16 06:57:01 - INFO - Request to files/download
2025-02-16 06:57:01 - INFO - Request to files/download
2025-02-16 06:57:02 - INFO - Request to files/download
2025-02-16 06:57:02 - INFO - Request to files/download
2025-02-16 06:57:03 - INFO - Request to files/download
2025-02-16 06:57:03 - INFO - Request to files/download
2025-02-16 06:57:04 - INFO - Request to files/download
2025-02-16 06:57:04 - INFO - Request to files/download
2025-02-16 06:57:05 - INFO - Request to files/download
2025-02-16 06:57:05 - INFO - Request to files/download
2025-02-16 06:57:05 - INFO - Request to files/download
2025-02-16 06:57:06 - INFO - Request to files/download
2025-02-16 06:57:06 - INFO - Request to files/download
2025-02-16 06:57:07 - INFO - Request to files/download
2025-02-16 06:57:07 - INFO - Request to files/download
2025-02-16 06:57:08 - INFO - Request to files/download
2025-02-16 06:57:08 - INFO - Request to files/download
2025-02-16 06:57:09 - INFO - Request to files/download
2025-02-16 06:57:09 - INFO - Request to files/download
2025-02-16 06:57:10 - INFO - Request to files/download
2025-02-16 06:57:10 - INFO - Request to files/download
2025-02-16 06:57:11 - INFO - Request to files/download
2025-02-16 06:57:11 - INFO - Request to files/download
2025-02-16 06:57:11 - INFO - Request to files/download
2025-02-16 06:57:12 - INFO - Request to files/download
2025-02-16 06:57:12 - INFO - Request to files/download
2025-02-16 06:57:13 - INFO - Request to files/download
2025-02-16 06:57:13 - INFO - Request to files/download
2025-02-16 06:57:14 - INFO - Request to files/download
2025-02-16 07:09:28 - INFO - Best Threshold: 0.60, Precision: 1.0000, Reward: 1 Test Prec 0.0 Test reward 0 Mean 0.0 Features: ('macd_zero', 'rsi_break_4h', 'rsi_convergence5_40', 'adx_max_4h') RandomForestClassifier
2025-02-16 07:09:28 - INFO - Request to files/get_metadata
2025-02-16 07:09:29 - INFO - Request to files/get_metadata
2025-02-16 07:09:29 - INFO - Request to files/download
2025-02-16 07:09:32 - INFO - Request to files/download
2025-02-16 07:09:34 - INFO - Request to files/get_metadata
2025-02-16 07:09:34 - INFO - Request to files/download
2025-02-16 07:09:35 - INFO - Request to files/get_metadata
2025-02-16 07:09:35 - INFO - Request to files/download
2025-02-16 07:09:36 - INFO - Request to files/get_metadata
2025-02-16 07:09:36 - INFO - Request to files/get_metadata
2025-02-16 07:09:36 - INFO - Request to files/get_metadata
2025-02-16 07:09:37 - INFO - Request to files/get_metadata
2025-02-16 07:09:37 - INFO - Request to files/get_metadata
2025-02-16 07:09:37 - INFO - Request to files/get_metadata
2025-02-16 07:09:37 - INFO - Request to files/get_metadata
2025-02-16 07:09:38 - INFO - Request to files/get_metadata
2025-02-16 07:09:38 - INFO - Request to files/get_metadata
2025-02-16 07:09:38 - INFO - Request to files/get_metadata
2025-02-16 07:09:39 - INFO - Request to files/get_metadata
2025-02-16 07:09:39 - INFO - Request to files/get_metadata
2025-02-16 07:09:40 - INFO - Request to files/get_metadata
2025-02-16 07:09:40 - INFO - Request to files/get_metadata
2025-02-16 07:09:40 - INFO - Request to files/get_metadata
2025-02-16 07:09:41 - INFO - Request to files/get_metadata
2025-02-16 07:09:41 - INFO - Request to files/get_metadata
2025-02-16 07:09:42 - INFO - Request to files/get_metadata
2025-02-16 07:09:43 - INFO - Request to files/get_metadata
2025-02-16 07:09:43 - INFO - Request to files/get_metadata
2025-02-16 07:09:43 - INFO - Request to files/get_metadata
2025-02-16 07:09:44 - INFO - Request to files/get_metadata
2025-02-16 07:09:44 - INFO - Request to files/get_metadata
2025-02-16 07:09:44 - INFO - Request to files/get_metadata
2025-02-16 07:09:45 - INFO - Request to files/get_metadata
2025-02-16 07:09:45 - INFO - Request to files/get_metadata
2025-02-16 07:09:45 - INFO - Request to files/get_metadata
2025-02-16 07:09:46 - INFO - Request to files/get_metadata
2025-02-16 07:09:46 - INFO - Request to files/get_metadata
2025-02-16 07:09:46 - INFO - Request to files/get_metadata
2025-02-16 07:09:46 - INFO - Request to files/get_metadata
2025-02-16 07:09:47 - INFO - Request to files/get_metadata
2025-02-16 07:09:47 - INFO - Request to files/get_metadata
2025-02-16 07:09:47 - INFO - Request to files/get_metadata
2025-02-16 07:09:48 - INFO - Request to files/get_metadata
2025-02-16 07:09:48 - INFO - Request to files/get_metadata
2025-02-16 07:09:48 - INFO - Request to files/get_metadata
2025-02-16 07:09:49 - INFO - Request to files/get_metadata
2025-02-16 07:09:49 - INFO - Request to files/get_metadata
2025-02-16 07:09:49 - INFO - Request to files/get_metadata
2025-02-16 07:09:50 - INFO - Request to files/get_metadata
2025-02-16 07:09:50 - INFO - Request to files/get_metadata
2025-02-16 07:09:50 - INFO - Request to files/get_metadata
2025-02-16 07:09:50 - INFO - Request to files/get_metadata
2025-02-16 07:09:51 - INFO - Request to files/get_metadata
2025-02-16 07:09:51 - INFO - Request to files/get_metadata
2025-02-16 07:09:51 - INFO - Request to files/get_metadata
2025-02-16 07:09:52 - INFO - Request to files/get_metadata
2025-02-16 07:09:52 - INFO - Request to files/get_metadata
2025-02-16 07:09:52 - INFO - Request to files/get_metadata
2025-02-16 07:09:52 - INFO - Request to files/get_metadata
2025-02-16 07:09:53 - INFO - Request to files/get_metadata
2025-02-16 07:09:53 - INFO - Request to files/get_metadata
2025-02-16 07:09:53 - INFO - Request to files/get_metadata
2025-02-16 07:09:54 - INFO - Request to files/get_metadata
2025-02-16 07:09:54 - INFO - Request to files/get_metadata
2025-02-16 07:09:54 - INFO - Request to files/get_metadata
2025-02-16 07:09:55 - INFO - Request to files/get_metadata
2025-02-16 07:09:55 - INFO - Request to files/get_metadata
2025-02-16 07:09:55 - INFO - Request to files/get_metadata
2025-02-16 07:09:55 - INFO - Request to files/get_metadata
2025-02-16 07:09:56 - INFO - Request to files/get_metadata
2025-02-16 07:09:56 - INFO - Request to files/get_metadata
2025-02-16 07:09:56 - INFO - Request to files/get_metadata
2025-02-16 07:09:56 - INFO - Request to files/get_metadata
2025-02-16 07:09:57 - INFO - Request to files/get_metadata
2025-02-16 07:09:58 - INFO - Request to files/get_metadata
2025-02-16 07:09:58 - INFO - Request to files/get_metadata
2025-02-16 07:09:59 - INFO - Request to files/get_metadata
2025-02-16 07:09:59 - INFO - Request to files/get_metadata
2025-02-16 07:09:59 - INFO - Request to files/get_metadata
2025-02-16 07:10:00 - INFO - Request to files/get_metadata
2025-02-16 07:10:00 - INFO - Request to files/get_metadata
2025-02-16 07:10:00 - INFO - Request to files/get_metadata
2025-02-16 07:10:00 - INFO - Request to files/get_metadata
2025-02-16 07:10:01 - INFO - Request to files/get_metadata
2025-02-16 07:10:01 - INFO - Request to files/get_metadata
2025-02-16 07:10:01 - INFO - Request to files/get_metadata
2025-02-16 07:10:02 - INFO - Request to files/get_metadata
2025-02-16 07:10:02 - INFO - Request to files/get_metadata
2025-02-16 07:10:02 - INFO - Request to files/download
2025-02-16 07:10:03 - INFO - Request to files/download
2025-02-16 07:10:03 - INFO - Request to files/download
2025-02-16 07:10:04 - INFO - Request to files/download
2025-02-16 07:10:04 - INFO - Request to files/download
2025-02-16 07:10:05 - INFO - Request to files/download
2025-02-16 07:10:05 - INFO - Request to files/download
2025-02-16 07:10:06 - INFO - Request to files/download
2025-02-16 07:10:06 - INFO - Request to files/download
2025-02-16 07:10:07 - INFO - Request to files/download
2025-02-16 07:10:07 - INFO - Request to files/download
2025-02-16 07:10:08 - INFO - Request to files/download
2025-02-16 07:10:08 - INFO - Request to files/download
2025-02-16 07:10:09 - INFO - Request to files/download
2025-02-16 07:10:09 - INFO - Request to files/download
2025-02-16 07:10:10 - INFO - Request to files/download
2025-02-16 07:10:10 - INFO - Request to files/download
2025-02-16 07:10:11 - INFO - Request to files/download
2025-02-16 07:10:11 - INFO - Request to files/download
2025-02-16 07:10:12 - INFO - Request to files/download
2025-02-16 07:10:12 - INFO - Request to files/download
2025-02-16 07:10:13 - INFO - Request to files/download
2025-02-16 07:10:13 - INFO - Request to files/download
2025-02-16 07:10:14 - INFO - Request to files/download
2025-02-16 07:10:15 - INFO - Request to files/download
2025-02-16 07:10:15 - INFO - Request to files/download
2025-02-16 07:10:15 - INFO - Request to files/download
2025-02-16 07:10:16 - INFO - Request to files/download
2025-02-16 07:10:16 - INFO - Request to files/download
2025-02-16 07:10:17 - INFO - Request to files/download
2025-02-16 07:10:17 - INFO - Request to files/download
2025-02-16 07:10:18 - INFO - Request to files/download
2025-02-16 07:10:18 - INFO - Request to files/download
2025-02-16 07:10:19 - INFO - Request to files/download
2025-02-16 07:10:19 - INFO - Request to files/download
2025-02-16 07:10:20 - INFO - Request to files/download
2025-02-16 07:10:20 - INFO - Request to files/download
2025-02-16 07:10:21 - INFO - Request to files/download
2025-02-16 07:10:21 - INFO - Request to files/download
2025-02-16 07:10:22 - INFO - Request to files/download
2025-02-16 07:10:22 - INFO - Request to files/download
2025-02-16 07:10:23 - INFO - Request to files/download
2025-02-16 07:10:23 - INFO - Request to files/download
2025-02-16 07:10:24 - INFO - Request to files/download
2025-02-16 07:10:24 - INFO - Request to files/download
2025-02-16 07:10:25 - INFO - Request to files/download
2025-02-16 07:10:25 - INFO - Request to files/download
2025-02-16 07:10:26 - INFO - Request to files/download
2025-02-16 07:10:26 - INFO - Request to files/download
2025-02-16 07:10:27 - INFO - Request to files/download
2025-02-16 07:10:27 - INFO - Request to files/download
2025-02-16 07:10:28 - INFO - Request to files/download
2025-02-16 07:10:28 - INFO - Request to files/download
2025-02-16 07:10:29 - INFO - Request to files/download
2025-02-16 07:10:29 - INFO - Request to files/download
2025-02-16 07:10:30 - INFO - Request to files/download
2025-02-16 07:10:30 - INFO - Request to files/download
2025-02-16 07:10:31 - INFO - Request to files/download
2025-02-16 07:10:31 - INFO - Request to files/download
2025-02-16 07:10:32 - INFO - Request to files/download
2025-02-16 07:10:33 - INFO - Request to files/download
2025-02-16 07:10:33 - INFO - Request to files/download
2025-02-16 07:10:34 - INFO - Request to files/download
2025-02-16 07:10:34 - INFO - Request to files/download
2025-02-16 07:10:35 - INFO - Request to files/download
2025-02-16 07:10:35 - INFO - Request to files/download
2025-02-16 07:10:35 - INFO - Request to files/download
2025-02-16 07:10:36 - INFO - Request to files/download
2025-02-16 07:10:37 - INFO - Request to files/download
2025-02-16 07:10:37 - INFO - Request to files/download
2025-02-16 07:10:38 - INFO - Request to files/download
2025-02-16 07:10:38 - INFO - Request to files/download
2025-02-16 07:10:39 - INFO - Request to files/download
2025-02-16 07:10:39 - INFO - Request to files/download
2025-02-16 07:10:40 - INFO - Request to files/download
2025-02-16 07:10:40 - INFO - Request to files/download
2025-02-16 07:10:41 - INFO - Request to files/download
2025-02-16 07:10:42 - INFO - Request to files/download
2025-02-16 07:10:42 - INFO - Request to files/download
2025-02-16 07:10:42 - INFO - Request to files/download
2025-02-16 07:22:56 - INFO - Best Threshold: 0.45, Precision: 1.0000, Reward: 5 Test Prec 0.5 Test reward 0 Mean 0.0 Features: ('bb_sqeeze_both_direction_4h', 'rsi_convergence', 'williams_break', 'ema_20_channel', 'adx_max_4h') RandomForestClassifier
2025-02-16 07:22:56 - INFO - Request to files/get_metadata
2025-02-16 07:22:56 - INFO - Request to files/get_metadata
2025-02-16 07:22:57 - INFO - Request to files/download
2025-02-16 07:22:59 - INFO - Request to files/download
2025-02-16 07:23:02 - INFO - Request to files/get_metadata
2025-02-16 07:23:02 - INFO - Request to files/download
2025-02-16 07:23:02 - INFO - Request to files/get_metadata
2025-02-16 07:23:03 - INFO - Request to files/download
2025-02-16 07:23:03 - INFO - Request to files/get_metadata
2025-02-16 07:23:04 - INFO - Request to files/get_metadata
2025-02-16 07:23:04 - INFO - Request to files/get_metadata
2025-02-16 07:23:05 - INFO - Request to files/get_metadata
2025-02-16 07:23:05 - INFO - Request to files/get_metadata
2025-02-16 07:23:05 - INFO - Request to files/get_metadata
2025-02-16 07:23:06 - INFO - Request to files/get_metadata
2025-02-16 07:23:06 - INFO - Request to files/get_metadata
2025-02-16 07:23:06 - INFO - Request to files/get_metadata
2025-02-16 07:23:07 - INFO - Request to files/get_metadata
2025-02-16 07:23:07 - INFO - Request to files/get_metadata
2025-02-16 07:23:07 - INFO - Request to files/get_metadata
2025-02-16 07:23:07 - INFO - Request to files/get_metadata
2025-02-16 07:23:08 - INFO - Request to files/get_metadata
2025-02-16 07:23:08 - INFO - Request to files/get_metadata
2025-02-16 07:23:08 - INFO - Request to files/get_metadata
2025-02-16 07:23:09 - INFO - Request to files/get_metadata
2025-02-16 07:23:09 - INFO - Request to files/get_metadata
2025-02-16 07:23:09 - INFO - Request to files/get_metadata
2025-02-16 07:23:09 - INFO - Request to files/get_metadata
2025-02-16 07:23:10 - INFO - Request to files/get_metadata
2025-02-16 07:23:10 - INFO - Request to files/get_metadata
2025-02-16 07:23:10 - INFO - Request to files/get_metadata
2025-02-16 07:23:11 - INFO - Request to files/get_metadata
2025-02-16 07:23:11 - INFO - Request to files/get_metadata
2025-02-16 07:23:11 - INFO - Request to files/get_metadata
2025-02-16 07:23:12 - INFO - Request to files/get_metadata
2025-02-16 07:23:12 - INFO - Request to files/get_metadata
2025-02-16 07:23:12 - INFO - Request to files/get_metadata
2025-02-16 07:23:12 - INFO - Request to files/get_metadata
2025-02-16 07:23:13 - INFO - Request to files/get_metadata
2025-02-16 07:23:13 - INFO - Request to files/get_metadata
2025-02-16 07:23:13 - INFO - Request to files/get_metadata
2025-02-16 07:23:14 - INFO - Request to files/get_metadata
2025-02-16 07:23:14 - INFO - Request to files/get_metadata
2025-02-16 07:23:14 - INFO - Request to files/get_metadata
2025-02-16 07:23:14 - INFO - Request to files/get_metadata
2025-02-16 07:23:15 - INFO - Request to files/get_metadata
2025-02-16 07:23:15 - INFO - Request to files/get_metadata
2025-02-16 07:23:15 - INFO - Request to files/get_metadata
2025-02-16 07:23:16 - INFO - Request to files/get_metadata
2025-02-16 07:23:16 - INFO - Request to files/get_metadata
2025-02-16 07:23:16 - INFO - Request to files/get_metadata
2025-02-16 07:23:17 - INFO - Request to files/get_metadata
2025-02-16 07:23:17 - INFO - Request to files/get_metadata
2025-02-16 07:23:17 - INFO - Request to files/get_metadata
2025-02-16 07:23:17 - INFO - Request to files/get_metadata
2025-02-16 07:23:18 - INFO - Request to files/get_metadata
2025-02-16 07:23:18 - INFO - Request to files/get_metadata
2025-02-16 07:23:18 - INFO - Request to files/get_metadata
2025-02-16 07:23:19 - INFO - Request to files/get_metadata
2025-02-16 07:23:19 - INFO - Request to files/get_metadata
2025-02-16 07:23:19 - INFO - Request to files/get_metadata
2025-02-16 07:23:20 - INFO - Request to files/get_metadata
2025-02-16 07:23:20 - INFO - Request to files/get_metadata
2025-02-16 07:23:21 - INFO - Request to files/get_metadata
2025-02-16 07:23:21 - INFO - Request to files/get_metadata
2025-02-16 07:23:21 - INFO - Request to files/get_metadata
2025-02-16 07:23:21 - INFO - Request to files/get_metadata
2025-02-16 07:23:22 - INFO - Request to files/get_metadata
2025-02-16 07:23:22 - INFO - Request to files/get_metadata
2025-02-16 07:23:22 - INFO - Request to files/get_metadata
2025-02-16 07:23:23 - INFO - Request to files/get_metadata
2025-02-16 07:23:23 - INFO - Request to files/get_metadata
2025-02-16 07:23:23 - INFO - Request to files/get_metadata
2025-02-16 07:23:23 - INFO - Request to files/get_metadata
2025-02-16 07:23:24 - INFO - Request to files/get_metadata
2025-02-16 07:23:24 - INFO - Request to files/get_metadata
2025-02-16 07:23:24 - INFO - Request to files/get_metadata
2025-02-16 07:23:25 - INFO - Request to files/get_metadata
2025-02-16 07:23:25 - INFO - Request to files/get_metadata
2025-02-16 07:23:25 - INFO - Request to files/get_metadata
2025-02-16 07:23:26 - INFO - Request to files/get_metadata
2025-02-16 07:23:26 - INFO - Request to files/get_metadata
2025-02-16 07:23:26 - INFO - Request to files/get_metadata
2025-02-16 07:23:27 - INFO - Request to files/get_metadata
2025-02-16 07:23:27 - INFO - Request to files/get_metadata
2025-02-16 07:23:27 - INFO - Request to files/get_metadata
2025-02-16 07:23:28 - INFO - Request to files/get_metadata
2025-02-16 07:23:28 - INFO - Request to files/get_metadata
2025-02-16 07:23:28 - INFO - Request to files/download
2025-02-16 07:23:29 - INFO - Request to files/download
2025-02-16 07:23:29 - INFO - Request to files/download
2025-02-16 07:23:30 - INFO - Request to files/download
2025-02-16 07:23:30 - INFO - Request to files/download
2025-02-16 07:23:31 - INFO - Request to files/download
2025-02-16 07:23:31 - INFO - Request to files/download
2025-02-16 07:23:32 - INFO - Request to files/download
2025-02-16 07:23:32 - INFO - Request to files/download
2025-02-16 07:23:32 - INFO - Request to files/download
2025-02-16 07:23:33 - INFO - Request to files/download
2025-02-16 07:23:33 - INFO - Request to files/download
2025-02-16 07:23:34 - INFO - Request to files/download
2025-02-16 07:23:35 - INFO - Request to files/download
2025-02-16 07:23:35 - INFO - Request to files/download
2025-02-16 07:23:36 - INFO - Request to files/download
2025-02-16 07:23:36 - INFO - Request to files/download
2025-02-16 07:23:37 - INFO - Request to files/download
2025-02-16 07:23:37 - INFO - Request to files/download
2025-02-16 07:23:38 - INFO - Request to files/download
2025-02-16 07:23:38 - INFO - Request to files/download
2025-02-16 07:23:39 - INFO - Request to files/download
2025-02-16 07:23:39 - INFO - Request to files/download
2025-02-16 07:23:39 - INFO - Request to files/download
2025-02-16 07:23:40 - INFO - Request to files/download
2025-02-16 07:23:40 - INFO - Request to files/download
2025-02-16 07:23:41 - INFO - Request to files/download
2025-02-16 07:23:41 - INFO - Request to files/download
2025-02-16 07:23:42 - INFO - Request to files/download
2025-02-16 07:23:42 - INFO - Request to files/download
2025-02-16 07:23:43 - INFO - Request to files/download
2025-02-16 07:23:43 - INFO - Request to files/download
2025-02-16 07:23:44 - INFO - Request to files/download
2025-02-16 07:23:44 - INFO - Request to files/download
2025-02-16 07:23:45 - INFO - Request to files/download
2025-02-16 07:23:45 - INFO - Request to files/download
2025-02-16 07:23:46 - INFO - Request to files/download
2025-02-16 07:23:47 - INFO - Request to files/download
2025-02-16 07:23:47 - INFO - Request to files/download
2025-02-16 07:23:47 - INFO - Request to files/download
2025-02-16 07:23:48 - INFO - Request to files/download
2025-02-16 07:23:48 - INFO - Request to files/download
2025-02-16 07:23:49 - INFO - Request to files/download
2025-02-16 07:23:49 - INFO - Request to files/download
2025-02-16 07:23:50 - INFO - Request to files/download
2025-02-16 07:23:50 - INFO - Request to files/download
2025-02-16 07:23:51 - INFO - Request to files/download
2025-02-16 07:23:51 - INFO - Request to files/download
2025-02-16 07:23:52 - INFO - Request to files/download
2025-02-16 07:23:53 - INFO - Request to files/download
2025-02-16 07:23:53 - INFO - Request to files/download
2025-02-16 07:23:54 - INFO - Request to files/download
2025-02-16 07:23:54 - INFO - Request to files/download
2025-02-16 07:23:55 - INFO - Request to files/download
2025-02-16 07:23:55 - INFO - Request to files/download
2025-02-16 07:23:56 - INFO - Request to files/download
2025-02-16 07:23:56 - INFO - Request to files/download
2025-02-16 07:23:57 - INFO - Request to files/download
2025-02-16 07:23:57 - INFO - Request to files/download
2025-02-16 07:23:58 - INFO - Request to files/download
2025-02-16 07:23:58 - INFO - Request to files/download
2025-02-16 07:23:59 - INFO - Request to files/download
2025-02-16 07:23:59 - INFO - Request to files/download
2025-02-16 07:24:00 - INFO - Request to files/download
2025-02-16 07:24:00 - INFO - Request to files/download
2025-02-16 07:24:01 - INFO - Request to files/download
2025-02-16 07:24:01 - INFO - Request to files/download
2025-02-16 07:24:02 - INFO - Request to files/download
2025-02-16 07:24:02 - INFO - Request to files/download
2025-02-16 07:24:03 - INFO - Request to files/download
2025-02-16 07:24:03 - INFO - Request to files/download
2025-02-16 07:24:04 - INFO - Request to files/download
2025-02-16 07:24:04 - INFO - Request to files/download
2025-02-16 07:24:04 - INFO - Request to files/download
2025-02-16 07:24:05 - INFO - Request to files/download
2025-02-16 07:24:05 - INFO - Request to files/download
2025-02-16 07:24:06 - INFO - Request to files/download
2025-02-16 07:24:06 - INFO - Request to files/download
2025-02-16 07:24:07 - INFO - Request to files/download
2025-02-16 07:24:07 - INFO - Request to files/download
2025-02-16 08:11:34 - INFO - Best Threshold: 0.60, Precision: 1.0000, Reward: 1 Test Prec 0.0 Test reward 0 Mean 0.0 Features: ('cci_4h', 'rsi_break_4h', 'adx_max_21', 'adx_max_4h') RandomForestClassifier
2025-02-16 08:11:34 - INFO - Request to files/get_metadata
2025-02-16 08:11:35 - INFO - Request to files/get_metadata
2025-02-16 08:11:35 - INFO - Request to files/download
2025-02-16 08:11:37 - INFO - Request to files/download
2025-02-16 08:11:39 - INFO - Request to files/get_metadata
2025-02-16 08:11:40 - INFO - Request to files/download
2025-02-16 08:11:40 - INFO - Request to files/get_metadata
2025-02-16 08:11:41 - INFO - Request to files/download
2025-02-16 08:11:41 - INFO - Request to files/get_metadata
2025-02-16 08:11:41 - INFO - Request to files/get_metadata
2025-02-16 08:11:42 - INFO - Request to files/get_metadata
2025-02-16 08:11:42 - INFO - Request to files/get_metadata
2025-02-16 08:11:43 - INFO - Request to files/get_metadata
2025-02-16 08:11:43 - INFO - Request to files/get_metadata
2025-02-16 08:11:43 - INFO - Request to files/get_metadata
2025-02-16 08:11:44 - INFO - Request to files/get_metadata
2025-02-16 08:11:44 - INFO - Request to files/get_metadata
2025-02-16 08:11:44 - INFO - Request to files/get_metadata
2025-02-16 08:11:45 - INFO - Request to files/get_metadata
2025-02-16 08:11:45 - INFO - Request to files/get_metadata
2025-02-16 08:11:45 - INFO - Request to files/get_metadata
2025-02-16 08:11:46 - INFO - Request to files/get_metadata
2025-02-16 08:11:46 - INFO - Request to files/get_metadata
2025-02-16 08:11:46 - INFO - Request to files/get_metadata
2025-02-16 08:11:47 - INFO - Request to files/get_metadata
2025-02-16 08:11:47 - INFO - Request to files/get_metadata
2025-02-16 08:11:47 - INFO - Request to files/get_metadata
2025-02-16 08:11:47 - INFO - Request to files/get_metadata
2025-02-16 08:11:48 - INFO - Request to files/get_metadata
2025-02-16 08:11:48 - INFO - Request to files/get_metadata
2025-02-16 08:11:48 - INFO - Request to files/get_metadata
2025-02-16 08:11:50 - INFO - Request to files/get_metadata
2025-02-16 08:11:50 - INFO - Request to files/get_metadata
2025-02-16 08:11:50 - INFO - Request to files/get_metadata
2025-02-16 08:11:50 - INFO - Request to files/get_metadata
2025-02-16 08:11:51 - INFO - Request to files/get_metadata
2025-02-16 08:11:51 - INFO - Request to files/get_metadata
2025-02-16 08:11:51 - INFO - Request to files/get_metadata
2025-02-16 08:11:52 - INFO - Request to files/get_metadata
2025-02-16 08:11:52 - INFO - Request to files/get_metadata
2025-02-16 08:11:52 - INFO - Request to files/get_metadata
2025-02-16 08:11:52 - INFO - Request to files/get_metadata
2025-02-16 08:11:53 - INFO - Request to files/get_metadata
2025-02-16 08:11:53 - INFO - Request to files/get_metadata
2025-02-16 08:11:53 - INFO - Request to files/get_metadata
2025-02-16 08:11:54 - INFO - Request to files/get_metadata
2025-02-16 08:11:54 - INFO - Request to files/get_metadata
2025-02-16 08:11:54 - INFO - Request to files/get_metadata
2025-02-16 08:11:55 - INFO - Request to files/get_metadata
2025-02-16 08:11:55 - INFO - Request to files/get_metadata
2025-02-16 08:11:55 - INFO - Request to files/get_metadata
2025-02-16 08:11:56 - INFO - Request to files/get_metadata
2025-02-16 08:11:56 - INFO - Request to files/get_metadata
2025-02-16 08:11:57 - INFO - Request to files/get_metadata
2025-02-16 08:11:57 - INFO - Request to files/get_metadata
2025-02-16 08:11:59 - INFO - Request to files/get_metadata
2025-02-16 08:12:00 - INFO - Request to files/get_metadata
2025-02-16 08:12:00 - INFO - Request to files/get_metadata
2025-02-16 08:12:01 - INFO - Request to files/get_metadata
2025-02-16 08:12:01 - INFO - Request to files/get_metadata
2025-02-16 08:12:01 - INFO - Request to files/get_metadata
2025-02-16 08:12:01 - INFO - Request to files/get_metadata
2025-02-16 08:12:02 - INFO - Request to files/get_metadata
2025-02-16 08:12:02 - INFO - Request to files/get_metadata
2025-02-16 08:12:02 - INFO - Request to files/get_metadata
2025-02-16 08:12:03 - INFO - Request to files/get_metadata
2025-02-16 08:12:03 - INFO - Request to files/get_metadata
2025-02-16 08:12:03 - INFO - Request to files/get_metadata
2025-02-16 08:12:03 - INFO - Request to files/get_metadata
2025-02-16 08:12:04 - INFO - Request to files/get_metadata
2025-02-16 08:12:04 - INFO - Request to files/get_metadata
2025-02-16 08:12:04 - INFO - Request to files/get_metadata
2025-02-16 08:12:05 - INFO - Request to files/get_metadata
2025-02-16 08:12:05 - INFO - Request to files/get_metadata
2025-02-16 08:12:05 - INFO - Request to files/get_metadata
2025-02-16 08:12:05 - INFO - Request to files/get_metadata
2025-02-16 08:12:06 - INFO - Request to files/get_metadata
2025-02-16 08:12:06 - INFO - Request to files/get_metadata
2025-02-16 08:12:06 - INFO - Request to files/get_metadata
2025-02-16 08:12:06 - INFO - Request to files/get_metadata
2025-02-16 08:12:07 - INFO - Request to files/get_metadata
2025-02-16 08:12:07 - INFO - Request to files/get_metadata
2025-02-16 08:12:07 - INFO - Request to files/get_metadata
2025-02-16 08:12:08 - INFO - Request to files/get_metadata
2025-02-16 08:12:08 - INFO - Request to files/get_metadata
2025-02-16 08:12:08 - INFO - Request to files/get_metadata
2025-02-16 08:12:08 - INFO - Request to files/get_metadata
2025-02-16 08:12:09 - INFO - Request to files/get_metadata
2025-02-16 08:12:09 - INFO - Request to files/download
2025-02-16 08:12:09 - INFO - Request to files/download
2025-02-16 08:12:10 - INFO - Request to files/download
2025-02-16 08:12:11 - INFO - Request to files/download
2025-02-16 08:12:11 - INFO - Request to files/download
2025-02-16 08:12:12 - INFO - Request to files/download
2025-02-16 08:12:12 - INFO - Request to files/download
2025-02-16 08:12:13 - INFO - Request to files/download
2025-02-16 08:12:13 - INFO - Request to files/download
2025-02-16 08:12:14 - INFO - Request to files/download
2025-02-16 08:12:14 - INFO - Request to files/download
2025-02-16 08:12:15 - INFO - Request to files/download
2025-02-16 08:12:15 - INFO - Request to files/download
2025-02-16 08:12:15 - INFO - Request to files/download
2025-02-16 08:12:16 - INFO - Request to files/download
2025-02-16 08:12:17 - INFO - Request to files/download
2025-02-16 08:12:17 - INFO - Request to files/download
2025-02-16 08:12:18 - INFO - Request to files/download
2025-02-16 08:12:19 - INFO - Request to files/download
2025-02-16 08:12:19 - INFO - Request to files/download
2025-02-16 08:12:20 - INFO - Request to files/download
2025-02-16 08:12:21 - INFO - Request to files/download
2025-02-16 08:12:21 - INFO - Request to files/download
2025-02-16 08:12:22 - INFO - Request to files/download
2025-02-16 08:12:22 - INFO - Request to files/download
2025-02-16 08:12:23 - INFO - Request to files/download
2025-02-16 08:12:23 - INFO - Request to files/download
2025-02-16 08:12:24 - INFO - Request to files/download
2025-02-16 08:12:24 - INFO - Request to files/download
2025-02-16 08:12:25 - INFO - Request to files/download
2025-02-16 08:12:25 - INFO - Request to files/download
2025-02-16 08:12:26 - INFO - Request to files/download
2025-02-16 08:12:26 - INFO - Request to files/download
2025-02-16 08:12:27 - INFO - Request to files/download
2025-02-16 08:12:28 - INFO - Request to files/download
2025-02-16 08:12:28 - INFO - Request to files/download
2025-02-16 08:12:29 - INFO - Request to files/download
2025-02-16 08:12:29 - INFO - Request to files/download
2025-02-16 08:12:30 - INFO - Request to files/download
2025-02-16 08:12:30 - INFO - Request to files/download
2025-02-16 08:12:31 - INFO - Request to files/download
2025-02-16 08:12:31 - INFO - Request to files/download
2025-02-16 08:12:32 - INFO - Request to files/download
2025-02-16 08:12:32 - INFO - Request to files/download
2025-02-16 08:12:33 - INFO - Request to files/download
2025-02-16 08:12:33 - INFO - Request to files/download
2025-02-16 08:12:34 - INFO - Request to files/download
2025-02-16 08:12:34 - INFO - Request to files/download
2025-02-16 08:12:35 - INFO - Request to files/download
2025-02-16 08:12:35 - INFO - Request to files/download
2025-02-16 08:12:36 - INFO - Request to files/download
2025-02-16 08:12:36 - INFO - Request to files/download
2025-02-16 08:12:37 - INFO - Request to files/download
2025-02-16 08:12:37 - INFO - Request to files/download
2025-02-16 08:12:38 - INFO - Request to files/download
2025-02-16 08:12:38 - INFO - Request to files/download
2025-02-16 08:12:39 - INFO - Request to files/download
2025-02-16 08:12:39 - INFO - Request to files/download
2025-02-16 08:12:40 - INFO - Request to files/download
2025-02-16 08:12:40 - INFO - Request to files/download
2025-02-16 08:12:41 - INFO - Request to files/download
2025-02-16 08:12:41 - INFO - Request to files/download
2025-02-16 08:12:42 - INFO - Request to files/download
2025-02-16 08:12:42 - INFO - Request to files/download
2025-02-16 08:12:43 - INFO - Request to files/download
2025-02-16 08:12:43 - INFO - Request to files/download
2025-02-16 08:12:44 - INFO - Request to files/download
2025-02-16 08:12:44 - INFO - Request to files/download
2025-02-16 08:12:45 - INFO - Request to files/download
2025-02-16 08:12:45 - INFO - Request to files/download
2025-02-16 08:12:46 - INFO - Request to files/download
2025-02-16 08:12:46 - INFO - Request to files/download
2025-02-16 08:12:47 - INFO - Request to files/download
2025-02-16 08:12:47 - INFO - Request to files/download
2025-02-16 08:12:48 - INFO - Request to files/download
2025-02-16 08:12:48 - INFO - Request to files/download
2025-02-16 08:12:49 - INFO - Request to files/download
2025-02-16 08:12:50 - INFO - Request to files/download
2025-02-16 08:12:50 - INFO - Request to files/download
2025-02-16 08:12:51 - INFO - Request to files/download
2025-02-16 08:21:50 - INFO - Best Threshold: 0.50, Precision: 1.0000, Reward: 1 Test Prec 1.0 Test reward 1 Mean 1.0 Features: ('macd_zero', 'macd_convergence', 'bb_sqeeze_both_direction_4h', 'ema_20_channel', 'bb_middle_crossing_4h') RandomForestClassifier
2025-02-16 08:21:50 - INFO - Request to files/get_metadata
2025-02-16 08:21:51 - INFO - Request to files/get_metadata
2025-02-16 08:21:51 - INFO - Request to files/download
2025-02-16 08:21:54 - INFO - Request to files/download
2025-02-16 08:21:55 - INFO - Request to files/get_metadata
2025-02-16 08:21:56 - INFO - Request to files/download
2025-02-16 08:21:56 - INFO - Request to files/get_metadata
2025-02-16 08:21:57 - INFO - Request to files/download
2025-02-16 08:21:57 - INFO - Request to files/get_metadata
2025-02-16 08:21:58 - INFO - Request to files/get_metadata
2025-02-16 08:21:58 - INFO - Request to files/get_metadata
2025-02-16 08:21:58 - INFO - Request to files/get_metadata
2025-02-16 08:21:59 - INFO - Request to files/get_metadata
2025-02-16 08:22:00 - INFO - Request to files/get_metadata
2025-02-16 08:22:01 - INFO - Request to files/get_metadata
2025-02-16 08:22:01 - INFO - Request to files/get_metadata
2025-02-16 08:22:01 - INFO - Request to files/get_metadata
2025-02-16 08:22:01 - INFO - Request to files/get_metadata
2025-02-16 08:22:02 - INFO - Request to files/get_metadata
2025-02-16 08:22:02 - INFO - Request to files/get_metadata
2025-02-16 08:22:02 - INFO - Request to files/get_metadata
2025-02-16 08:22:02 - INFO - Request to files/get_metadata
2025-02-16 08:22:03 - INFO - Request to files/get_metadata
2025-02-16 08:22:03 - INFO - Request to files/get_metadata
2025-02-16 08:22:03 - INFO - Request to files/get_metadata
2025-02-16 08:22:04 - INFO - Request to files/get_metadata
2025-02-16 08:22:04 - INFO - Request to files/get_metadata
2025-02-16 08:22:04 - INFO - Request to files/get_metadata
2025-02-16 08:22:05 - INFO - Request to files/get_metadata
2025-02-16 08:22:05 - INFO - Request to files/get_metadata
2025-02-16 08:22:06 - INFO - Request to files/get_metadata
2025-02-16 08:22:07 - INFO - Request to files/get_metadata
2025-02-16 08:22:07 - INFO - Request to files/get_metadata
2025-02-16 08:22:08 - INFO - Request to files/get_metadata
2025-02-16 08:22:08 - INFO - Request to files/get_metadata
2025-02-16 08:22:08 - INFO - Request to files/get_metadata
2025-02-16 08:22:09 - INFO - Request to files/get_metadata
2025-02-16 08:22:09 - INFO - Request to files/get_metadata
2025-02-16 08:22:09 - INFO - Request to files/get_metadata
2025-02-16 08:22:09 - INFO - Request to files/get_metadata
2025-02-16 08:22:10 - INFO - Request to files/get_metadata
2025-02-16 08:22:10 - INFO - Request to files/get_metadata
2025-02-16 08:22:10 - INFO - Request to files/get_metadata
2025-02-16 08:22:11 - INFO - Request to files/get_metadata
2025-02-16 08:22:11 - INFO - Request to files/get_metadata
2025-02-16 08:22:11 - INFO - Request to files/get_metadata
2025-02-16 08:22:12 - INFO - Request to files/get_metadata
2025-02-16 08:22:12 - INFO - Request to files/get_metadata
2025-02-16 08:22:13 - INFO - Request to files/get_metadata
2025-02-16 08:22:13 - INFO - Request to files/get_metadata
2025-02-16 08:22:14 - INFO - Request to files/get_metadata
2025-02-16 08:22:14 - INFO - Request to files/get_metadata
2025-02-16 08:22:14 - INFO - Request to files/get_metadata
2025-02-16 08:22:15 - INFO - Request to files/get_metadata
2025-02-16 08:22:15 - INFO - Request to files/get_metadata
2025-02-16 08:22:15 - INFO - Request to files/get_metadata
2025-02-16 08:22:15 - INFO - Request to files/get_metadata
2025-02-16 08:22:16 - INFO - Request to files/get_metadata
2025-02-16 08:22:16 - INFO - Request to files/get_metadata
2025-02-16 08:22:16 - INFO - Request to files/get_metadata
2025-02-16 08:22:17 - INFO - Request to files/get_metadata
2025-02-16 08:22:17 - INFO - Request to files/get_metadata
2025-02-16 08:22:17 - INFO - Request to files/get_metadata
2025-02-16 08:22:18 - INFO - Request to files/get_metadata
2025-02-16 08:22:18 - INFO - Request to files/get_metadata
2025-02-16 08:22:18 - INFO - Request to files/get_metadata
2025-02-16 08:22:18 - INFO - Request to files/get_metadata
2025-02-16 08:22:19 - INFO - Request to files/get_metadata
2025-02-16 08:22:19 - INFO - Request to files/get_metadata
2025-02-16 08:22:19 - INFO - Request to files/get_metadata
2025-02-16 08:22:20 - INFO - Request to files/get_metadata
2025-02-16 08:22:20 - INFO - Request to files/get_metadata
2025-02-16 08:22:20 - INFO - Request to files/get_metadata
2025-02-16 08:22:21 - INFO - Request to files/get_metadata
2025-02-16 08:22:21 - INFO - Request to files/get_metadata
2025-02-16 08:22:21 - INFO - Request to files/get_metadata
2025-02-16 08:22:21 - INFO - Request to files/get_metadata
2025-02-16 08:22:22 - INFO - Request to files/get_metadata
2025-02-16 08:22:22 - INFO - Request to files/get_metadata
2025-02-16 08:22:22 - INFO - Request to files/get_metadata
2025-02-16 08:22:23 - INFO - Request to files/get_metadata
2025-02-16 08:22:23 - INFO - Request to files/get_metadata
2025-02-16 08:22:23 - INFO - Request to files/get_metadata
2025-02-16 08:22:23 - INFO - Request to files/get_metadata
2025-02-16 08:22:24 - INFO - Request to files/get_metadata
2025-02-16 08:22:24 - INFO - Request to files/get_metadata
2025-02-16 08:22:24 - INFO - Request to files/get_metadata
2025-02-16 08:22:25 - INFO - Request to files/get_metadata
2025-02-16 08:22:25 - INFO - Request to files/download
2025-02-16 08:22:25 - INFO - Request to files/download
2025-02-16 08:22:26 - INFO - Request to files/download
2025-02-16 08:22:26 - INFO - Request to files/download
2025-02-16 08:22:27 - INFO - Request to files/download
2025-02-16 08:22:28 - INFO - Request to files/download
2025-02-16 08:22:28 - INFO - Request to files/download
2025-02-16 08:22:29 - INFO - Request to files/download
2025-02-16 08:22:29 - INFO - Request to files/download
2025-02-16 08:22:29 - INFO - Request to files/download
2025-02-16 08:22:30 - INFO - Request to files/download
2025-02-16 08:22:30 - INFO - Request to files/download
2025-02-16 08:22:31 - INFO - Request to files/download
2025-02-16 08:22:31 - INFO - Request to files/download
2025-02-16 08:22:32 - INFO - Request to files/download
2025-02-16 08:22:32 - INFO - Request to files/download
2025-02-16 08:22:33 - INFO - Request to files/download
2025-02-16 08:22:33 - INFO - Request to files/download
2025-02-16 08:22:34 - INFO - Request to files/download
2025-02-16 08:22:34 - INFO - Request to files/download
2025-02-16 08:22:35 - INFO - Request to files/download
2025-02-16 08:22:35 - INFO - Request to files/download
2025-02-16 08:22:36 - INFO - Request to files/download
2025-02-16 08:22:36 - INFO - Request to files/download
2025-02-16 08:22:37 - INFO - Request to files/download
2025-02-16 08:22:37 - INFO - Request to files/download
2025-02-16 08:22:38 - INFO - Request to files/download
2025-02-16 08:22:38 - INFO - Request to files/download
2025-02-16 08:22:39 - INFO - Request to files/download
2025-02-16 08:22:39 - INFO - Request to files/download
2025-02-16 08:22:40 - INFO - Request to files/download
2025-02-16 08:22:40 - INFO - Request to files/download
2025-02-16 08:22:41 - INFO - Request to files/download
2025-02-16 08:22:41 - INFO - Request to files/download
2025-02-16 08:22:42 - INFO - Request to files/download
2025-02-16 08:22:42 - INFO - Request to files/download
2025-02-16 08:22:43 - INFO - Request to files/download
2025-02-16 08:22:44 - INFO - Request to files/download
2025-02-16 08:22:44 - INFO - Request to files/download
2025-02-16 08:22:46 - INFO - Request to files/download
2025-02-16 08:22:47 - INFO - Request to files/download
2025-02-16 08:22:47 - INFO - Request to files/download
2025-02-16 08:22:47 - INFO - Request to files/download
2025-02-16 08:22:48 - INFO - Request to files/download
2025-02-16 08:22:48 - INFO - Request to files/download
2025-02-16 08:22:49 - INFO - Request to files/download
2025-02-16 08:22:49 - INFO - Request to files/download
2025-02-16 08:22:50 - INFO - Request to files/download
2025-02-16 08:22:50 - INFO - Request to files/download
2025-02-16 08:22:51 - INFO - Request to files/download
2025-02-16 08:22:51 - INFO - Request to files/download
2025-02-16 08:22:52 - INFO - Request to files/download
2025-02-16 08:22:53 - INFO - Request to files/download
2025-02-16 08:22:54 - INFO - Request to files/download
2025-02-16 08:22:54 - INFO - Request to files/download
2025-02-16 08:22:54 - INFO - Request to files/download
2025-02-16 08:22:55 - INFO - Request to files/download
2025-02-16 08:22:55 - INFO - Request to files/download
2025-02-16 08:22:56 - INFO - Request to files/download
2025-02-16 08:22:56 - INFO - Request to files/download
2025-02-16 08:22:57 - INFO - Request to files/download
2025-02-16 08:22:57 - INFO - Request to files/download
2025-02-16 08:22:58 - INFO - Request to files/download
2025-02-16 08:22:58 - INFO - Request to files/download
2025-02-16 08:22:59 - INFO - Request to files/download
2025-02-16 08:22:59 - INFO - Request to files/download
2025-02-16 08:23:00 - INFO - Request to files/download
2025-02-16 08:23:00 - INFO - Request to files/download
2025-02-16 08:23:01 - INFO - Request to files/download
2025-02-16 08:23:01 - INFO - Request to files/download
2025-02-16 08:23:02 - INFO - Request to files/download
2025-02-16 08:23:02 - INFO - Request to files/download
2025-02-16 08:23:03 - INFO - Request to files/download
2025-02-16 08:23:03 - INFO - Request to files/download
2025-02-16 08:23:04 - INFO - Request to files/download
2025-02-16 08:23:04 - INFO - Request to files/download
2025-02-16 08:23:05 - INFO - Request to files/download
2025-02-16 08:23:05 - INFO - Request to files/download
2025-02-16 08:23:06 - INFO - Request to files/download
2025-02-16 08:23:06 - INFO - Request to files/download
2025-02-16 08:58:13 - WARNING - munch is not present in the environment. See https://trading-ig.readthedocs.io/en/latest/faq.html#optional-dependencies
2025-02-16 08:58:14 - INFO - Creating new v2 session for user 'emmanuelDemo' at 'https://demo-api.ig.com/gateway/deal'
2025-02-16 08:58:14 - INFO - POST '/session', resp 200
2025-02-16 08:58:14 - INFO - Request to files/get_metadata
2025-02-16 08:58:15 - INFO - Request to files/get_metadata
2025-02-16 08:58:15 - INFO - Request to files/download
2025-02-16 08:58:18 - INFO - Request to files/download
2025-02-16 08:58:19 - INFO - Request to files/get_metadata
2025-02-16 08:58:20 - INFO - Request to files/download
2025-02-16 08:58:21 - INFO - Request to files/get_metadata
2025-02-16 08:58:21 - INFO - Request to files/download
2025-02-16 08:58:22 - INFO - Request to files/get_metadata
2025-02-16 08:58:22 - INFO - Request to files/get_metadata
2025-02-16 08:58:22 - INFO - Request to files/get_metadata
2025-02-16 08:58:23 - INFO - Request to files/get_metadata
2025-02-16 08:58:23 - INFO - Request to files/get_metadata
2025-02-16 08:58:23 - INFO - Request to files/get_metadata
2025-02-16 08:58:24 - INFO - Request to files/get_metadata
2025-02-16 08:58:24 - INFO - Request to files/get_metadata
2025-02-16 08:58:24 - INFO - Request to files/get_metadata
2025-02-16 08:58:25 - INFO - Request to files/get_metadata
2025-02-16 08:58:25 - INFO - Request to files/get_metadata
2025-02-16 08:58:25 - INFO - Request to files/get_metadata
2025-02-16 08:58:26 - INFO - Request to files/get_metadata
2025-02-16 08:58:26 - INFO - Request to files/get_metadata
2025-02-16 08:58:26 - INFO - Request to files/get_metadata
2025-02-16 08:58:26 - INFO - Request to files/get_metadata
2025-02-16 08:58:27 - INFO - Request to files/get_metadata
2025-02-16 08:58:27 - INFO - Request to files/get_metadata
2025-02-16 08:58:27 - INFO - Request to files/get_metadata
2025-02-16 08:58:28 - INFO - Request to files/get_metadata
2025-02-16 08:58:28 - INFO - Request to files/get_metadata
2025-02-16 08:58:28 - INFO - Request to files/get_metadata
2025-02-16 08:58:29 - INFO - Request to files/get_metadata
2025-02-16 08:58:29 - INFO - Request to files/get_metadata
2025-02-16 08:58:29 - INFO - Request to files/get_metadata
2025-02-16 08:58:30 - INFO - Request to files/get_metadata
2025-02-16 08:58:30 - INFO - Request to files/get_metadata
2025-02-16 08:58:30 - INFO - Request to files/get_metadata
2025-02-16 08:58:30 - INFO - Request to files/get_metadata
2025-02-16 08:58:31 - INFO - Request to files/get_metadata
2025-02-16 08:58:31 - INFO - Request to files/get_metadata
2025-02-16 08:58:31 - INFO - Request to files/get_metadata
2025-02-16 08:58:32 - INFO - Request to files/get_metadata
2025-02-16 08:58:32 - INFO - Request to files/get_metadata
2025-02-16 08:58:32 - INFO - Request to files/get_metadata
2025-02-16 08:58:33 - INFO - Request to files/get_metadata
2025-02-16 08:58:33 - INFO - Request to files/get_metadata
2025-02-16 08:58:33 - INFO - Request to files/get_metadata
2025-02-16 08:58:33 - INFO - Request to files/get_metadata
2025-02-16 08:58:34 - INFO - Request to files/get_metadata
2025-02-16 08:58:34 - INFO - Request to files/get_metadata
2025-02-16 08:58:35 - INFO - Request to files/get_metadata
2025-02-16 08:58:35 - INFO - Request to files/get_metadata
2025-02-16 08:58:36 - INFO - Request to files/get_metadata
2025-02-16 08:58:36 - INFO - Request to files/get_metadata
2025-02-16 08:58:36 - INFO - Request to files/get_metadata
2025-02-16 08:58:37 - INFO - Request to files/get_metadata
2025-02-16 08:58:37 - INFO - Request to files/get_metadata
2025-02-16 08:58:37 - INFO - Request to files/get_metadata
2025-02-16 08:58:38 - INFO - Request to files/get_metadata
2025-02-16 08:58:38 - INFO - Request to files/get_metadata
2025-02-16 08:58:38 - INFO - Request to files/get_metadata
2025-02-16 08:58:39 - INFO - Request to files/get_metadata
2025-02-16 08:58:39 - INFO - Request to files/get_metadata
2025-02-16 08:58:39 - INFO - Request to files/get_metadata
2025-02-16 08:58:40 - INFO - Request to files/get_metadata
2025-02-16 08:58:40 - INFO - Request to files/get_metadata
2025-02-16 08:58:40 - INFO - Request to files/get_metadata
2025-02-16 08:58:41 - INFO - Request to files/get_metadata
2025-02-16 08:58:41 - INFO - Request to files/get_metadata
2025-02-16 08:58:41 - INFO - Request to files/get_metadata
2025-02-16 08:58:41 - INFO - Request to files/get_metadata
2025-02-16 08:58:42 - INFO - Request to files/get_metadata
2025-02-16 08:58:42 - INFO - Request to files/get_metadata
2025-02-16 08:58:42 - INFO - Request to files/get_metadata
2025-02-16 08:58:43 - INFO - Request to files/get_metadata
2025-02-16 08:58:43 - INFO - Request to files/get_metadata
2025-02-16 08:58:43 - INFO - Request to files/get_metadata
2025-02-16 08:58:44 - INFO - Request to files/get_metadata
2025-02-16 08:58:44 - INFO - Request to files/get_metadata
2025-02-16 08:58:44 - INFO - Request to files/get_metadata
2025-02-16 08:58:44 - INFO - Request to files/get_metadata
2025-02-16 08:58:45 - INFO - Request to files/get_metadata
2025-02-16 08:58:45 - INFO - Request to files/get_metadata
2025-02-16 08:58:45 - INFO - Request to files/get_metadata
2025-02-16 08:58:46 - INFO - Request to files/get_metadata
2025-02-16 08:58:46 - INFO - Request to files/get_metadata
2025-02-16 08:58:46 - INFO - Request to files/get_metadata
2025-02-16 08:58:46 - INFO - Request to files/get_metadata
2025-02-16 08:58:48 - INFO - Request to files/get_metadata
2025-02-16 08:58:48 - INFO - Request to files/download
2025-02-16 08:58:48 - INFO - Request to files/download
2025-02-16 08:58:49 - INFO - Request to files/download
2025-02-16 08:58:49 - INFO - Request to files/download
2025-02-16 08:58:50 - INFO - Request to files/download
2025-02-16 08:58:50 - INFO - Request to files/download
2025-02-16 08:58:51 - INFO - Request to files/download
2025-02-16 08:58:51 - INFO - Request to files/download
2025-02-16 08:58:52 - INFO - Request to files/download
2025-02-16 08:58:52 - INFO - Request to files/download
2025-02-16 08:58:53 - INFO - Request to files/download
2025-02-16 08:58:54 - INFO - Request to files/download
2025-02-16 08:58:54 - INFO - Request to files/download
2025-02-16 08:58:54 - INFO - Request to files/download
2025-02-16 08:58:55 - INFO - Request to files/download
2025-02-16 08:58:56 - INFO - Request to files/download
2025-02-16 08:58:56 - INFO - Request to files/download
2025-02-16 08:58:57 - INFO - Request to files/download
2025-02-16 08:58:57 - INFO - Request to files/download
2025-02-16 08:58:58 - INFO - Request to files/download
2025-02-16 08:58:58 - INFO - Request to files/download
2025-02-16 08:58:59 - INFO - Request to files/download
2025-02-16 08:58:59 - INFO - Request to files/download
2025-02-16 08:59:00 - INFO - Request to files/download
2025-02-16 08:59:00 - INFO - Request to files/download
2025-02-16 08:59:01 - INFO - Request to files/download
2025-02-16 08:59:01 - INFO - Request to files/download
2025-02-16 08:59:02 - INFO - Request to files/download
2025-02-16 08:59:02 - INFO - Request to files/download
2025-02-16 08:59:03 - INFO - Request to files/download
2025-02-16 08:59:03 - INFO - Request to files/download
2025-02-16 08:59:04 - INFO - Request to files/download
2025-02-16 08:59:05 - INFO - Request to files/download
2025-02-16 08:59:05 - INFO - Request to files/download
2025-02-16 08:59:06 - INFO - Request to files/download
2025-02-16 08:59:06 - INFO - Request to files/download
2025-02-16 08:59:07 - INFO - Request to files/download
2025-02-16 08:59:07 - INFO - Request to files/download
2025-02-16 08:59:08 - INFO - Request to files/download
2025-02-16 08:59:08 - INFO - Request to files/download
2025-02-16 08:59:08 - INFO - Request to files/download
2025-02-16 08:59:09 - INFO - Request to files/download
2025-02-16 08:59:09 - INFO - Request to files/download
2025-02-16 08:59:10 - INFO - Request to files/download
2025-02-16 08:59:10 - INFO - Request to files/download
2025-02-16 08:59:11 - INFO - Request to files/download
2025-02-16 08:59:11 - INFO - Request to files/download
2025-02-16 08:59:12 - INFO - Request to files/download
2025-02-16 08:59:12 - INFO - Request to files/download
2025-02-16 08:59:13 - INFO - Request to files/download
2025-02-16 08:59:13 - INFO - Request to files/download
2025-02-16 08:59:14 - INFO - Request to files/download
2025-02-16 08:59:14 - INFO - Request to files/download
2025-02-16 08:59:15 - INFO - Request to files/download
2025-02-16 08:59:15 - INFO - Request to files/download
2025-02-16 08:59:16 - INFO - Request to files/download
2025-02-16 08:59:16 - INFO - Request to files/download
2025-02-16 08:59:17 - INFO - Request to files/download
2025-02-16 08:59:18 - INFO - Request to files/download
2025-02-16 08:59:18 - INFO - Request to files/download
2025-02-16 08:59:19 - INFO - Request to files/download
2025-02-16 08:59:19 - INFO - Request to files/download
2025-02-16 08:59:20 - INFO - Request to files/download
2025-02-16 08:59:20 - INFO - Request to files/download
2025-02-16 08:59:21 - INFO - Request to files/download
2025-02-16 08:59:21 - INFO - Request to files/download
2025-02-16 08:59:22 - INFO - Request to files/download
2025-02-16 08:59:22 - INFO - Request to files/download
2025-02-16 08:59:23 - INFO - Request to files/download
2025-02-16 08:59:23 - INFO - Request to files/download
2025-02-16 08:59:24 - INFO - Request to files/download
2025-02-16 08:59:24 - INFO - Request to files/download
2025-02-16 08:59:25 - INFO - Request to files/download
2025-02-16 08:59:25 - INFO - Request to files/download
2025-02-16 08:59:26 - INFO - Request to files/download
2025-02-16 08:59:26 - INFO - Request to files/download
2025-02-16 08:59:27 - INFO - Request to files/download
2025-02-16 08:59:27 - INFO - Request to files/download
2025-02-16 08:59:28 - INFO - Request to files/download
2025-02-16 08:59:28 - INFO - Request to files/download
2025-02-16 09:09:03 - WARNING - munch is not present in the environment. See https://trading-ig.readthedocs.io/en/latest/faq.html#optional-dependencies
2025-02-16 09:09:04 - INFO - Creating new v2 session for user 'emmanuelDemo' at 'https://demo-api.ig.com/gateway/deal'
2025-02-16 09:09:05 - INFO - POST '/session', resp 200
2025-02-16 09:09:05 - INFO - Request to files/get_metadata
2025-02-16 09:09:05 - INFO - Request to files/get_metadata
2025-02-16 09:09:05 - INFO - Request to files/download
2025-02-16 09:09:08 - INFO - Request to files/download
2025-02-16 09:09:10 - INFO - Request to files/get_metadata
2025-02-16 09:09:10 - INFO - Request to files/download
2025-02-16 09:09:11 - INFO - Request to files/get_metadata
2025-02-16 09:09:11 - INFO - Request to files/download
2025-02-16 09:09:12 - INFO - Request to files/get_metadata
2025-02-16 09:09:12 - INFO - Request to files/get_metadata
2025-02-16 09:09:12 - INFO - Request to files/get_metadata
2025-02-16 09:09:13 - INFO - Request to files/get_metadata
2025-02-16 09:09:13 - INFO - Request to files/get_metadata
2025-02-16 09:09:14 - INFO - Request to files/get_metadata
2025-02-16 09:09:14 - INFO - Request to files/get_metadata
2025-02-16 09:09:14 - INFO - Request to files/get_metadata
2025-02-16 09:09:14 - INFO - Request to files/get_metadata
2025-02-16 09:09:15 - INFO - Request to files/get_metadata
2025-02-16 09:09:15 - INFO - Request to files/get_metadata
2025-02-16 09:09:15 - INFO - Request to files/get_metadata
2025-02-16 09:09:16 - INFO - Request to files/get_metadata
2025-02-16 09:09:16 - INFO - Request to files/get_metadata
2025-02-16 09:09:16 - INFO - Request to files/get_metadata
2025-02-16 09:09:16 - INFO - Request to files/get_metadata
2025-02-16 09:09:17 - INFO - Request to files/get_metadata
2025-02-16 09:09:17 - INFO - Request to files/get_metadata
2025-02-16 09:09:17 - INFO - Request to files/get_metadata
2025-02-16 09:09:17 - INFO - Request to files/get_metadata
2025-02-16 09:09:18 - INFO - Request to files/get_metadata
2025-02-16 09:09:18 - INFO - Request to files/get_metadata
2025-02-16 09:09:18 - INFO - Request to files/get_metadata
2025-02-16 09:09:19 - INFO - Request to files/get_metadata
2025-02-16 09:09:19 - INFO - Request to files/get_metadata
2025-02-16 09:09:19 - INFO - Request to files/get_metadata
2025-02-16 09:09:20 - INFO - Request to files/get_metadata
2025-02-16 09:09:20 - INFO - Request to files/get_metadata
2025-02-16 09:09:20 - INFO - Request to files/get_metadata
2025-02-16 09:09:20 - INFO - Request to files/get_metadata
2025-02-16 09:09:21 - INFO - Request to files/get_metadata
2025-02-16 09:09:21 - INFO - Request to files/get_metadata
2025-02-16 09:09:21 - INFO - Request to files/get_metadata
2025-02-16 09:09:22 - INFO - Request to files/get_metadata
2025-02-16 09:09:22 - INFO - Request to files/get_metadata
2025-02-16 09:09:22 - INFO - Request to files/get_metadata
2025-02-16 09:09:23 - INFO - Request to files/get_metadata
2025-02-16 09:09:23 - INFO - Request to files/get_metadata
2025-02-16 09:09:23 - INFO - Request to files/get_metadata
2025-02-16 09:09:23 - INFO - Request to files/get_metadata
2025-02-16 09:09:24 - INFO - Request to files/get_metadata
2025-02-16 09:09:24 - INFO - Request to files/get_metadata
2025-02-16 09:09:24 - INFO - Request to files/get_metadata
2025-02-16 09:09:25 - INFO - Request to files/get_metadata
2025-02-16 09:09:25 - INFO - Request to files/get_metadata
2025-02-16 09:09:25 - INFO - Request to files/get_metadata
2025-02-16 09:09:25 - INFO - Request to files/get_metadata
2025-02-16 09:09:26 - INFO - Request to files/get_metadata
2025-02-16 09:09:26 - INFO - Request to files/get_metadata
2025-02-16 09:09:26 - INFO - Request to files/get_metadata
2025-02-16 09:09:27 - INFO - Request to files/get_metadata
2025-02-16 09:09:27 - INFO - Request to files/get_metadata
2025-02-16 09:09:27 - INFO - Request to files/get_metadata
2025-02-16 09:09:27 - INFO - Request to files/get_metadata
2025-02-16 09:09:28 - INFO - Request to files/get_metadata
2025-02-16 09:09:28 - INFO - Request to files/get_metadata
2025-02-16 09:09:28 - INFO - Request to files/get_metadata
2025-02-16 09:09:29 - INFO - Request to files/get_metadata
2025-02-16 09:09:29 - INFO - Request to files/get_metadata
2025-02-16 09:09:29 - INFO - Request to files/get_metadata
2025-02-16 09:09:30 - INFO - Request to files/get_metadata
2025-02-16 09:09:30 - INFO - Request to files/get_metadata
2025-02-16 09:09:30 - INFO - Request to files/get_metadata
2025-02-16 09:09:31 - INFO - Request to files/get_metadata
2025-02-16 09:09:31 - INFO - Request to files/get_metadata
2025-02-16 09:09:31 - INFO - Request to files/get_metadata
2025-02-16 09:09:31 - INFO - Request to files/get_metadata
2025-02-16 09:09:32 - INFO - Request to files/get_metadata
2025-02-16 09:09:32 - INFO - Request to files/get_metadata
2025-02-16 09:09:32 - INFO - Request to files/get_metadata
2025-02-16 09:09:33 - INFO - Request to files/get_metadata
2025-02-16 09:09:33 - INFO - Request to files/get_metadata
2025-02-16 09:09:33 - INFO - Request to files/get_metadata
2025-02-16 09:09:33 - INFO - Request to files/get_metadata
2025-02-16 09:09:34 - INFO - Request to files/get_metadata
2025-02-16 09:09:34 - INFO - Request to files/get_metadata
2025-02-16 09:09:35 - INFO - Request to files/get_metadata
2025-02-16 09:09:35 - INFO - Request to files/get_metadata
2025-02-16 09:09:35 - INFO - Request to files/get_metadata
2025-02-16 09:09:36 - INFO - Request to files/get_metadata
2025-02-16 09:09:36 - INFO - Request to files/download
2025-02-16 09:09:36 - INFO - Request to files/download
2025-02-16 09:09:37 - INFO - Request to files/download
2025-02-16 09:09:37 - INFO - Request to files/download
2025-02-16 09:09:38 - INFO - Request to files/download
2025-02-16 09:09:38 - INFO - Request to files/download
2025-02-16 09:09:39 - INFO - Request to files/download
2025-02-16 09:09:40 - INFO - Request to files/download
2025-02-16 09:09:40 - INFO - Request to files/download
2025-02-16 09:09:40 - INFO - Request to files/download
2025-02-16 09:09:41 - INFO - Request to files/download
2025-02-16 09:09:42 - INFO - Request to files/download
2025-02-16 09:09:42 - INFO - Request to files/download
2025-02-16 09:09:43 - INFO - Request to files/download
2025-02-16 09:09:43 - INFO - Request to files/download
2025-02-16 09:09:44 - INFO - Request to files/download
2025-02-16 09:09:44 - INFO - Request to files/download
2025-02-16 09:09:45 - INFO - Request to files/download
2025-02-16 09:09:46 - INFO - Request to files/download
2025-02-16 09:09:46 - INFO - Request to files/download
2025-02-16 09:09:47 - INFO - Request to files/download
2025-02-16 09:09:47 - INFO - Request to files/download
2025-02-16 09:09:48 - INFO - Request to files/download
2025-02-16 09:09:48 - INFO - Request to files/download
2025-02-16 09:09:49 - INFO - Request to files/download
2025-02-16 09:09:49 - INFO - Request to files/download
2025-02-16 09:09:50 - INFO - Request to files/download
2025-02-16 09:09:50 - INFO - Request to files/download
2025-02-16 09:09:51 - INFO - Request to files/download
2025-02-16 09:09:51 - INFO - Request to files/download
2025-02-16 09:09:52 - INFO - Request to files/download
2025-02-16 09:09:52 - INFO - Request to files/download
2025-02-16 09:09:53 - INFO - Request to files/download
2025-02-16 09:09:53 - INFO - Request to files/download
2025-02-16 09:09:55 - INFO - Request to files/download
2025-02-16 09:09:55 - INFO - Request to files/download
2025-02-16 09:09:56 - INFO - Request to files/download
2025-02-16 09:09:56 - INFO - Request to files/download
2025-02-16 09:09:57 - INFO - Request to files/download
2025-02-16 09:09:57 - INFO - Request to files/download
2025-02-16 09:09:58 - INFO - Request to files/download
2025-02-16 09:09:58 - INFO - Request to files/download
2025-02-16 09:09:59 - INFO - Request to files/download
2025-02-16 09:09:59 - INFO - Request to files/download
2025-02-16 09:09:59 - INFO - Request to files/download
2025-02-16 09:10:00 - INFO - Request to files/download
2025-02-16 09:10:01 - INFO - Request to files/download
2025-02-16 09:10:01 - INFO - Request to files/download
2025-02-16 09:10:02 - INFO - Request to files/download
2025-02-16 09:10:02 - INFO - Request to files/download
2025-02-16 09:10:03 - INFO - Request to files/download
2025-02-16 09:10:04 - INFO - Request to files/download
2025-02-16 09:10:04 - INFO - Request to files/download
2025-02-16 09:10:05 - INFO - Request to files/download
2025-02-16 09:10:05 - INFO - Request to files/download
2025-02-16 09:10:06 - INFO - Request to files/download
2025-02-16 09:10:06 - INFO - Request to files/download
2025-02-16 09:10:07 - INFO - Request to files/download
2025-02-16 09:10:07 - INFO - Request to files/download
2025-02-16 09:10:08 - INFO - Request to files/download
2025-02-16 09:10:08 - INFO - Request to files/download
2025-02-16 09:10:08 - INFO - Request to files/download
2025-02-16 09:10:09 - INFO - Request to files/download
2025-02-16 09:10:09 - INFO - Request to files/download
2025-02-16 09:10:10 - INFO - Request to files/download
2025-02-16 09:10:10 - INFO - Request to files/download
2025-02-16 09:10:11 - INFO - Request to files/download
2025-02-16 09:10:11 - INFO - Request to files/download
2025-02-16 09:10:12 - INFO - Request to files/download
2025-02-16 09:10:13 - INFO - Request to files/download
2025-02-16 09:10:13 - INFO - Request to files/download
2025-02-16 09:10:14 - INFO - Request to files/download
2025-02-16 09:10:14 - INFO - Request to files/download
2025-02-16 09:10:15 - INFO - Request to files/download
2025-02-16 09:10:15 - INFO - Request to files/download
2025-02-16 09:10:16 - INFO - Request to files/download
2025-02-16 09:10:16 - INFO - Request to files/download
2025-02-16 09:10:17 - INFO - Request to files/download
2025-02-16 09:10:17 - INFO - Request to files/download
2025-02-16 09:10:18 - INFO - Request to files/download
