Features,Best Model,Train Precision,Train Reward,Test Precision,Test Reward,Best Threshold
"('cci_4h', 'macd_slope_4h', 'macd_slope')",XGBClassifier,0.27419354838709675,-56,0.24,-13,0.55
"('bb_sqeeze_both_direction_4h', 'macd_max_4h', 'macd_slope')",XGBClassifier,0.18378591105863834,-3214,0.1803405572755418,-826,0.5
"('bb_middle_crossing', 'adx_4h', 'bb_middle_crossing_4h')",XGBClassifier,0.22735346358792186,-614,0.22033898305084745,-165,0.55
"('macd_zero', 'macd_convergence', 'rsi_convergence5_40')",XGBClassifier,0.2099337748344371,-876,0.23404255319148937,-225,0.55
"('bb_sqeeze_both_direction_4h', 'rsi', 'adx_max_4h')",XGBClassifier,0.21169354838709678,-286,0.18461538461538463,-82,0.55
"('rsi_break_4h', 'macd', 'adx_4h')",XGBClassifier,0.17451341399263545,-4950,0.17888715548621945,-1235,0.5
"('rsi_break_4h', 'adx_max_48', 'macd')",XGBClassifier,0.17398269785325216,-4070,0.16933932007697242,-1031,0.5
"('cci_4h', 'rsi', 'adx_max_4h')",XGBClassifier,0.2727272727272727,-5,0.4,-1,0.6
"('macd_zero', 'rsi_limit_4h', 'ema_10_50')",XGBClassifier,0.17874753451676528,-5212,0.18173076923076922,-1324,0.5
"('rsi_convergence', 'squeeze_momentum', 'macd_slope')",XGBClassifier,0.20730797912005966,-785,0.25274725274725274,-180,0.55
"('adx_max_48', 'ema_10_50', 'rsi_convergence5_40')",XGBClassifier,0.21299638989169675,-159,0.1780821917808219,-47,0.55
"('cci_4h', 'macd_max_4h', 'williams_limit_4h')",XGBClassifier,0.2857142857142857,-33,0.3157894736842105,-7,0.55
"('macd_zero', 'williams_break', 'candle_4h')",XGBClassifier,0.23645320197044334,-107,0.28846153846153844,-22,0.6
"('macd', 'williams_break', 'adx_4h')",XGBClassifier,0.27181208053691275,-136,0.22448979591836735,-54,0.6
"('adx_max_48', 'bb_sqeeze_both_direction', 'adx_max_21')",XGBClassifier,0.17376749847839318,-4288,0.1936829558998808,-1028,0.5
"('bb_sqeeze_both_direction_4h', 'macd_slope', 'williams_limit_4h')",XGBClassifier,0.182805768870575,-3387,0.17913832199546487,-849,0.5
"('macd_convergence', 'bb_sqeeze_both_direction_4h', 'bb_middle_crossing_4h')",XGBClassifier,0.32926829268292684,-28,0.2608695652173913,-11,0.6
"('bb_sqeeze_both_direction_4h', 'squeeze_momentum', 'candle_4h')",XGBClassifier,0.18082936777702244,-2817,0.18238993710691823,-707,0.5
"('macd_zero', 'rsi_convergence', 'adx_4h')",XGBClassifier,0.2915129151291513,-113,0.3058823529411765,-33,0.55
"('macd', 'adx_4h', 'adx_max_4h')",XGBClassifier,0.17524271844660194,-5352,0.17940038684719536,-1326,0.5
"('rsi_break_4h', 'adx_4h', 'rsi_convergence5_40')",XGBClassifier,0.23469387755102042,-260,0.2535211267605634,-70,0.55
"('rsi_break_4h', 'macd_max_4h', 'macd_slope')",XGBClassifier,0.17718480869687986,-4573,0.17466517857142858,-1166,0.5
"('adx_max_48', 'rsi_convergence5_40', 'williams_limit_4h')",XGBClassifier,0.17906137184115523,-2667,0.17743490838958534,-669,0.5
"('cci_4h', 'williams_break', 'adx_4h')",XGBClassifier,0.2609603340292276,-229,0.24113475177304963,-73,0.6
"('ema_10_50', 'adx_max_21', 'williams_limit_4h')",XGBClassifier,0.2631578947368421,-72,0.16326530612244897,-33,0.55
"('macd_convergence', 'rsi_break_4h', 'squeeze_momentum')",XGBClassifier,0.27692307692307694,-29,0.23809523809523808,-11,0.55
"('macd_zero', 'cci_4h', 'adx_max_4h')",XGBClassifier,0.21311475409836064,-770,0.20579710144927535,-203,0.55
"('bb_middle_crossing', 'rsi_convergence', 'ema_20_channel')",XGBClassifier,0.36283185840707965,-31,0.3103448275862069,-11,0.6
"('rsi_break_4h', 'adx_max_48', 'adx_max_21')",XGBClassifier,0.30303030303030304,-13,0.125,-6,0.55
"('macd_max', 'rsi_break_4h', 'ema_20_channel')",XGBClassifier,0.2571428571428571,-68,0.17073170731707318,-27,0.55
"('rsi_break_4h', 'candle_4h', 'bb_middle_crossing_4h')",XGBClassifier,0.17590515860301187,-4046,0.18389346861128725,-997,0.5
"('bb_sqeeze_both_direction_4h', 'williams_break', 'adx_max_21')",XGBClassifier,0.24511930585683298,-470,0.24019607843137256,-106,0.55
"('bb_sqeeze_both_direction_4h', 'rsi_limit_4h', 'bb_middle_crossing')",XGBClassifier,0.24758454106280192,-418,0.23857868020304568,-103,0.55
"('rsi_convergence', 'williams_break', 'adx_max_21')",XGBClassifier,0.30718954248366015,-59,0.358974358974359,-11,0.6
"('macd_convergence', 'macd_slope', 'williams_limit_4h')",XGBClassifier,0.3089887640449438,-68,0.30952380952380953,-16,0.6
"('candle_4h', 'rsi_convergence5_40', 'williams_limit_4h')",XGBClassifier,0.18167661562418894,-2453,0.175,-624,0.5
"('rsi', 'adx_max_48', 'adx_max_21')",XGBClassifier,0.16985729202923774,-3794,0.17537826685006877,-944,0.5
"('macd', 'squeeze_momentum', 'ema_10_50')",RandomForestClassifier,0.6,1,0.0,0,0.45
"('bb_sqeeze_both_direction_4h', 'squeeze_momentum', 'adx_max_21')",XGBClassifier,0.17338451695457455,-5105,0.18024439918533605,-1256,0.5
"('squeeze_momentum', 'ema_10_50', 'macd_slope')",XGBClassifier,0.212,-144,0.2553191489361702,-23,0.55
"('macd_zero', 'cci_4h', 'williams_break')",XGBClassifier,0.2304015296367113,-564,0.23170731707317074,-132,0.6
"('adx_max_48', 'ema_10_50', 'adx_max_21')",XGBClassifier,0.17431706224809673,-5818,0.1792411687745312,-1471,0.45
"('macd_zero', 'bb_sqeeze_both_direction_4h', 'adx_4h')",XGBClassifier,0.22448979591836735,-945,0.23126338329764454,-251,0.55
"('adx_slope', 'macd', 'bb_middle_crossing')",XGBClassifier,0.30319148936170215,-74,0.3488372093023256,-13,0.55
"('macd_convergence', 'williams_break', 'ema_20_channel')",XGBClassifier,0.2985781990521327,-85,0.3142857142857143,-26,0.6
"('macd_max_4h', 'ema_20_channel', 'macd_slope_4h')",XGBClassifier,0.2727272727272727,-40,0.3333333333333333,-5,0.6
"('bb_sqeeze_both_direction_4h', 'macd_max_4h', 'adx_4h')",XGBClassifier,0.20853080568720378,-123,0.34,-16,0.55
"('macd_convergence', 'bb_middle_crossing', 'bb_middle_crossing_4h')",XGBClassifier,0.3490566037735849,-64,0.375,-14,0.6
"('squeeze_momentum', 'adx_4h', 'adx_max_4h')",XGBClassifier,0.1843422849340009,-2774,0.18983957219251338,-696,0.5
"('adx_4h', 'candle_4h', 'williams_limit_4h')",XGBClassifier,0.183187946074544,-3196,0.18968253968253967,-782,0.5
"('cci', 'ema_20_channel', 'bb_sqeeze_both_direction')",XGBClassifier,0.2727272727272727,-65,0.19230769230769232,-32,0.55
"('macd_zero', 'adx_max_48', 'bb_middle_crossing')",XGBClassifier,0.2359081419624217,-506,0.22433460076045628,-145,0.55
"('cci_4h', 'macd_slope', 'adx')",XGBClassifier,0.17707618393960192,-4705,0.18211206896551724,-1180,0.5
"('macd_zero', 'ema_10_50', 'williams_limit_4h')",XGBClassifier,0.17822237553179257,-5597,0.18246869409660108,-1420,0.45
"('rsi_break_4h', 'squeeze_momentum', 'adx_max_21')",XGBClassifier,0.5,0,0.0,-2,0.6
"('macd_convergence', 'cci_4h', 'williams_break')",XGBClassifier,0.2985781990521327,-85,0.3142857142857143,-26,0.6
"('macd_convergence', 'ema_20_channel', 'williams_limit_4h')",XGBClassifier,0.25363825363825365,-237,0.2916666666666667,-50,0.6
"('adx_max_48', 'adx_4h', 'adx_max_4h')",XGBClassifier,0.3333333333333333,-5,0.6666666666666666,2,0.6
"('macd', 'adx_max_21', 'macd_slope')",XGBClassifier,0.20165289256198346,-361,0.19135802469135801,-100,0.55
"('adx_slope', 'rsi_break_4h', 'williams_limit_4h')",XGBClassifier,0.25170998632010944,-363,0.2342857142857143,-93,0.55
"('bb_middle_crossing', 'squeeze_momentum', 'rsi_convergence5_40')",XGBClassifier,0.2482758620689655,-146,0.24096385542168675,-43,0.6
"('rsi_limit_4h', 'rsi', 'adx_max_4h')",XGBClassifier,0.20600858369098712,-274,0.2032520325203252,-73,0.55
"('adx_slope', 'rsi', 'adx_max_48')",XGBClassifier,0.19332679097154074,-2500,0.20235756385068762,-606,0.5
"('macd_max', 'cci', 'rsi_limit_4h')",XGBClassifier,0.17316319409829528,-6557,0.18570287539936103,-1574,0.45
"('rsi_convergence', 'williams_break', 'williams_limit_4h')",XGBClassifier,0.30718954248366015,-59,0.358974358974359,-11,0.6
"('macd_convergence', 'adx_max_21', 'macd_slope')",XGBClassifier,0.23648648648648649,-312,0.25882352941176473,-82,0.6
"('macd_zero', 'bb_sqeeze_both_direction_4h', 'ema_20_channel')",XGBClassifier,0.20810514786418402,-533,0.16289592760180996,-149,0.55
"('bb_middle_crossing', 'squeeze_momentum', 'adx_max_4h')",XGBClassifier,0.3595505617977528,-25,0.3125,-6,0.55
"('rsi', 'squeeze_momentum', 'macd_max_4h')",XGBClassifier,0.2727272727272727,-45,0.21052631578947367,-11,0.6
"('rsi_break_4h', 'adx_4h', 'candle_4h')",XGBClassifier,0.17582994357695841,-4941,0.18522372528616024,-1210,0.5
"('bb_sqeeze_both_direction_4h', 'adx_max_48', 'macd_max_4h')",XGBClassifier,0.16785873938310236,-5944,0.17631224764468373,-1443,0.5
"('bb_sqeeze_both_direction_4h', 'rsi_limit_4h', 'williams_break')",XGBClassifier,0.23041894353369763,-592,0.23107569721115537,-135,0.55
"('macd_zero', 'squeeze_momentum', 'adx_4h')",XGBClassifier,0.31496062992125984,-47,0.36363636363636365,-12,0.55
"('ema_20_channel', 'adx_4h', 'williams_limit_4h')",XGBClassifier,0.17876907596847225,-3831,0.18606224627875506,-928,0.5
"('adx_max_48', 'ema_10_50', 'bb_sqeeze_both_direction')",XGBClassifier,0.18081337678900383,-4505,0.18992248062015504,-1120,0.5
"('rsi_limit_4h', 'rsi', 'squeeze_momentum')",XGBClassifier,0.23425692695214106,-211,0.2037037037037037,-64,0.55
"('rsi', 'macd_max_4h', 'ema_10_50')",XGBClassifier,0.1743406347787215,-5828,0.17959895379250218,-1470,0.5
"('macd_max', 'macd_convergence', 'rsi_convergence5_40')",XGBClassifier,0.17331608795144762,-6567,0.1853328019131128,-1579,0.45
"('cci', 'macd_slope_4h', 'williams_limit_4h')",XGBClassifier,0.2777777777777778,-16,0.1,-8,0.6
"('macd_max', 'macd', 'adx_max_21')",XGBClassifier,0.1816891412349184,-3588,0.1829787234042553,-894,0.5
"('ema_10_50', 'macd_slope_4h', 'adx_max_4h')",XGBClassifier,0.22181818181818183,-153,0.2459016393442623,-31,0.55
"('macd_max', 'cci_4h', 'macd_slope')",XGBClassifier,0.1778486581610207,-5858,0.18739054290718038,-1428,0.45
"('macd_max', 'bb_middle_crossing', 'macd_max_4h')",XGBClassifier,0.29245283018867924,-44,0.2692307692307692,-12,0.6
"('macd_max', 'ema_20_channel', 'bb_sqeeze_both_direction')",XGBClassifier,1.0,1,0.0,0,0.55
"('adx_slope', 'macd', 'rsi_convergence')",XGBClassifier,0.23917525773195877,-253,0.3233082706766917,-47,0.55
"('macd', 'rsi_convergence', 'ema_10_50')",XGBClassifier,0.3333333333333333,-16,0.6,2,0.55
"('bb_middle_crossing', 'macd_max_4h', 'adx_max_4h')",XGBClassifier,0.3225806451612903,-55,0.2571428571428571,-17,0.6
"('rsi_convergence', 'ema_20_channel', 'bb_sqeeze_both_direction')",XGBClassifier,0.3548387096774194,-18,0.4,-3,0.6
"('macd_max_4h', 'macd_slope_4h', 'adx')",XGBClassifier,0.25,-36,0.2631578947368421,-9,0.55
"('bb_middle_crossing', 'adx_4h', 'adx_max_4h')",XGBClassifier,0.3595505617977528,-25,0.3125,-6,0.6
"('macd_max', 'bb_middle_crossing', 'bb_middle_crossing_4h')",XGBClassifier,0.22727272727272727,-612,0.22033898305084745,-165,0.55
"('adx_slope', 'cci', 'rsi')",XGBClassifier,0.19607040523945968,-1485,0.1977124183006536,-370,0.55
"('squeeze_momentum', 'ema_10_50', 'bb_sqeeze_both_direction')",XGBClassifier,0.3333333333333333,-3,0.0,0,0.55
"('rsi', 'williams_break', 'rsi_convergence5_40')",XGBClassifier,0.2623762376237624,-96,0.26666666666666666,-21,0.6
"('cci', 'bb_middle_crossing', 'macd_slope_4h')",XGBClassifier,0.27751196172248804,-93,0.25925925925925924,-26,0.6
"('bb_sqeeze_both_direction_4h', 'rsi_limit_4h', 'macd_max_4h')",XGBClassifier,0.17321207110376188,-3162,0.17680454176804541,-797,0.5
"('macd_zero', 'bb_sqeeze_both_direction', 'adx')",XGBClassifier,0.19808126410835214,-1070,0.2203023758099352,-259,0.55
"('macd_max', 'bb_sqeeze_both_direction', 'adx')",XGBClassifier,0.3076923076923077,-5,0.0,-1,0.55
"('rsi_limit_4h', 'rsi_convergence5_40', 'williams_limit_4h')",XGBClassifier,0.25210084033613445,-59,0.16666666666666666,-20,0.55
"('macd_convergence', 'rsi', 'rsi_convergence5_40')",XGBClassifier,0.23938223938223938,-405,0.25116279069767444,-107,0.6
"('ema_20_channel', 'rsi_convergence5_40', 'bb_sqeeze_both_direction')",XGBClassifier,0.2636363636363636,-52,0.25,-12,0.55
"('williams_break', 'candle_4h', 'adx')",XGBClassifier,0.21831955922865015,-818,0.21159420289855072,-199,0.55
"('rsi_break_4h', 'bb_middle_crossing', 'williams_limit_4h')",XGBClassifier,0.19549729267597607,-2137,0.19495412844036697,-532,0.5
"('bb_sqeeze_both_direction_4h', 'rsi_convergence5_40', 'bb_sqeeze_both_direction')",XGBClassifier,0.16957803992740472,-5826,0.1800453514739229,-1411,0.5
"('squeeze_momentum', 'macd_slope_4h', 'adx')",XGBClassifier,0.17536369386464262,-4106,0.17940619077700568,-1015,0.5
"('cci', 'rsi_break_4h', 'bb_middle_crossing_4h')",XGBClassifier,0.22151898734177214,-88,0.21052631578947367,-22,0.55
"('bb_sqeeze_both_direction_4h', 'adx_4h', 'candle_4h')",XGBClassifier,0.18325242718446602,-3654,0.18482758620689654,-914,0.5
"('cci_4h', 'bb_middle_crossing_4h', 'adx')",XGBClassifier,0.16943412715752676,-6052,0.18032076289553534,-1475,0.5
"('adx_max_48', 'adx_4h', 'candle_4h')",XGBClassifier,0.17567920585161964,-4966,0.18355739400206825,-1224,0.5
"('macd_convergence', 'cci', 'squeeze_momentum')",XGBClassifier,0.19992676675210547,-1639,0.22826086956521738,-400,0.5
"('cci', 'candle_4h', 'bb_sqeeze_both_direction')",XGBClassifier,0.18299284092893311,-3631,0.19123783031988872,-888,0.5
"('adx_4h', 'bb_middle_crossing_4h', 'adx_max_4h')",XGBClassifier,0.18141681717840658,-3175,0.1923383878691141,-771,0.5
"('macd_zero', 'adx_max_48', 'adx_4h')",XGBClassifier,0.20058351568198396,-1642,0.20821529745042494,-412,0.55
"('bb_sqeeze_both_direction_4h', 'rsi_break_4h', 'ema_20_channel')",XGBClassifier,0.2517985611510791,-69,0.17073170731707318,-27,0.55
"('squeeze_momentum', 'macd_max_4h', 'ema_20_channel')",XGBClassifier,0.29411764705882354,-28,0.3076923076923077,-5,0.6
"('macd_zero', 'bb_middle_crossing', 'adx_max_4h')",XGBClassifier,0.37349397590361444,-21,0.26666666666666666,-7,0.6
"('rsi_limit_4h', 'rsi', 'macd')",XGBClassifier,0.2145377558221595,-809,0.20786516853932585,-208,0.55
"('candle_4h', 'bb_middle_crossing_4h', 'macd_slope_4h')",XGBClassifier,0.1816973188566364,-2873,0.18141592920353983,-720,0.5
"('squeeze_momentum', 'ema_20_channel', 'rsi_convergence5_40')",XGBClassifier,0.22767857142857142,-122,0.13953488372093023,-31,0.55
"('adx_slope', 'macd_convergence', 'rsi_convergence5_40')",XGBClassifier,0.2479740680713128,-311,0.29375,-66,0.6
"('squeeze_momentum', 'macd_slope', 'williams_limit_4h')",XGBClassifier,0.23809523809523808,-44,0.2631578947368421,-9,0.55
"('bb_middle_crossing', 'williams_break', 'adx')",XGBClassifier,0.2433234421364985,-346,0.22093023255813954,-96,0.6
"('macd_max', 'bb_middle_crossing', 'williams_break')",XGBClassifier,0.24533715925394547,-355,0.21348314606741572,-102,0.6
"('macd_max_4h', 'ema_10_50', 'williams_limit_4h')",XGBClassifier,0.25225225225225223,-55,0.19230769230769232,-16,0.55
"('cci_4h', 'bb_sqeeze_both_direction', 'williams_limit_4h')",XGBClassifier,0.19965967101531482,-1059,0.22748815165876776,-230,0.55
"('rsi_break_4h', 'bb_middle_crossing', 'bb_middle_crossing_4h')",XGBClassifier,0.22735346358792186,-614,0.22033898305084745,-165,0.55
"('rsi_break_4h', 'rsi', 'adx')",XGBClassifier,0.17040884718498658,-3934,0.1769736842105263,-982,0.5
"('bb_middle_crossing', 'rsi_convergence5_40', 'adx_max_21')",XGBClassifier,0.26714801444043323,-129,0.234375,-34,0.6
"('macd_zero', 'rsi_limit_4h', 'williams_break')",XGBClassifier,0.22844827586206898,-630,0.23049645390070922,-152,0.55
"('cci_4h', 'rsi', 'adx_max_21')",XGBClassifier,0.3,-4,0.25,-2,0.55
"('macd_convergence', 'macd_max_4h', 'adx')",XGBClassifier,0.21674876847290642,-805,0.22815533980582525,-224,0.55
"('rsi_limit_4h', 'adx_4h', 'macd_slope_4h')",XGBClassifier,0.20691287878787878,-1238,0.210727969348659,-302,0.55
"('cci', 'candle_4h', 'macd_slope')",XGBClassifier,0.2698412698412698,-29,0.07407407407407407,-23,0.55
"('adx_slope', 'cci_4h', 'candle_4h')",XGBClassifier,0.20254745254745254,-2382,0.1952191235059761,-612,0.5
"('macd_convergence', 'macd_max_4h', 'ema_20_channel')",XGBClassifier,0.264,-118,0.25862068965517243,-28,0.6
"('cci', 'bb_sqeeze_both_direction_4h', 'rsi_convergence5_40')",XGBClassifier,0.22409638554216868,-229,0.19047619047619047,-65,0.55
"('macd_max', 'rsi_limit_4h', 'ema_20_channel')",XGBClassifier,0.22295081967213115,-338,0.14864864864864866,-104,0.55
"('macd_convergence', 'bb_middle_crossing', 'macd_slope_4h')",XGBClassifier,0.3352941176470588,-56,0.3469387755102041,-15,0.6
"('rsi_convergence', 'squeeze_momentum', 'bb_sqeeze_both_direction')",XGBClassifier,0.2360335195530726,-378,0.2904761904761905,-88,0.6
"('bb_sqeeze_both_direction_4h', 'williams_break', 'adx_4h')",XGBClassifier,0.2818991097922849,-147,0.2857142857142857,-42,0.55
"('macd', 'candle_4h', 'rsi_convergence5_40')",XGBClassifier,0.2106969205834684,-357,0.15083798882681565,-125,0.55
"('adx_max_48', 'macd', 'rsi_convergence')",XGBClassifier,0.22018348623853212,-488,0.248,-126,0.55
"('squeeze_momentum', 'candle_4h', 'adx_max_21')",XGBClassifier,0.24193548387096775,-64,0.11538461538461539,-20,0.55
"('macd_zero', 'rsi_limit_4h', 'bb_middle_crossing_4h')",XGBClassifier,0.17976424361493124,-5216,0.18322082931533268,-1314,0.5
"('macd_zero', 'adx_slope', 'williams_break')",XGBClassifier,0.22844827586206898,-630,0.23049645390070922,-152,0.55
"('candle_4h', 'bb_middle_crossing_4h', 'rsi_convergence5_40')",XGBClassifier,0.20178799489144317,-467,0.17391304347826086,-150,0.55
"('macd_max', 'macd_zero', 'rsi_limit_4h')",XGBClassifier,0.20519782777346782,-1520,0.1884272997032641,-420,0.55
"('macd_convergence', 'bb_middle_crossing', 'bb_sqeeze_both_direction')",XGBClassifier,0.3352941176470588,-56,0.3469387755102041,-15,0.55
"('macd_max', 'adx_slope', 'adx_max_4h')",XGBClassifier,0.20869803063457332,-2130,0.22111111111111112,-502,0.55
"('bb_sqeeze_both_direction_4h', 'williams_break', 'bb_sqeeze_both_direction')",XGBClassifier,0.23041894353369763,-592,0.23107569721115537,-135,0.55
"('rsi_limit_4h', 'rsi', 'adx_max_48')",XGBClassifier,0.1734987414599065,-3632,0.1757142857142857,-908,0.5
"('rsi', 'williams_break', 'adx_max_21')",XGBClassifier,0.2220555138784696,-741,0.209375,-186,0.55
"('macd_convergence', 'candle_4h', 'adx_max_4h')",XGBClassifier,0.22968197879858657,-459,0.27310924369747897,-108,0.55
"('bb_middle_crossing', 'macd_max_4h', 'rsi_convergence5_40')",XGBClassifier,0.2897196261682243,-45,0.2692307692307692,-12,0.6
"('rsi_limit_4h', 'candle_4h', 'rsi_convergence5_40')",XGBClassifier,0.20594965675057209,-257,0.1510791366906475,-97,0.55
"('adx_slope', 'bb_sqeeze_both_direction_4h', 'adx_max_4h')",XGBClassifier,0.1987704918032787,-294,0.19658119658119658,-71,0.55
"('bb_middle_crossing_4h', 'adx_max_4h', 'macd_slope')",XGBClassifier,0.5,0,0.5,0,0.6
"('macd_zero', 'macd', 'ema_10_50')",XGBClassifier,0.27906976744186046,-19,0.3076923076923077,-5,0.55
"('cci_4h', 'adx_max_48', 'adx_4h')",XGBClassifier,0.18737446197991392,-2179,0.1923509561304837,-547,0.5
"('rsi_convergence', 'macd_max_4h', 'williams_limit_4h')",XGBClassifier,0.20181219110378912,-724,0.2442528735632184,-178,0.55
"('rsi', 'rsi_convergence', 'williams_break')",XGBClassifier,0.30718954248366015,-59,0.358974358974359,-11,0.55
"('rsi_convergence', 'rsi_convergence5_40', 'adx')",XGBClassifier,0.22198275862068967,-258,0.2357142857142857,-74,0.55
"('macd_convergence', 'adx_max_48', 'squeeze_momentum')",XGBClassifier,0.22755555555555557,-613,0.25,-160,0.5
"('bb_sqeeze_both_direction_4h', 'ema_20_channel', 'bb_middle_crossing_4h')",XGBClassifier,0.2709677419354839,-71,0.17073170731707318,-27,0.6
"('macd', 'rsi_convergence5_40', 'adx_max_4h')",XGBClassifier,0.23514851485148514,-214,0.23595505617977527,-47,0.55
"('adx_slope', 'bb_middle_crossing', 'ema_10_50')",XGBClassifier,0.3333333333333333,-37,0.3870967741935484,-7,0.55
"('cci_4h', 'rsi_convergence', 'adx_4h')",XGBClassifier,0.2627551020408163,-186,0.2764227642276423,-55,0.55
"('bb_middle_crossing', 'ema_10_50', 'williams_limit_4h')",XGBClassifier,0.2452153110047847,-426,0.2288135593220339,-128,0.55
"('adx_slope', 'cci', 'williams_break')",XGBClassifier,0.2796833773087071,-167,0.2647058823529412,-48,0.55
"('macd_zero', 'macd_max_4h', 'candle_4h')",XGBClassifier,0.1886099203919167,-3051,0.18553459119496854,-800,0.5
"('bb_middle_crossing_4h', 'rsi_convergence5_40', 'adx_max_4h')",XGBClassifier,0.5,0,0.5,0,0.6
"('macd_convergence', 'squeeze_momentum', 'ema_20_channel')",RandomForestClassifier,0.5454545454545454,1,0.5,0,0.45
"('macd_max', 'bb_sqeeze_both_direction_4h', 'adx_max_21')",XGBClassifier,0.21311475409836064,-35,0.2,-9,0.55
"('cci_4h', 'ema_10_50', 'macd_slope_4h')",XGBClassifier,0.2677165354330709,-59,0.24,-13,0.55
"('rsi', 'williams_break', 'williams_limit_4h')",XGBClassifier,0.28125,-28,0.18181818181818182,-7,0.6
"('macd_max', 'macd_convergence', 'ema_10_50')",XGBClassifier,0.2625,-114,0.35384615384615387,-19,0.6
"('macd_max', 'williams_limit_4h', 'adx')",XGBClassifier,0.17974477328265,-4718,0.18694196428571427,-1122,0.5
"('cci', 'cci_4h', 'candle_4h')",XGBClassifier,0.21099887766554434,-515,0.2384937238493724,-125,0.55
"('macd_zero', 'cci', 'adx')",XGBClassifier,0.23275862068965517,-248,0.2127659574468085,-81,0.55
"('cci', 'cci_4h', 'rsi_convergence5_40')",XGBClassifier,0.19476744186046513,-1470,0.18968133535660092,-409,0.5
"('adx_slope', 'adx_max_48', 'ema_20_channel')",XGBClassifier,0.24806201550387597,-130,0.2535211267605634,-35,0.55
"('cci', 'rsi', 'williams_break')",XGBClassifier,0.2517985611510791,-138,0.2073170731707317,-48,0.6
"('cci_4h', 'rsi_break_4h', 'adx_4h')",XGBClassifier,0.1872637394591451,-2151,0.19340159271899887,-539,0.5
"('ema_10_50', 'bb_middle_crossing_4h', 'adx_max_21')",XGBClassifier,0.4,-2,0.5,0,0.55
"('cci', 'rsi_limit_4h', 'bb_middle_crossing')",XGBClassifier,0.2702702702702703,-102,0.25806451612903225,-30,0.6
"('rsi_limit_4h', 'adx_max_48', 'ema_20_channel')",XGBClassifier,0.22295081967213115,-338,0.14864864864864866,-104,0.55
"('cci', 'rsi_convergence', 'macd_slope_4h')",XGBClassifier,0.3333333333333333,-7,0.3333333333333333,-2,0.6
"('rsi', 'squeeze_momentum', 'macd_slope')",XGBClassifier,0.31,-38,0.3181818181818182,-8,0.6
"('macd', 'macd_max_4h', 'williams_break')",XGBClassifier,0.273972602739726,-66,0.275,-18,0.6
"('ema_20_channel', 'rsi_convergence5_40', 'adx_max_21')",XGBClassifier,0.2755102040816326,-44,0.2608695652173913,-11,0.6
"('macd_convergence', 'rsi_limit_4h', 'squeeze_momentum')",XGBClassifier,0.24872448979591838,-394,0.25,-112,0.55
"('rsi_break_4h', 'ema_20_channel', 'candle_4h')",XGBClassifier,0.24615384615384617,-66,0.18421052631578946,-24,0.6
"('macd_max', 'squeeze_momentum', 'bb_sqeeze_both_direction')",XGBClassifier,0.18376487053883836,-4519,0.19807037457434734,-1064,0.5
"('rsi', 'squeeze_momentum', 'bb_sqeeze_both_direction')",XGBClassifier,0.23429951690821257,-220,0.2072072072072072,-65,0.55
"('macd_convergence', 'adx_max_48', 'candle_4h')",XGBClassifier,0.2620320855614973,-267,0.2848101265822785,-68,0.55
"('macd_max', 'adx_slope', 'rsi_convergence5_40')",XGBClassifier,0.20869803063457332,-2130,0.22111111111111112,-502,0.5
"('rsi_break_4h', 'macd', 'macd_slope_4h')",XGBClassifier,0.2001321003963012,-908,0.20155038759689922,-231,0.55
"('rsi', 'candle_4h', 'macd_slope')",XGBClassifier,0.1857041082878176,-2647,0.18352059925093633,-676,0.5
"('macd_max', 'ema_10_50', 'adx_4h')",XGBClassifier,0.20041536863966772,-1731,0.1986842105263158,-458,0.55
"('rsi_convergence', 'bb_middle_crossing_4h', 'adx')",XGBClassifier,0.3684210526315789,-5,0.2857142857142857,-3,0.6
"('macd_convergence', 'cci_4h', 'adx_max_48')",XGBClassifier,0.22755555555555557,-613,0.25,-160,0.55
"('macd_max', 'macd_convergence', 'rsi_limit_4h')",XGBClassifier,0.17316319409829528,-6557,0.18570287539936103,-1574,0.5
"('rsi_break_4h', 'rsi_convergence5_40', 'macd_slope')",XGBClassifier,0.17812105926860025,-4084,0.17464263517712866,-1047,0.5
"('adx_max_48', 'rsi_convergence', 'adx_max_21')",XGBClassifier,0.2624113475177305,-67,0.25,-14,0.55
"('bb_middle_crossing', 'candle_4h', 'bb_sqeeze_both_direction')",XGBClassifier,0.24814264487369986,-339,0.2631578947368421,-81,0.6
"('bb_sqeeze_both_direction_4h', 'macd_max_4h', 'adx_max_21')",XGBClassifier,0.16812784374653203,-5981,0.17639198218262805,-1453,0.5
"('bb_middle_crossing_4h', 'adx_max_21', 'macd_slope_4h')",XGBClassifier,0.26666666666666666,-14,0.2,-6,0.55
"('macd', 'macd_slope_4h', 'adx')",XGBClassifier,0.2099946836788942,-1091,0.20634920634920634,-296,0.55
"('adx_max_48', 'squeeze_momentum', 'ema_20_channel')",XGBClassifier,0.20512820512820512,-207,0.26506024096385544,-39,0.55
"('adx_max_48', 'bb_middle_crossing_4h', 'macd_slope_4h')",XGBClassifier,0.17249240121580547,-4310,0.17504542701393094,-1073,0.5
"('rsi_convergence', 'macd_max_4h', 'ema_20_channel')",RandomForestClassifier,0.625,2,0.5,0,0.45
"('candle_4h', 'macd_slope_4h', 'adx')",XGBClassifier,0.17805128205128204,-3139,0.1797570850202429,-791,0.5
"('macd_zero', 'rsi', 'bb_sqeeze_both_direction')",XGBClassifier,0.2180214240705734,-895,0.22300469483568075,-236,0.55
"('adx_slope', 'adx_4h', 'bb_middle_crossing_4h')",XGBClassifier,0.21756225425950196,-862,0.21798365122615804,-207,0.55
"('adx_slope', 'rsi', 'bb_sqeeze_both_direction')",XGBClassifier,0.20168902136115252,-1201,0.19635627530364372,-300,0.55
"('rsi', 'rsi_convergence', 'candle_4h')",XGBClassifier,0.20933333333333334,-436,0.24882629107981222,-107,0.55
"('bb_middle_crossing', 'macd_slope_4h', 'adx')",XGBClassifier,0.23426212590299278,-515,0.2109375,-148,0.55
"('macd_convergence', 'macd', 'macd_slope')",XGBClassifier,0.2314165497896213,-383,0.24623115577889448,-101,0.55
"('cci', 'rsi_convergence5_40', 'macd_slope_4h')",XGBClassifier,0.3181818181818182,-8,0.7142857142857143,3,0.6
"('ema_10_50', 'adx_4h', 'bb_middle_crossing_4h')",XGBClassifier,0.2324561403508772,-122,0.1267605633802817,-53,0.55
"('adx_max_48', 'ema_20_channel', 'adx_4h')",XGBClassifier,0.2144212523719165,-301,0.1836734693877551,-93,0.55
"('cci_4h', 'rsi_limit_4h', 'squeeze_momentum')",XGBClassifier,0.20031545741324921,-380,0.1910828025477707,-97,0.55
"('bb_sqeeze_both_direction_4h', 'rsi_limit_4h', 'rsi')",XGBClassifier,0.17321047008547008,-4894,0.17751479289940827,-1199,0.5
"('macd_max', 'candle_4h', 'bb_middle_crossing_4h')",XGBClassifier,0.18401587587948764,-3503,0.19161243673174258,-853,0.5
"('macd_zero', 'rsi_break_4h', 'bb_middle_crossing')",XGBClassifier,0.18025430067314885,-5130,0.18439024390243902,-1294,0.5
"('rsi_convergence', 'candle_4h', 'macd_slope_4h')",XGBClassifier,0.22011385199240988,-295,0.24516129032258063,-79,0.55
"('bb_sqeeze_both_direction_4h', 'macd', 'macd_slope')",XGBClassifier,0.18980950195088364,-2703,0.17719298245614035,-736,0.5
"('rsi_convergence', 'williams_break', 'macd_slope_4h')",XGBClassifier,0.30718954248366015,-59,0.358974358974359,-11,0.6
"('candle_4h', 'macd_slope_4h', 'macd_slope')",XGBClassifier,0.1857041082878176,-2647,0.18352059925093633,-676,0.5
"('macd_convergence', 'bb_middle_crossing_4h', 'adx_max_21')",RandomForestClassifier,1.0,3,0.5,0,0.45
"('macd_zero', 'ema_10_50', 'macd_slope')",XGBClassifier,0.17848324514991182,-5469,0.18407731247123793,-1373,0.5
"('macd_zero', 'ema_20_channel', 'macd_slope')",XGBClassifier,0.2111111111111111,-52,0.23809523809523808,-11,0.55
"('cci_4h', 'adx_4h', 'bb_middle_crossing_4h')",XGBClassifier,0.1872637394591451,-2151,0.19340159271899887,-539,0.5
"('rsi_break_4h', 'bb_middle_crossing', 'macd_slope')",XGBClassifier,0.2878787878787879,-56,0.28125,-14,0.6
"('cci_4h', 'bb_middle_crossing', 'squeeze_momentum')",XGBClassifier,0.25793650793650796,-122,0.25,-34,0.6
"('cci', 'macd_slope_4h', 'macd_slope')",XGBClassifier,0.22983870967741934,-134,0.21794871794871795,-44,0.55
"('macd_max', 'macd_zero', 'adx_max_4h')",XGBClassifier,0.18522008345672364,-4677,0.18769716088328076,-1188,0.5
"('macd', 'rsi_convergence', 'macd_slope_4h')",XGBClassifier,0.21967963386727687,-490,0.25190839694656486,-130,0.55
"('rsi', 'adx_4h', 'rsi_convergence5_40')",XGBClassifier,0.22202166064981949,-308,0.21686746987951808,-94,0.55
"('bb_sqeeze_both_direction_4h', 'macd_max_4h', 'adx')",XGBClassifier,0.21910112359550563,-100,0.1896551724137931,-36,0.55
"('macd_convergence', 'ema_20_channel', 'adx')",XGBClassifier,0.2694610778443114,-77,0.2608695652173913,-22,0.6
"('macd_max', 'adx_max_48', 'macd')",XGBClassifier,0.17316319409829528,-6557,0.18570287539936103,-1574,0.45
"('rsi_break_4h', 'rsi', 'adx_4h')",XGBClassifier,0.1803479539328596,-2609,0.1932367149758454,-635,0.5
"('rsi_limit_4h', 'macd_max_4h', 'williams_limit_4h')",XGBClassifier,0.1782178217821782,-2665,0.1802154750244858,-653,0.5
"('macd_zero', 'cci', 'squeeze_momentum')",XGBClassifier,0.22574257425742575,-554,0.21052631578947367,-165,0.55
"('adx_max_48', 'candle_4h', 'adx')",XGBClassifier,0.17599578873486577,-3693,0.18332184700206755,-919,0.5
"('adx_slope', 'cci_4h', 'macd_slope')",XGBClassifier,0.20477716283134284,-2027,0.20509849362688296,-509,0.55
"('cci_4h', 'rsi_limit_4h', 'macd_slope_4h')",XGBClassifier,0.29411764705882354,-49,0.18518518518518517,-17,0.55
"('adx_slope', 'williams_limit_4h', 'adx')",XGBClassifier,0.28776978417266186,-118,0.23880597014925373,-35,0.6
"('macd_zero', 'cci', 'candle_4h')",XGBClassifier,0.24050632911392406,-205,0.20833333333333334,-70,0.55
"('macd_zero', 'ema_20_channel', 'adx_max_4h')",XGBClassifier,0.21171770972037285,-433,0.22340425531914893,-104,0.55
"('cci', 'rsi_limit_4h', 'macd_slope')",XGBClassifier,0.25,-48,0.1724137931034483,-19,0.55
"('rsi_limit_4h', 'ema_10_50', 'williams_limit_4h')",XGBClassifier,0.21009463722397476,-919,0.19,-248,0.55
"('candle_4h', 'adx_max_4h', 'williams_limit_4h')",XGBClassifier,0.19850586979722518,-1130,0.1889400921658986,-270,0.55
"('ema_20_channel', 'macd_slope_4h', 'adx_max_4h')",XGBClassifier,0.17866189837580093,-4313,0.1782477341389728,-1065,0.5
"('rsi_break_4h', 'adx_4h', 'bb_sqeeze_both_direction')",XGBClassifier,0.19254212979562568,-1715,0.2170212765957447,-399,0.5
"('macd_max', 'rsi_break_4h', 'adx')",XGBClassifier,0.18112554112554113,-3683,0.19407198306280876,-867,0.5
"('bb_sqeeze_both_direction_4h', 'ema_10_50', 'adx_4h')",XGBClassifier,0.21443514644351463,-1092,0.2134387351778656,-290,0.55
"('ema_10_50', 'adx_4h', 'adx')",XGBClassifier,0.2185672514619883,-770,0.20809248554913296,-202,0.55
"('williams_break', 'adx_4h', 'adx_max_21')",XGBClassifier,0.24408014571949,-281,0.24528301886792453,-81,0.6
"('macd_convergence', 'bb_sqeeze_both_direction_4h', 'macd_slope')",XGBClassifier,0.28859060402684567,-63,0.2916666666666667,-20,0.6
"('cci', 'macd', 'williams_break')",XGBClassifier,0.26556016597510373,-113,0.19402985074626866,-41,0.6
"('macd_max', 'macd_slope_4h', 'macd_slope')",XGBClassifier,0.18657772387305438,-3101,0.18600953895071543,-790,0.5
"('rsi', 'macd', 'candle_4h')",XGBClassifier,0.2297476759628154,-407,0.22797927461139897,-105,0.55
"('rsi', 'candle_4h', 'bb_middle_crossing_4h')",XGBClassifier,0.17561361836896278,-4097,0.18216080402010051,-1012,0.5
"('adx_slope', 'rsi', 'ema_20_channel')",XGBClassifier,0.336734693877551,-32,0.1724137931034483,-19,0.6
"('rsi_limit_4h', 'bb_middle_crossing_4h', 'macd_slope_4h')",XGBClassifier,0.1727453074927514,-4289,0.17536407766990292,-1070,0.5
"('rsi_limit_4h', 'squeeze_momentum', 'adx')",XGBClassifier,0.18242312987608994,-2768,0.17641764176417643,-719,0.5
"('macd_max', 'macd_convergence', 'bb_middle_crossing_4h')",XGBClassifier,0.32926829268292684,-28,0.2608695652173913,-11,0.6
"('bb_middle_crossing', 'rsi_convergence5_40', 'macd_slope')",XGBClassifier,0.2733812949640288,-63,0.28125,-14,0.6
"('rsi', 'adx_max_4h', 'williams_limit_4h')",XGBClassifier,0.2100456621004566,-762,0.19325153374233128,-200,0.55
"('macd_convergence', 'adx_max_21', 'adx_max_4h')",XGBClassifier,0.34285714285714286,-22,0.65,6,0.55
"('rsi_limit_4h', 'macd_max_4h', 'bb_sqeeze_both_direction')",XGBClassifier,0.1732086406743941,-4962,0.18585005279831046,-1190,0.5
"('rsi_convergence', 'macd_max_4h', 'adx_4h')",XGBClassifier,0.2627551020408163,-186,0.2764227642276423,-55,0.55
"('rsi_break_4h', 'adx_max_48', 'adx_max_4h')",XGBClassifier,0.22857142857142856,-114,0.22413793103448276,-32,0.55
"('adx_slope', 'ema_20_channel', 'adx_max_21')",XGBClassifier,0.18555790960451976,-3562,0.18989169675090253,-859,0.5
"('adx_max_48', 'macd_max_4h', 'ema_10_50')",XGBClassifier,0.17431706224809673,-5818,0.1792411687745312,-1471,0.5
"('rsi_limit_4h', 'adx_max_48', 'candle_4h')",XGBClassifier,0.17380574651859687,-3701,0.18041958041958042,-914,0.5
"('rsi_break_4h', 'rsi_convergence5_40', 'adx_max_4h')",XGBClassifier,0.20849933598937584,-439,0.21787709497206703,-101,0.55
"('rsi_limit_4h', 'macd_slope_4h', 'adx')",XGBClassifier,0.1729754184889157,-4337,0.16829865361077112,-1084,0.5
"('adx_max_48', 'rsi_convergence', 'ema_20_channel')",XGBClassifier,0.2692307692307692,-60,0.2962962962962963,-11,0.6
"('bb_sqeeze_both_direction_4h', 'adx_max_48', 'ema_10_50')",XGBClassifier,0.17962962962962964,-4498,0.18004459308807136,-1148,0.5
"('rsi', 'adx_4h', 'williams_limit_4h')",XGBClassifier,0.2152917505030181,-283,0.16666666666666666,-72,0.55
"('macd_max', 'adx_max_48', 'bb_middle_crossing_4h')",XGBClassifier,0.17316319409829528,-6557,0.18570287539936103,-1574,0.45
"('adx_slope', 'rsi_convergence5_40', 'macd_slope')",XGBClassifier,0.2521246458923513,-175,0.2079207920792079,-59,0.55
"('macd_convergence', 'adx_max_48', 'rsi_convergence5_40')",XGBClassifier,0.22755555555555557,-613,0.25,-160,0.55
"('macd_convergence', 'rsi_convergence', 'williams_limit_4h')",XGBClassifier,0.25363825363825365,-237,0.2916666666666667,-50,0.6
"('macd_max', 'rsi_convergence', 'squeeze_momentum')",XGBClassifier,0.17316319409829528,-6557,0.18570287539936103,-1574,0.5
"('ema_20_channel', 'adx_max_21', 'williams_limit_4h')",XGBClassifier,0.5238095238095238,1,0.0,-5,0.6
"('adx_max_48', 'adx_4h', 'macd_slope_4h')",XGBClassifier,0.20691287878787878,-1238,0.210727969348659,-302,0.5
"('macd', 'candle_4h', 'williams_limit_4h')",XGBClassifier,0.2311886586695747,-493,0.21100917431192662,-126,0.55
"('rsi_limit_4h', 'macd_max_4h', 'ema_10_50')",XGBClassifier,0.20833333333333334,-126,0.24528301886792453,-27,0.55
"('macd_max', 'rsi_convergence', 'adx_max_21')",XGBClassifier,0.21391484942886813,-551,0.26618705035971224,-130,0.55
"('macd_zero', 'macd', 'macd_slope_4h')",XGBClassifier,0.17874753451676528,-5212,0.18173076923076922,-1324,0.5
"('rsi_break_4h', 'adx_4h', 'bb_middle_crossing_4h')",XGBClassifier,0.18151815181518152,-2509,0.19563058589870905,-613,0.5
"('rsi', 'bb_middle_crossing_4h', 'macd_slope')",XGBClassifier,0.17683302526186076,-4196,0.1752136752136752,-1064,0.5
"('rsi_break_4h', 'macd_max_4h', 'rsi_convergence5_40')",XGBClassifier,0.1785853849159828,-1645,0.19258202567760344,-431,0.5
"('adx_slope', 'ema_20_channel', 'rsi_convergence5_40')",XGBClassifier,0.37209302325581395,-11,0.375,-2,0.6
"('macd_max', 'squeeze_momentum', 'macd_max_4h')",XGBClassifier,0.17316319409829528,-6557,0.18570287539936103,-1574,0.5
"('squeeze_momentum', 'rsi_convergence5_40', 'williams_limit_4h')",XGBClassifier,0.18209179834462003,-2535,0.17582417582417584,-649,0.5
"('rsi_break_4h', 'adx_max_48', 'bb_sqeeze_both_direction')",XGBClassifier,0.17237426565410519,-4573,0.1935300794551646,-1080,0.5
"('adx_slope', 'bb_middle_crossing', 'bb_sqeeze_both_direction')",XGBClassifier,0.3308270676691729,-45,0.4444444444444444,-3,0.55
"('macd', 'adx_4h', 'bb_sqeeze_both_direction')",XGBClassifier,0.1775092936802974,-4164,0.18366093366093367,-1030,0.5
"('ema_20_channel', 'rsi_convergence5_40', 'macd_slope_4h')",XGBClassifier,0.26881720430107525,-43,0.1,-16,0.6
"('cci_4h', 'adx_max_48', 'williams_break')",XGBClassifier,0.2087737843551797,-1102,0.188470066518847,-281,0.5
"('williams_break', 'macd_slope_4h', 'williams_limit_4h')",XGBClassifier,0.21214574898785424,-1422,0.19658119658119658,-355,0.5
"('ema_10_50', 'macd_slope', 'adx')",XGBClassifier,0.17991755005889282,-4348,0.18253968253968253,-1120,0.5
"('ema_20_channel', 'rsi_convergence5_40', 'williams_limit_4h')",XGBClassifier,0.22757475083056478,-328,0.14705882352941177,-96,0.55
"('cci', 'rsi', 'macd_slope')",XGBClassifier,0.22962962962962963,-73,0.14285714285714285,-30,0.55
"('macd_convergence', 'cci_4h', 'candle_4h')",XGBClassifier,0.25742574257425743,-245,0.25675675675675674,-72,0.55
"('cci_4h', 'rsi_convergence', 'bb_sqeeze_both_direction')",XGBClassifier,0.22366863905325443,-467,0.2697095435684647,-111,0.55
"('ema_10_50', 'williams_break', 'adx_max_21')",XGBClassifier,0.23920265780730898,-471,0.2222222222222222,-125,0.6
"('macd_max', 'macd_zero', 'adx')",XGBClassifier,0.18524035206499662,-4649,0.18888888888888888,-1176,0.5
"('cci', 'macd', 'ema_20_channel')",XGBClassifier,0.2727272727272727,-65,0.19230769230769232,-32,0.55
"('macd_zero', 'macd_max_4h', 'macd_slope_4h')",XGBClassifier,0.2630057803468208,-164,0.20408163265306123,-58,0.55
"('cci', 'adx_4h', 'macd_slope')",XGBClassifier,0.3,-12,0.2727272727272727,-5,0.55
"('rsi_limit_4h', 'rsi_break_4h', 'bb_sqeeze_both_direction')",XGBClassifier,0.16982347635613967,-5125,0.18524332810047095,-1203,0.5
"('williams_break', 'adx_4h', 'macd_slope_4h')",XGBClassifier,0.26379542395693134,-351,0.2138728323699422,-99,0.55
"('macd_zero', 'bb_sqeeze_both_direction_4h', 'adx_max_4h')",XGBClassifier,0.21703296703296704,-412,0.22099447513812154,-101,0.55
"('cci', 'rsi_convergence', 'adx_4h')",XGBClassifier,0.2627551020408163,-186,0.2764227642276423,-55,0.55
"('bb_middle_crossing', 'macd_slope_4h', 'williams_limit_4h')",XGBClassifier,0.2508710801393728,-143,0.13513513513513514,-54,0.6
"('bb_middle_crossing', 'ema_20_channel', 'adx_max_21')",XGBClassifier,0.2903225806451613,-26,0.3076923076923077,-5,0.55
"('cci_4h', 'rsi_limit_4h', 'candle_4h')",XGBClassifier,0.1760946423714985,-4764,0.18157471880021425,-1189,0.5
"('adx_slope', 'macd', 'williams_break')",XGBClassifier,0.25,-190,0.23595505617977527,-47,0.6
"('macd_max', 'macd_convergence', 'macd_slope')",XGBClassifier,0.21890909090909091,-773,0.24742268041237114,-196,0.55
"('rsi_break_4h', 'bb_middle_crossing', 'adx_max_4h')",XGBClassifier,0.3595505617977528,-25,0.3125,-6,0.6
"('cci', 'macd', 'macd_slope_4h')",XGBClassifier,0.2265625,-70,0.2857142857142857,-18,0.55
"('macd_max', 'macd_convergence', 'rsi')",XGBClassifier,0.24647887323943662,-360,0.27,-92,0.55
"('adx_max_48', 'macd_max_4h', 'adx_max_21')",XGBClassifier,0.18641975308641975,-1016,0.1875,-260,0.5
"('macd_max', 'rsi', 'bb_middle_crossing_4h')",XGBClassifier,0.17316319409829528,-6557,0.18570287539936103,-1574,0.45
"('macd_max', 'squeeze_momentum', 'williams_break')",XGBClassifier,0.2631578947368421,-63,0.27586206896551724,-13,0.6
"('rsi_limit_4h', 'ema_20_channel', 'candle_4h')",XGBClassifier,0.18176030558650327,-3999,0.18061674008810572,-1015,0.5
"('macd_max', 'cci', 'williams_break')",XGBClassifier,0.25170068027210885,-146,0.21176470588235294,-49,0.55
"('bb_sqeeze_both_direction_4h', 'ema_10_50', 'candle_4h')",XGBClassifier,0.17962962962962964,-4498,0.18004459308807136,-1148,0.5
"('candle_4h', 'adx_max_21', 'macd_slope_4h')",XGBClassifier,0.1816707218167072,-2355,0.18250539956803455,-588,0.5
"('macd_convergence', 'bb_sqeeze_both_direction_4h', 'adx_max_4h')",XGBClassifier,0.20322291853178157,-1326,0.2184873949579832,-335,0.5
"('adx_max_48', 'ema_20_channel', 'bb_sqeeze_both_direction')",XGBClassifier,0.21197411003236247,-356,0.22424242424242424,-91,0.55
"('macd', 'macd_slope_4h', 'macd_slope')",XGBClassifier,0.1968225948808473,-687,0.20065789473684212,-182,0.55
"('rsi_limit_4h', 'ema_10_50', 'macd_slope_4h')",XGBClassifier,0.17942410649688903,-4431,0.1758366420873511,-1143,0.5
"('bb_middle_crossing_4h', 'rsi_convergence5_40', 'williams_limit_4h')",XGBClassifier,0.18040889687710626,-2845,0.1824884792626728,-689,0.5
"('rsi_limit_4h', 'rsi_convergence', 'rsi_convergence5_40')",XGBClassifier,0.22134831460674156,-496,0.2600732600732601,-131,0.55
"('macd_convergence', 'rsi_limit_4h', 'bb_middle_crossing_4h')",XGBClassifier,0.32926829268292684,-28,0.2608695652173913,-11,0.6
"('rsi_break_4h', 'macd', 'ema_20_channel')",XGBClassifier,0.2911392405063291,-33,0.2692307692307692,-12,0.55
"('macd_convergence', 'williams_break', 'williams_limit_4h')",XGBClassifier,0.25774877650897227,-297,0.3023255813953488,-68,0.6
"('cci_4h', 'bb_middle_crossing', 'bb_middle_crossing_4h')",XGBClassifier,0.22735346358792186,-614,0.22033898305084745,-165,0.5
"('cci', 'ema_20_channel', 'adx_4h')",XGBClassifier,0.2875,-34,0.16,-17,0.6
"('adx_slope', 'ema_10_50', 'adx_4h')",XGBClassifier,0.24629080118694363,-513,0.22950819672131148,-132,0.55
"('cci_4h', 'rsi', 'rsi_convergence5_40')",XGBClassifier,0.2727272727272727,-5,0.4,-1,0.55
"('williams_break', 'adx_4h', 'macd_slope')",XGBClassifier,0.24964131994261118,-349,0.24598930481283424,-95,0.55
"('adx_slope', 'bb_middle_crossing_4h', 'macd_slope')",XGBClassifier,0.2006426276329882,-1677,0.18914956011730205,-424,0.55
"('macd_max_4h', 'ema_10_50', 'candle_4h')",XGBClassifier,0.1809557902273134,-3565,0.18485059068797777,-907,0.5
"('cci', 'ema_10_50', 'bb_middle_crossing_4h')",XGBClassifier,0.28289473684210525,-66,0.22857142857142856,-19,0.6
"('adx_slope', 'adx_4h', 'williams_limit_4h')",XGBClassifier,0.23315508021390374,-499,0.20930232558139536,-125,0.55
"('ema_20_channel', 'bb_middle_crossing_4h', 'bb_sqeeze_both_direction')",XGBClassifier,0.375,-16,0.11764705882352941,-13,0.6
"('macd', 'squeeze_momentum', 'macd_max_4h')",XGBClassifier,0.32222222222222224,-32,0.3157894736842105,-7,0.55
"('rsi_convergence', 'squeeze_momentum', 'williams_break')",XGBClassifier,0.2874015748031496,-108,0.3387096774193548,-20,0.6
"('adx_slope', 'macd', 'macd_slope_4h')",XGBClassifier,0.26119402985074625,-384,0.35096153846153844,-62,0.55
"('macd_zero', 'rsi_break_4h', 'williams_limit_4h')",XGBClassifier,0.21272834413671185,-975,0.19796954314720813,-238,0.55
"('ema_10_50', 'candle_4h', 'williams_limit_4h')",XGBClassifier,0.2102874432677761,-766,0.20440251572327045,-188,0.55
"('bb_sqeeze_both_direction_4h', 'adx_4h', 'adx_max_21')",XGBClassifier,0.22115384615384615,-58,0.26666666666666666,-14,0.55
"('rsi_break_4h', 'squeeze_momentum', 'bb_middle_crossing_4h')",XGBClassifier,0.21359223300970873,-59,0.2777777777777778,-8,0.55
"('cci_4h', 'rsi_convergence5_40', 'macd_slope_4h')",XGBClassifier,0.25892857142857145,-54,0.17391304347826086,-15,0.6
"('adx_slope', 'cci_4h', 'macd_slope_4h')",XGBClassifier,0.3181818181818182,-8,0.0,-3,0.55
"('cci', 'bb_sqeeze_both_direction_4h', 'adx')",XGBClassifier,0.23931623931623933,-122,0.21153846153846154,-30,0.55
"('cci', 'rsi_break_4h', 'adx')",XGBClassifier,0.17194341529134388,-3896,0.16721744877726372,-1007,0.5
"('squeeze_momentum', 'adx_max_4h', 'adx')",XGBClassifier,0.2857142857142857,-6,0.2,-3,0.55
"('ema_10_50', 'ema_20_channel', 'bb_middle_crossing_4h')",XGBClassifier,0.2549800796812749,-123,0.15384615384615385,-45,0.55
"('cci', 'bb_middle_crossing', 'adx_4h')",XGBClassifier,0.22735346358792186,-614,0.22033898305084745,-165,0.55
"('cci', 'rsi_break_4h', 'adx_max_21')",XGBClassifier,0.46153846153846156,-1,0.0,-4,0.55
"('squeeze_momentum', 'ema_10_50', 'ema_20_channel')",XGBClassifier,0.25190839694656486,-65,0.16129032258064516,-21,0.55
"('bb_sqeeze_both_direction_4h', 'williams_break', 'rsi_convergence5_40')",XGBClassifier,0.28313253012048195,-72,0.3055555555555556,-14,0.6
"('rsi_break_4h', 'bb_sqeeze_both_direction', 'adx')",XGBClassifier,0.17171280276816608,-6072,0.18956521739130436,-1428,0.5
"('williams_break', 'bb_sqeeze_both_direction', 'macd_slope')",XGBClassifier,0.31746031746031744,-46,0.3333333333333333,-11,0.6
"('rsi_limit_4h', 'adx_max_48', 'adx_4h')",XGBClassifier,0.21951219512195122,-115,0.17391304347826086,-30,0.55
"('rsi_limit_4h', 'ema_10_50', 'williams_break')",XGBClassifier,0.2617924528301887,-202,0.24509803921568626,-52,0.6
"('macd', 'williams_break', 'macd_slope')",XGBClassifier,0.26222222222222225,-107,0.2708333333333333,-22,0.6
"('ema_20_channel', 'adx_4h', 'rsi_convergence5_40')",XGBClassifier,0.22202166064981949,-308,0.21686746987951808,-94,0.55
"('cci', 'squeeze_momentum', 'macd_slope_4h')",XGBClassifier,0.23640167364016737,-252,0.24427480916030533,-67,0.55
"('squeeze_momentum', 'bb_sqeeze_both_direction', 'adx')",XGBClassifier,0.3684210526315789,-5,0.5,0,0.55
"('macd_zero', 'adx_slope', 'ema_20_channel')",XGBClassifier,0.24806201550387597,-130,0.2535211267605634,-35,0.6
"('adx_slope', 'rsi_limit_4h', 'squeeze_momentum')",XGBClassifier,0.21813570069752694,-889,0.22193211488250653,-213,0.55
"('ema_10_50', 'williams_break', 'macd_slope_4h')",XGBClassifier,0.18039950062421972,-4096,0.17801374141161774,-1031,0.5
"('cci', 'bb_sqeeze_both_direction', 'adx_max_21')",XGBClassifier,0.17204837302082035,-5261,0.19259629814907453,-1229,0.5
"('adx_slope', 'rsi_break_4h', 'rsi_convergence')",RandomForestClassifier,0.5,0,0.4,-1,0.45
"('macd', 'bb_middle_crossing', 'bb_middle_crossing_4h')",XGBClassifier,0.22735346358792186,-614,0.22033898305084745,-165,0.55
"('williams_break', 'ema_20_channel', 'adx_4h')",XGBClassifier,0.24408014571949,-281,0.24528301886792453,-81,0.6
"('macd', 'rsi_convergence', 'ema_20_channel')",XGBClassifier,0.40625,-6,0.2857142857142857,-3,0.55
"('macd_zero', 'williams_break', 'williams_limit_4h')",XGBClassifier,0.22844827586206898,-630,0.23049645390070922,-152,0.55
"('macd_convergence', 'bb_sqeeze_both_direction_4h', 'rsi_break_4h')",XGBClassifier,0.44,-3,0.4,-2,0.6
"('squeeze_momentum', 'williams_break', 'candle_4h')",XGBClassifier,0.27472527472527475,-41,0.30434782608695654,-9,0.6
"('williams_break', 'candle_4h', 'rsi_convergence5_40')",XGBClassifier,0.2623762376237624,-96,0.26666666666666666,-21,0.6
"('adx_slope', 'bb_sqeeze_both_direction_4h', 'adx_max_21')",XGBClassifier,0.2727272727272727,-15,0.25,-6,0.55
"('rsi', 'macd_slope_4h', 'williams_limit_4h')",XGBClassifier,0.20857558139534885,-802,0.18892508143322476,-191,0.55
"('rsi_limit_4h', 'macd_max_4h', 'macd_slope_4h')",XGBClassifier,0.17231173955935547,-3986,0.1745189117451891,-981,0.5
"('squeeze_momentum', 'bb_middle_crossing_4h', 'bb_sqeeze_both_direction')",RandomForestClassifier,1.0,3,0.0,0,0.45
"('bb_middle_crossing', 'williams_break', 'rsi_convergence5_40')",XGBClassifier,0.2767857142857143,-50,0.16,-17,0.55
"('macd_max', 'macd_convergence', 'adx_max_21')",XGBClassifier,0.23319148936170211,-627,0.25757575757575757,-160,0.6
"('adx_slope', 'bb_sqeeze_both_direction_4h', 'rsi_limit_4h')",XGBClassifier,0.1797945205479452,-4488,0.18359150889271372,-1103,0.5
"('macd_zero', 'adx_max_48', 'candle_4h')",XGBClassifier,0.1981981981981982,-670,0.2076923076923077,-152,0.55
"('macd_convergence', 'cci_4h', 'rsi_limit_4h')",XGBClassifier,0.25510204081632654,-240,0.2550335570469799,-73,0.6
"('williams_break', 'bb_sqeeze_both_direction', 'williams_limit_4h')",XGBClassifier,0.2483221476510067,-150,0.3333333333333333,-19,0.6
"('cci', 'ema_10_50', 'williams_limit_4h')",XGBClassifier,0.2644628099173554,-114,0.25,-28,0.55
"('macd_convergence', 'rsi_break_4h', 'candle_4h')",XGBClassifier,0.30357142857142855,-22,0.2222222222222222,-10,0.6
"('macd_max_4h', 'macd_slope', 'adx')",XGBClassifier,0.19235709698137443,-1916,0.172544080604534,-520,0.5
"('macd_convergence', 'cci', 'adx_4h')",XGBClassifier,0.3770491803278688,-15,0.4090909090909091,-4,0.6
"('macd_max', 'bb_middle_crossing_4h', 'adx')",XGBClassifier,0.1796340493237868,-4027,0.18580645161290324,-974,0.5
"('adx_max_48', 'bb_middle_crossing', 'adx')",XGBClassifier,0.22735346358792186,-614,0.22033898305084745,-165,0.5
"('cci', 'rsi', 'macd_max_4h')",XGBClassifier,0.22580645161290322,-17,0.25,-2,0.55
"('ema_10_50', 'williams_break', 'adx_4h')",XGBClassifier,0.29023746701846964,-159,0.23008849557522124,-61,0.55
"('macd_zero', 'macd_max_4h', 'ema_20_channel')",XGBClassifier,0.27586206896551724,-39,0.23076923076923078,-7,0.6
"('macd', 'ema_20_channel', 'adx_4h')",XGBClassifier,0.21685393258426966,-504,0.19444444444444445,-132,0.55
"('macd_convergence', 'ema_10_50', 'williams_break')",XGBClassifier,0.2985781990521327,-85,0.3142857142857143,-26,0.6
"('macd_convergence', 'rsi_break_4h', 'macd')",XGBClassifier,0.47368421052631576,-2,0.2777777777777778,-8,0.6
"('macd_convergence', 'macd', 'ema_20_channel')",XGBClassifier,0.2694610778443114,-77,0.2608695652173913,-22,0.55
"('rsi_break_4h', 'bb_middle_crossing_4h', 'adx')",XGBClassifier,0.21338912133891214,-137,0.18421052631578946,-48,0.55
"('macd_max', 'cci_4h', 'rsi_convergence')",XGBClassifier,0.20732797140303844,-655,0.25696594427244585,-157,0.55
"('adx_max_48', 'rsi_convergence', 'macd_slope_4h')",XGBClassifier,0.22011385199240988,-295,0.24516129032258063,-79,0.55
"('ema_20_channel', 'bb_sqeeze_both_direction', 'adx_max_21')",XGBClassifier,0.34782608695652173,-14,0.2,-6,0.6
"('cci_4h', 'macd_max_4h', 'williams_break')",XGBClassifier,0.3,-44,0.2916666666666667,-10,0.55
"('macd_zero', 'cci_4h', 'bb_sqeeze_both_direction_4h')",XGBClassifier,0.18668596237337193,-4330,0.1871866295264624,-1123,0.5
"('macd_convergence', 'bb_sqeeze_both_direction_4h', 'rsi_convergence5_40')",XGBClassifier,0.2446043165467626,-142,0.25,-36,0.6
"('adx_slope', 'macd_max_4h', 'adx_max_21')",XGBClassifier,0.2222222222222222,-230,0.21153846153846154,-60,0.55
"('macd_convergence', 'rsi_convergence', 'squeeze_momentum')",XGBClassifier,0.2542372881355932,-58,0.23529411764705882,-18,0.6
"('macd_zero', 'adx_max_48', 'macd')",XGBClassifier,0.17874753451676528,-5212,0.18173076923076922,-1324,0.45
"('rsi_convergence', 'bb_middle_crossing_4h', 'bb_sqeeze_both_direction')",XGBClassifier,0.22366863905325443,-467,0.2697095435684647,-111,0.55
"('macd_zero', 'macd_convergence', 'rsi_convergence')",XGBClassifier,0.2631578947368421,-72,0.3142857142857143,-13,0.6
"('macd_zero', 'rsi_break_4h', 'rsi_convergence5_40')",XGBClassifier,0.20380434782608695,-654,0.18238993710691823,-202,0.55
"('cci', 'bb_middle_crossing', 'adx_max_4h')",RandomForestClassifier,0.45454545454545453,-2,1.0,3,0.45
"('adx_max_48', 'rsi_convergence', 'adx')",XGBClassifier,0.29069767441860467,-36,0.35294117647058826,-5,0.6
"('adx_slope', 'ema_20_channel', 'macd_slope_4h')",XGBClassifier,0.2827586206896552,-63,0.13513513513513514,-27,0.6
"('rsi', 'bb_middle_crossing', 'bb_middle_crossing_4h')",XGBClassifier,0.22735346358792186,-614,0.22033898305084745,-165,0.55
"('bb_sqeeze_both_direction_4h', 'bb_middle_crossing_4h', 'adx_max_4h')",XGBClassifier,0.5,0,0.5,0,0.6
"('macd_max', 'bb_sqeeze_both_direction_4h', 'rsi_convergence5_40')",XGBClassifier,0.17920818038804404,-4894,0.191129883843717,-1170,0.5
"('macd_zero', 'candle_4h', 'macd_slope')",XGBClassifier,0.18818014398124897,-3725,0.1806282722513089,-976,0.5
"('macd_max', 'adx_slope', 'adx_max_48')",XGBClassifier,0.20869803063457332,-2130,0.22111111111111112,-502,0.5
"('macd', 'ema_20_channel', 'adx_max_4h')",XGBClassifier,0.2127659574468085,-621,0.19665271966527198,-145,0.55
"('macd_max', 'macd', 'squeeze_momentum')",XGBClassifier,0.32222222222222224,-32,0.3157894736842105,-7,0.55
"('macd', 'bb_middle_crossing_4h', 'macd_slope')",XGBClassifier,0.21739130434782608,-26,0.16666666666666666,-8,0.55
"('cci', 'squeeze_momentum', 'adx_max_21')",XGBClassifier,0.20113851992409867,-945,0.22418136020151133,-219,0.5
"('macd', 'bb_middle_crossing', 'macd_slope_4h')",XGBClassifier,0.23399014778325122,-432,0.19811320754716982,-128,0.6
"('adx_4h', 'bb_middle_crossing_4h', 'macd_slope_4h')",XGBClassifier,0.20691287878787878,-1238,0.210727969348659,-302,0.55
"('rsi_limit_4h', 'adx_4h', 'candle_4h')",XGBClassifier,0.1802496328928047,-3484,0.18227665706051874,-882,0.5
"('bb_middle_crossing', 'macd_slope_4h', 'macd_slope')",XGBClassifier,0.2733812949640288,-63,0.28125,-14,0.6
"('ema_20_channel', 'candle_4h', 'adx')",XGBClassifier,0.21271676300578035,-497,0.18518518518518517,-136,0.55
"('rsi_convergence', 'candle_4h', 'williams_limit_4h')",XGBClassifier,0.20181219110378912,-724,0.2442528735632184,-178,0.55
"('rsi_convergence', 'rsi_convergence5_40', 'macd_slope_4h')",XGBClassifier,0.21720733427362482,-401,0.25471698113207547,-104,0.55
"('cci_4h', 'rsi_convergence5_40', 'williams_limit_4h')",XGBClassifier,0.18528610354223432,-2079,0.18299881936245574,-537,0.5
"('adx_slope', 'williams_break', 'adx_4h')",XGBClassifier,0.24317617866004962,-414,0.22685185185185186,-118,0.6
"('bb_sqeeze_both_direction', 'macd_slope_4h', 'williams_limit_4h')",XGBClassifier,0.17794939204732171,-3920,0.18224932249322492,-938,0.5
"('macd_max', 'macd_max_4h', 'macd_slope_4h')",XGBClassifier,0.18267108167770418,-3450,0.18834080717488788,-834,0.5
"('cci_4h', 'ema_10_50', 'adx')",XGBClassifier,0.17547277936962752,-5663,0.17945266935845672,-1429,0.5
"('adx_slope', 'squeeze_momentum', 'adx_max_21')",XGBClassifier,0.1998769987699877,-1952,0.2098159509202454,-473,0.55
"('macd_max', 'cci_4h', 'adx_max_48')",XGBClassifier,0.1764233241505969,-5638,0.18678292794860027,-1365,0.5
"('macd', 'candle_4h', 'bb_sqeeze_both_direction')",XGBClassifier,0.19708588957055215,-1580,0.18885448916408668,-402,0.55
"('macd_zero', 'ema_20_channel', 'bb_middle_crossing_4h')",XGBClassifier,0.2709677419354839,-71,0.17073170731707318,-27,0.55
"('bb_middle_crossing', 'adx_4h', 'adx')",XGBClassifier,0.2041522491349481,-1710,0.2,-432,0.5
"('macd_convergence', 'bb_middle_crossing', 'rsi_convergence5_40')",XGBClassifier,0.3352941176470588,-56,0.3469387755102041,-15,0.6
"('macd_convergence', 'squeeze_momentum', 'macd_slope_4h')",XGBClassifier,0.24955436720142601,-281,0.27710843373493976,-74,0.6
"('rsi_limit_4h', 'rsi', 'adx')",XGBClassifier,0.17072799268961317,-4324,0.16400491400491402,-1094,0.5
"('williams_break', 'rsi_convergence5_40', 'adx_max_4h')",XGBClassifier,0.2671009771986971,-143,0.2903225806451613,-26,0.6
"('williams_break', 'macd_slope_4h', 'macd_slope')",XGBClassifier,0.36231884057971014,-19,0.35714285714285715,-4,0.6
"('cci_4h', 'adx_max_48', 'bb_sqeeze_both_direction')",XGBClassifier,0.1838074398249453,-3757,0.1988150098749177,-915,0.5
"('rsi_limit_4h', 'candle_4h', 'adx_max_4h')",XGBClassifier,0.17587185049224094,-3885,0.18193891102257637,-958,0.5
"('macd_convergence', 'squeeze_momentum', 'macd_max_4h')",XGBClassifier,0.21484375,-730,0.2369146005509642,-191,0.55
"('macd_convergence', 'adx_max_48', 'adx_4h')",XGBClassifier,0.25157232704402516,-237,0.2777777777777778,-64,0.6
"('squeeze_momentum', 'williams_break', 'williams_limit_4h')",RandomForestClassifier,0.47368421052631576,-1,0.375,-2,0.45
"('macd_max_4h', 'williams_break', 'adx_max_4h')",XGBClassifier,0.27403846153846156,-94,0.2916666666666667,-20,0.55
"('macd_zero', 'cci', 'macd_max_4h')",XGBClassifier,0.23275862068965517,-248,0.2127659574468085,-81,0.55
"('bb_middle_crossing', 'candle_4h', 'williams_limit_4h')",XGBClassifier,0.32786885245901637,-21,0.14285714285714285,-5,0.6
"('bb_sqeeze_both_direction_4h', 'rsi', 'macd')",XGBClassifier,0.21127673363577446,-891,0.2097560975609756,-238,0.55
"('macd_convergence', 'rsi', 'williams_limit_4h')",XGBClassifier,0.27124183006535946,-140,0.2875,-34,0.55
"('bb_middle_crossing', 'squeeze_momentum', 'bb_sqeeze_both_direction')",XGBClassifier,0.24489795918367346,-300,0.26282051282051283,-74,0.6
"('macd_max', 'rsi_limit_4h', 'rsi')",XGBClassifier,0.1773041339735332,-5511,0.18377871542428503,-1349,0.5
"('rsi_break_4h', 'bb_sqeeze_both_direction', 'macd_slope')",XGBClassifier,0.18340348767288034,-3159,0.17979315831344472,-805,0.5
"('rsi_convergence5_40', 'adx_max_4h', 'adx')",XGBClassifier,0.20767195767195767,-884,0.1896551724137931,-252,0.5
"('adx_max_48', 'bb_middle_crossing', 'adx_max_4h')",RandomForestClassifier,0.5263157894736842,1,1.0,1,0.45
"('macd_max', 'rsi_limit_4h', 'adx_max_48')",XGBClassifier,0.17316319409829528,-6557,0.18570287539936103,-1574,0.45
"('rsi_break_4h', 'rsi', 'williams_break')",XGBClassifier,0.21958041958041957,-802,0.21470588235294116,-194,0.55
"('rsi_convergence', 'bb_sqeeze_both_direction', 'macd_slope')",XGBClassifier,0.22366863905325443,-467,0.2697095435684647,-111,0.55
"('rsi_limit_4h', 'rsi', 'adx_4h')",XGBClassifier,0.17460992907801418,-4588,0.1763380281690141,-1149,0.5
"('macd_convergence', 'adx_max_48', 'macd_max_4h')",XGBClassifier,0.22755555555555557,-613,0.25,-160,0.55
"('adx_slope', 'rsi_convergence', 'macd_slope')",XGBClassifier,0.18635221341581287,-3245,0.19339984650805833,-799,0.5
"('macd_max', 'rsi_convergence5_40', 'bb_sqeeze_both_direction')",XGBClassifier,0.18348883234379418,-4478,0.19794050343249428,-1056,0.5
"('bb_middle_crossing', 'adx_4h', 'rsi_convergence5_40')",XGBClassifier,0.25862068965517243,-28,0.15789473684210525,-13,0.6
"('macd_max', 'adx_max_48', 'ema_20_channel')",XGBClassifier,0.17324561403508773,-6556,0.18570287539936103,-1574,0.45
"('cci', 'bb_middle_crossing', 'adx_max_21')",XGBClassifier,0.2702702702702703,-102,0.25806451612903225,-30,0.6
"('macd_zero', 'cci_4h', 'adx')",XGBClassifier,0.2378167641325536,-269,0.2032520325203252,-73,0.55
"('ema_20_channel', 'adx_max_21', 'macd_slope')",XGBClassifier,0.4666666666666667,-2,0.2,-3,0.55
"('macd_max', 'squeeze_momentum', 'macd_slope')",XGBClassifier,0.226890756302521,-130,0.2553191489361702,-23,0.55
"('macd', 'rsi_convergence', 'williams_limit_4h')",XGBClassifier,0.20881782945736435,-1202,0.20866141732283464,-296,0.55
"('macd_zero', 'macd', 'rsi_convergence5_40')",XGBClassifier,0.25274725274725274,-45,0.2972972972972973,-15,0.55
"('cci_4h', 'rsi_convergence5_40', 'macd_slope')",XGBClassifier,0.17679192186724052,-3905,0.18051948051948052,-984,0.5
"('macd', 'macd_slope', 'williams_limit_4h')",XGBClassifier,0.21350078492935637,-730,0.19936708860759494,-190,0.55
"('macd_max', 'macd', 'macd_slope_4h')",XGBClassifier,0.18409536743624566,-4187,0.18787878787878787,-1030,0.5
"('bb_sqeeze_both_direction_4h', 'ema_10_50', 'macd_slope')",XGBClassifier,0.17880279865250065,-4958,0.1798994974874372,-1274,0.5
"('macd_max', 'macd_convergence', 'squeeze_momentum')",XGBClassifier,0.17518745739604635,-5718,0.1888739344997757,-1387,0.5
"('macd_convergence', 'rsi', 'adx_max_4h')",XGBClassifier,0.24859550561797752,-358,0.27040816326530615,-90,0.6
"('adx_max_48', 'squeeze_momentum', 'bb_middle_crossing_4h')",XGBClassifier,0.1693169968717414,-5074,0.1780264496439471,-1266,0.5
"('macd_zero', 'candle_4h', 'macd_slope_4h')",XGBClassifier,0.1860577698886558,-3891,0.18781094527363185,-1004,0.5
"('bb_sqeeze_both_direction_4h', 'bb_middle_crossing_4h', 'adx')",XGBClassifier,0.20384615384615384,-154,0.175,-52,0.55
"('adx_max_48', 'macd_max_4h', 'bb_middle_crossing_4h')",XGBClassifier,0.17663617171006332,-919,0.16712328767123288,-243,0.5
"('cci_4h', 'adx_max_48', 'ema_10_50')",XGBClassifier,0.17431706224809673,-5818,0.1792411687745312,-1471,0.5
"('macd_convergence', 'rsi_break_4h', 'bb_middle_crossing')",XGBClassifier,0.3183856502242152,-81,0.31746031746031744,-23,0.6
"('macd_convergence', 'ema_20_channel', 'macd_slope')",XGBClassifier,0.29523809523809524,-43,0.2727272727272727,-15,0.6
"('macd', 'macd_max_4h', 'bb_middle_crossing_4h')",XGBClassifier,0.17403078677309008,-4574,0.1756210283073368,-1123,0.5
"('rsi_break_4h', 'williams_limit_4h', 'adx')",XGBClassifier,0.1862947658402204,-1822,0.1847041847041847,-437,0.5
"('cci', 'cci_4h', 'macd_slope')",XGBClassifier,0.2087821043910522,-703,0.22784810126582278,-172,0.55
"('macd_convergence', 'bb_middle_crossing_4h', 'macd_slope')",XGBClassifier,0.375,-18,0.2631578947368421,-9,0.6
"('rsi_limit_4h', 'macd', 'williams_limit_4h')",XGBClassifier,0.21311475409836064,-700,0.20408163265306123,-174,0.55
"('macd_max', 'rsi_convergence', 'bb_middle_crossing_4h')",XGBClassifier,0.20732797140303844,-655,0.25696594427244585,-157,0.55
"('bb_sqeeze_both_direction_4h', 'candle_4h', 'adx')",XGBClassifier,0.18000804505229284,-3182,0.18368962787015045,-799,0.5
"('macd_max', 'rsi_limit_4h', 'macd_max_4h')",XGBClassifier,0.20463320463320464,-153,0.25757575757575757,-32,0.55
"('macd_max_4h', 'ema_20_channel', 'bb_middle_crossing_4h')",XGBClassifier,0.2716049382716049,-111,0.21428571428571427,-32,0.55
"('macd_zero', 'bb_middle_crossing', 'williams_break')",XGBClassifier,0.2594594594594595,-267,0.22818791946308725,-81,0.6
"('cci_4h', 'rsi', 'williams_limit_4h')",XGBClassifier,0.3,-4,0.5,0,0.6
"('cci_4h', 'ema_10_50', 'bb_middle_crossing_4h')",XGBClassifier,0.20556745182012848,-275,0.1721311475409836,-80,0.55
"('macd_zero', 'bb_sqeeze_both_direction_4h', 'candle_4h')",XGBClassifier,0.1977834612105712,-2127,0.1936193619361936,-557,0.55
"('macd', 'macd_slope_4h', 'williams_limit_4h')",XGBClassifier,0.2164835164835165,-516,0.18627450980392157,-128,0.55
"('adx_4h', 'candle_4h', 'rsi_convergence5_40')",XGBClassifier,0.22202166064981949,-308,0.21686746987951808,-94,0.55
"('rsi', 'adx_max_48', 'macd_slope')",XGBClassifier,0.20670391061452514,-420,0.18823529411764706,-106,0.55
"('cci', 'rsi', 'candle_4h')",XGBClassifier,0.17508513053348468,-4580,0.18309070548712206,-1132,0.5
"('macd_zero', 'rsi', 'macd')",XGBClassifier,0.19738751814223512,-2502,0.20343580470162748,-656,0.5
"('candle_4h', 'bb_sqeeze_both_direction', 'adx')",XGBClassifier,0.1828886844526219,-3447,0.1915991156963891,-837,0.5
"('macd_max', 'bb_middle_crossing_4h', 'bb_sqeeze_both_direction')",XGBClassifier,0.18316562415012239,-4660,0.19549697968149368,-1109,0.5
"('macd', 'squeeze_momentum', 'williams_break')",XGBClassifier,0.2857142857142857,-84,0.32558139534883723,-15,0.6
"('cci', 'bb_middle_crossing', 'ema_10_50')",XGBClassifier,0.2452153110047847,-426,0.2288135593220339,-128,0.6
"('ema_10_50', 'bb_middle_crossing_4h', 'macd_slope')",XGBClassifier,0.232620320855615,-200,0.18085106382978725,-60,0.55
"('macd_zero', 'williams_break', 'adx_max_21')",XGBClassifier,0.23282051282051283,-521,0.23529411764705882,-126,0.6
"('macd_max', 'williams_break', 'adx')",XGBClassifier,0.3076923076923077,-10,0.0,-6,0.6
"('cci', 'bb_middle_crossing_4h', 'rsi_convergence5_40')",XGBClassifier,0.1996124031007752,-310,0.19672131147540983,-74,0.55
"('macd_zero', 'rsi', 'adx_max_21')",XGBClassifier,0.17874753451676528,-5212,0.18173076923076922,-1324,0.5
"('macd_zero', 'bb_sqeeze_both_direction_4h', 'rsi_limit_4h')",XGBClassifier,0.21249408424041646,-1215,0.19337979094076654,-352,0.55
"('macd_max', 'rsi_limit_4h', 'macd_slope_4h')",XGBClassifier,0.1791044776119403,-4988,0.18350515463917524,-1228,0.5
"('squeeze_momentum', 'macd_slope_4h', 'williams_limit_4h')",XGBClassifier,0.3090909090909091,-21,0.2,-6,0.6
"('adx_slope', 'candle_4h', 'macd_slope_4h')",XGBClassifier,0.2038180797304885,-1055,0.19825708061002179,-277,0.55
"('cci_4h', 'williams_break', 'williams_limit_4h')",XGBClassifier,0.22540983606557377,-670,0.21232876712328766,-168,0.55
"('macd', 'bb_middle_crossing_4h', 'adx')",XGBClassifier,0.17989538321582899,-2815,0.1689497716894977,-725,0.5
"('macd_zero', 'rsi_limit_4h', 'macd_slope')",XGBClassifier,0.20872971460548406,-1041,0.18737270875763748,-307,0.55
"('rsi_limit_4h', 'rsi', 'adx_max_21')",XGBClassifier,0.30952380952380953,-16,0.2727272727272727,-5,0.55
"('cci', 'macd', 'candle_4h')",XGBClassifier,0.22033898305084745,-66,0.18421052631578946,-24,0.55
"('macd_max_4h', 'adx_max_21', 'adx')",XGBClassifier,0.18700183936235437,-1021,0.18660287081339713,-262,0.5
"('bb_sqeeze_both_direction_4h', 'bb_sqeeze_both_direction', 'williams_limit_4h')",XGBClassifier,0.20012828736369467,-935,0.20954907161803712,-219,0.55
"('bb_sqeeze_both_direction_4h', 'macd', 'macd_slope_4h')",XGBClassifier,0.18547191566463514,-3819,0.1846553966189857,-970,0.5
"('rsi_convergence', 'adx_4h', 'adx')",XGBClassifier,0.2967032967032967,-74,0.3728813559322034,-15,0.55
"('macd_max', 'rsi_limit_4h', 'adx_4h')",XGBClassifier,0.18299620733249053,-4012,0.18574108818011256,-1005,0.5
"('bb_middle_crossing', 'ema_20_channel', 'candle_4h')",XGBClassifier,0.2515212981744422,-245,0.1893939393939394,-82,0.6
"('cci', 'rsi_limit_4h', 'rsi')",XGBClassifier,0.225,-22,0.25,-4,0.55
"('macd_max_4h', 'bb_middle_crossing_4h', 'macd_slope')",XGBClassifier,0.1766353831068777,-4617,0.17725752508361203,-1158,0.5
"('rsi', 'squeeze_momentum', 'bb_middle_crossing_4h')",XGBClassifier,0.75,2,0.0,0,0.55
"('macd_convergence', 'bb_middle_crossing_4h', 'williams_limit_4h')",XGBClassifier,0.25475285171102663,-258,0.2824427480916031,-57,0.55
"('macd_max', 'adx_max_48', 'bb_sqeeze_both_direction')",XGBClassifier,0.18214654282765738,-4928,0.20072992700729927,-1148,0.5
"('macd_max', 'adx_4h', 'macd_slope_4h')",XGBClassifier,0.1868922598210813,-3220,0.2006294256490952,-761,0.5
"('macd_zero', 'adx_slope', 'adx_max_21')",XGBClassifier,0.2130479102956167,-1689,0.2098092643051771,-426,0.55
"('macd_convergence', 'williams_break', 'rsi_convergence5_40')",XGBClassifier,0.2985781990521327,-85,0.3142857142857143,-26,0.6
"('macd_convergence', 'macd', 'bb_middle_crossing_4h')",XGBClassifier,0.4423076923076923,-6,0.3333333333333333,-6,0.6
"('macd_convergence', 'cci_4h', 'bb_sqeeze_both_direction')",XGBClassifier,0.23854289071680376,-445,0.24279835390946503,-125,0.55
"('adx_max_48', 'ema_20_channel', 'adx')",XGBClassifier,0.19334880123743234,-793,0.1774193548387097,-200,0.5
"('adx_slope', 'squeeze_momentum', 'bb_middle_crossing_4h')",XGBClassifier,0.2175732217573222,-135,0.1774193548387097,-40,0.55
"('williams_break', 'macd_slope', 'williams_limit_4h')",XGBClassifier,0.26222222222222225,-107,0.2708333333333333,-22,0.6
"('rsi', 'ema_20_channel', 'adx_4h')",XGBClassifier,0.24217462932454695,-313,0.17088607594936708,-104,0.55
"('macd_max', 'rsi', 'macd_max_4h')",XGBClassifier,0.20464135021097046,-280,0.22727272727272727,-72,0.55
"('rsi_convergence', 'macd_slope', 'adx')",XGBClassifier,0.22198275862068967,-258,0.2357142857142857,-74,0.55
"('rsi', 'bb_middle_crossing', 'squeeze_momentum')",XGBClassifier,0.2556390977443609,-65,0.27906976744186046,-19,0.6
"('macd_zero', 'rsi', 'ema_20_channel')",XGBClassifier,0.25349301397205587,-247,0.15789473684210525,-91,0.55
"('rsi_convergence', 'williams_break', 'macd_slope')",XGBClassifier,0.2774390243902439,-146,0.3108108108108108,-28,0.6
"('macd_convergence', 'adx_max_48', 'rsi_convergence')",XGBClassifier,0.2604166666666667,-46,0.2,-12,0.6
"('rsi', 'squeeze_momentum', 'adx_4h')",XGBClassifier,0.36065573770491804,-17,0.4230769230769231,-4,0.55
"('bb_middle_crossing', 'ema_10_50', 'adx')",XGBClassifier,0.2452153110047847,-426,0.2288135593220339,-128,0.55
"('macd', 'bb_middle_crossing_4h', 'macd_slope_4h')",XGBClassifier,0.17769423558897243,-5144,0.18145363408521303,-1271,0.5
"('adx_slope', 'macd_convergence', 'bb_sqeeze_both_direction_4h')",XGBClassifier,0.3247863247863248,-41,0.3125,-12,0.55
"('bb_sqeeze_both_direction_4h', 'rsi_convergence5_40', 'macd_slope')",XGBClassifier,0.18527367506516074,-2898,0.17716204869857263,-769,0.5
"('macd_max', 'macd_convergence', 'adx')",XGBClassifier,0.21890909090909091,-773,0.24742268041237114,-196,0.55
"('rsi', 'macd', 'williams_break')",XGBClassifier,0.20967117988394585,-1501,0.20508982035928144,-394,0.55
"('bb_middle_crossing_4h', 'bb_sqeeze_both_direction', 'macd_slope')",XGBClassifier,0.18405394684648949,-3186,0.18441971383147854,-794,0.5
"('macd_zero', 'macd_slope_4h', 'adx_max_4h')",XGBClassifier,0.25396825396825395,-124,0.2727272727272727,-25,0.55
"('cci', 'squeeze_momentum', 'williams_limit_4h')",XGBClassifier,0.1817993366500829,-3070,0.18829516539440203,-735,0.5
"('bb_sqeeze_both_direction_4h', 'bb_sqeeze_both_direction', 'macd_slope')",XGBClassifier,0.18376313276026743,-3311,0.17925925925925926,-866,0.5
"('macd_convergence', 'rsi', 'candle_4h')",XGBClassifier,0.2471264367816092,-264,0.2553191489361702,-69,0.6
"('macd_max', 'rsi_convergence', 'williams_limit_4h')",XGBClassifier,0.1903485254691689,-2310,0.19934994582881907,-555,0.5
"('cci', 'bb_middle_crossing', 'bb_sqeeze_both_direction')",XGBClassifier,0.24753867791842477,-359,0.255,-98,0.6
"('macd_zero', 'adx_max_48', 'rsi_convergence')",XGBClassifier,0.2242152466367713,-492,0.2641509433962264,-125,0.55
"('macd_convergence', 'squeeze_momentum', 'adx_max_4h')",XGBClassifier,0.2099337748344371,-876,0.23404255319148937,-225,0.55
"('adx_max_48', 'rsi_convergence', 'rsi_convergence5_40')",XGBClassifier,0.20181219110378912,-724,0.2442528735632184,-178,0.5
"('macd_convergence', 'rsi', 'adx')",XGBClassifier,0.26936026936026936,-137,0.25842696629213485,-43,0.6
"('adx_4h', 'adx_max_4h', 'adx')",XGBClassifier,0.18141681717840658,-3175,0.1923383878691141,-771,0.5
"('rsi_limit_4h', 'squeeze_momentum', 'candle_4h')",XGBClassifier,0.21551724137931033,-198,0.24,-39,0.55
"('cci_4h', 'rsi_break_4h', 'adx_max_4h')",XGBClassifier,0.5,0,0.0,0,0.6
"('macd_convergence', 'cci', 'rsi_break_4h')",RandomForestClassifier,0.5925925925925926,5,0.42857142857142855,-1,0.45
"('cci', 'adx_4h', 'bb_middle_crossing_4h')",XGBClassifier,0.18033159209629798,-2815,0.1967799642218247,-678,0.5
"('adx_slope', 'rsi_limit_4h', 'macd')",XGBClassifier,0.2761904761904762,-235,0.2571428571428571,-68,0.55
"('macd_max', 'bb_sqeeze_both_direction_4h', 'macd_slope')",XGBClassifier,0.19802771855010662,-2266,0.18821096173733196,-603,0.5
"('adx_max_48', 'squeeze_momentum', 'macd_max_4h')",XGBClassifier,0.16909814323607428,-4990,0.17845993756503642,-1236,0.5
"('cci', 'ema_20_channel', 'rsi_convergence5_40')",XGBClassifier,0.2727272727272727,-65,0.19230769230769232,-32,0.6
"('williams_break', 'bb_middle_crossing_4h', 'bb_sqeeze_both_direction')",XGBClassifier,0.24055944055944056,-371,0.2556818181818182,-86,0.6
"('macd', 'macd_max_4h', 'adx_max_21')",XGBClassifier,0.17286018885166007,-4296,0.1752136752136752,-1064,0.5
"('rsi_break_4h', 'adx_max_48', 'squeeze_momentum')",XGBClassifier,0.16872539704085787,-4881,0.1780243000528262,-1219,0.5
"('macd_convergence', 'macd', 'macd_slope_4h')",XGBClassifier,0.26260504201680673,-226,0.2896551724137931,-61,0.55
"('bb_sqeeze_both_direction_4h', 'rsi', 'rsi_convergence')",XGBClassifier,0.18053463855421686,-3394,0.18809005083514888,-859,0.5
"('macd', 'ema_20_channel', 'macd_slope_4h')",XGBClassifier,0.2078109932497589,-1212,0.18908382066276802,-319,0.55
"('cci', 'adx_max_21', 'williams_limit_4h')",XGBClassifier,0.36363636363636365,-6,0.0,-8,0.6
"('candle_4h', 'adx_max_21', 'williams_limit_4h')",XGBClassifier,0.2540983606557377,-60,0.25806451612903225,-15,0.6
"('macd_max', 'macd_max_4h', 'adx_4h')",XGBClassifier,0.18447018447018448,-2942,0.1970074812967581,-729,0.5
"('rsi_limit_4h', 'rsi', 'bb_middle_crossing')",XGBClassifier,0.22735346358792186,-614,0.22033898305084745,-165,0.55
"('adx_slope', 'bb_middle_crossing', 'williams_limit_4h')",XGBClassifier,0.30319148936170215,-74,0.3488372093023256,-13,0.6
"('macd_zero', 'rsi_break_4h', 'bb_sqeeze_both_direction')",XGBClassifier,0.1894370071520264,-3387,0.19016630513376717,-857,0.5
"('cci_4h', 'williams_break', 'macd_slope_4h')",XGBClassifier,0.2462686567164179,-68,0.1724137931034483,-19,0.6
"('macd_zero', 'rsi_break_4h', 'rsi_convergence')",XGBClassifier,0.4,-6,0.3333333333333333,-3,0.55
"('macd_slope_4h', 'adx_max_4h', 'williams_limit_4h')",XGBClassifier,0.2923076923076923,-27,0.25,-10,0.55
"('macd_max_4h', 'adx_max_21', 'macd_slope_4h')",XGBClassifier,0.17237290647695272,-4421,0.17264038231780168,-1096,0.5
"('adx_max_48', 'macd', 'candle_4h')",XGBClassifier,0.18745423480595558,-2561,0.1815505397448479,-649,0.5
"('rsi_convergence', 'williams_break', 'adx_4h')",XGBClassifier,0.25252525252525254,-490,0.2508833922261484,-141,0.55
"('rsi_convergence', 'ema_10_50', 'adx_max_21')",XGBClassifier,0.2777777777777778,-24,0.16666666666666666,-8,0.6
"('macd_max', 'cci_4h', 'williams_limit_4h')",XGBClassifier,0.17538039125958127,-5675,0.187099725526075,-1368,0.5
"('rsi_break_4h', 'adx_4h', 'williams_limit_4h')",XGBClassifier,0.18085495067592255,-3494,0.1905813097866078,-841,0.5
"('macd_max', 'rsi_limit_4h', 'bb_sqeeze_both_direction')",XGBClassifier,0.18348883234379418,-4478,0.19794050343249428,-1056,0.5
"('macd', 'rsi_convergence', 'macd_max_4h')",XGBClassifier,0.21729237770193402,-497,0.25102880658436216,-121,0.55
"('adx_4h', 'bb_middle_crossing_4h', 'adx')",XGBClassifier,0.20217166494312305,-1152,0.205761316872428,-286,0.5
"('macd_zero', 'macd_convergence', 'williams_break')",XGBClassifier,0.2985781990521327,-85,0.3142857142857143,-26,0.55
"('rsi_limit_4h', 'williams_break', 'ema_20_channel')",XGBClassifier,0.21639709983268265,-1017,0.19540229885057472,-265,0.5
"('bb_sqeeze_both_direction_4h', 'rsi_convergence', 'adx_max_4h')",XGBClassifier,0.20181219110378912,-724,0.2442528735632184,-178,0.55
"('cci_4h', 'rsi_limit_4h', 'rsi_convergence5_40')",XGBClassifier,0.1814035976691158,-2515,0.17857142857142858,-666,0.5
"('macd_convergence', 'ema_10_50', 'bb_sqeeze_both_direction')",XGBClassifier,0.24584717607973422,-153,0.2987012987012987,-31,0.6
"('adx_4h', 'macd_slope_4h', 'macd_slope')",XGBClassifier,0.23420647149460708,-345,0.27218934911242604,-77,0.55
"('adx_slope', 'rsi_convergence5_40', 'adx_max_21')",XGBClassifier,0.18441942034336348,-3419,0.1915204678362573,-844,0.5
"('adx_slope', 'rsi_break_4h', 'rsi_convergence5_40')",XGBClassifier,0.22416812609457093,-315,0.24836601307189543,-77,0.55
"('rsi_convergence5_40', 'adx_max_21', 'macd_slope_4h')",XGBClassifier,0.172027570361861,-4568,0.17388825541619157,-1144,0.5
"('adx_slope', 'rsi_break_4h', 'bb_sqeeze_both_direction')",XGBClassifier,0.1868654136962627,-2899,0.19720767888307156,-694,0.5
"('bb_middle_crossing', 'bb_sqeeze_both_direction', 'macd_slope')",XGBClassifier,0.24474474474474475,-340,0.26744186046511625,-80,0.6
"('macd_max', 'macd', 'ema_10_50')",XGBClassifier,0.18117383735389206,-5128,0.18813806514341275,-1283,0.5
"('rsi_break_4h', 'macd_max_4h', 'macd_slope_4h')",XGBClassifier,0.17367130008176615,-3991,0.17767503302509907,-976,0.5
"('macd_max', 'rsi', 'bb_sqeeze_both_direction')",XGBClassifier,0.2727272727272727,-5,0.0,-2,0.55
"('ema_20_channel', 'candle_4h', 'adx_max_21')",XGBClassifier,0.2755102040816326,-44,0.2608695652173913,-11,0.6
"('macd_zero', 'rsi_break_4h', 'candle_4h')",XGBClassifier,0.1792230358694303,-5169,0.18287373004354138,-1311,0.5
"('bb_sqeeze_both_direction_4h', 'adx_4h', 'williams_limit_4h')",XGBClassifier,0.20604395604395603,-428,0.21666666666666667,-102,0.55
"('rsi', 'bb_middle_crossing', 'macd_max_4h')",XGBClassifier,0.2897196261682243,-45,0.2692307692307692,-12,0.6
"('macd_max', 'macd_max_4h', 'williams_limit_4h')",XGBClassifier,0.17316319409829528,-6557,0.18570287539936103,-1574,0.45
"('cci', 'adx_4h', 'adx_max_21')",XGBClassifier,0.2604166666666667,-46,0.2916666666666667,-10,0.55
"('macd_max', 'adx_slope', 'macd_convergence')",XGBClassifier,0.27218934911242604,-231,0.3333333333333333,-46,0.55
"('cci_4h', 'bb_middle_crossing_4h', 'adx_max_4h')",XGBClassifier,0.1694915254237288,-6162,0.1812366737739872,-1495,0.5
"('macd_max', 'rsi_convergence', 'macd_max_4h')",XGBClassifier,0.20732797140303844,-655,0.25696594427244585,-157,0.55
"('macd_convergence', 'candle_4h', 'rsi_convergence5_40')",XGBClassifier,0.2549019607843137,-100,0.36538461538461536,-14,0.6
"('macd_max', 'ema_10_50', 'rsi_convergence5_40')",XGBClassifier,0.18117383735389206,-5128,0.18813806514341275,-1283,0.5
"('macd_convergence', 'ema_10_50', 'adx')",XGBClassifier,0.22911694510739858,-454,0.25229357798165136,-108,0.55
"('macd_zero', 'squeeze_momentum', 'ema_20_channel')",XGBClassifier,0.22265625,-284,0.1865671641791045,-84,0.55
"('rsi_convergence', 'macd_max_4h', 'adx_max_4h')",XGBClassifier,0.19870517928286852,-1210,0.2261682242990654,-293,0.5
"('adx_max_48', 'ema_20_channel', 'rsi_convergence5_40')",XGBClassifier,0.2484472049689441,-81,0.12121212121212122,-25,0.55
"('adx_slope', 'bb_sqeeze_both_direction_4h', 'williams_limit_4h')",XGBClassifier,0.2545731707317073,-322,0.22435897435897437,-86,0.55
"('macd_zero', 'macd', 'candle_4h')",XGBClassifier,0.1906881205066758,-3614,0.18770438194898625,-955,0.5
"('squeeze_momentum', 'adx_4h', 'macd_slope_4h')",XGBClassifier,0.34579439252336447,-33,0.36363636363636365,-9,0.6
"('cci_4h', 'bb_sqeeze_both_direction_4h', 'macd_slope')",XGBClassifier,0.18510158013544017,-2790,0.17781690140845072,-732,0.5
"('macd_max', 'adx_4h', 'adx_max_4h')",XGBClassifier,0.20424403183023873,-446,0.24855491329479767,-87,0.55
"('rsi', 'ema_20_channel', 'williams_limit_4h')",XGBClassifier,0.24217462932454695,-313,0.17088607594936708,-104,0.6
"('cci', 'adx_4h', 'rsi_convergence5_40')",XGBClassifier,0.22202166064981949,-308,0.21686746987951808,-94,0.55
"('macd_max', 'adx_slope', 'macd_slope')",XGBClassifier,0.18860627695969062,-4187,0.1979964643488509,-1025,0.5
"('macd_max', 'cci', 'ema_10_50')",XGBClassifier,0.18118725988350476,-5145,0.18759088705768298,-1289,0.5
"('macd_max', 'adx_max_48', 'macd_slope')",XGBClassifier,0.20485175202156333,-657,0.2109375,-148,0.55
"('cci', 'bb_middle_crossing_4h', 'macd_slope')",XGBClassifier,0.22962962962962963,-73,0.14285714285714285,-30,0.55
"('macd_convergence', 'squeeze_momentum', 'williams_break')",XGBClassifier,0.29605263157894735,-124,0.2823529411764706,-37,0.55
"('macd_zero', 'adx_max_48', 'bb_sqeeze_both_direction')",XGBClassifier,0.18730108211330362,-3930,0.19130434782608696,-994,0.5
"('macd', 'ema_20_channel', 'bb_sqeeze_both_direction')",XGBClassifier,0.21107784431137724,-386,0.17006802721088435,-97,0.55
"('macd_zero', 'macd_convergence', 'adx_4h')",XGBClassifier,0.3614457831325301,-23,0.34615384615384615,-8,0.6
"('macd_convergence', 'macd', 'adx_max_4h')",XGBClassifier,0.21019771071800208,-1114,0.22727272727272727,-276,0.55
"('macd_max', 'macd_zero', 'bb_middle_crossing')",XGBClassifier,0.18509201641731762,-4757,0.18886576482830386,-1196,0.5
"('ema_20_channel', 'bb_middle_crossing_4h', 'adx_max_21')",RandomForestClassifier,0.8,3,1.0,1,0.45
"('cci', 'adx_max_48', 'macd')",XGBClassifier,0.22093023255813954,-48,0.22857142857142856,-19,0.55
"('bb_sqeeze_both_direction_4h', 'rsi_limit_4h', 'bb_middle_crossing_4h')",XGBClassifier,0.17975522692503826,-2512,0.17082917082917082,-659,0.5
"('macd_zero', 'rsi_limit_4h', 'macd')",XGBClassifier,0.19811925625133575,-2825,0.19553072625698323,-763,0.5
"('bb_sqeeze_both_direction_4h', 'bb_middle_crossing', 'macd_slope')",XGBClassifier,0.24758454106280192,-418,0.23857868020304568,-103,0.55
"('cci', 'ema_10_50', 'adx')",XGBClassifier,0.23219814241486067,-346,0.23655913978494625,-98,0.55
"('rsi', 'ema_10_50', 'macd_slope')",XGBClassifier,0.1814048980788972,-4345,0.18404558404558405,-1109,0.5
"('macd_convergence', 'cci_4h', 'adx_4h')",XGBClassifier,0.24855491329479767,-261,0.26143790849673204,-73,0.55
"('macd_max', 'rsi_convergence', 'williams_break')",XGBClassifier,0.3050847457627119,-69,0.3111111111111111,-17,0.6
"('cci', 'williams_break', 'williams_limit_4h')",XGBClassifier,0.3263157894736842,-33,0.13636363636363635,-16,0.55
"('macd_zero', 'adx_max_48', 'squeeze_momentum')",XGBClassifier,0.21644295302013422,-338,0.20261437908496732,-91,0.55
"('macd', 'bb_middle_crossing', 'ema_10_50')",XGBClassifier,0.2452153110047847,-426,0.2288135593220339,-128,0.55
"('ema_20_channel', 'rsi_convergence5_40', 'adx_max_4h')",XGBClassifier,0.1905207358902401,-1985,0.1876484560570071,-526,0.5
"('adx_slope', 'adx_max_48', 'macd_slope_4h')",XGBClassifier,0.19078295341922696,-2496,0.2,-606,0.5
"('macd', 'williams_break', 'adx_max_21')",XGBClassifier,0.22109826589595374,-772,0.21846153846153846,-183,0.55
"('rsi_limit_4h', 'candle_4h', 'adx_max_21')",XGBClassifier,0.18611878453038674,-1818,0.17173051519154559,-497,0.5
"('bb_sqeeze_both_direction_4h', 'adx_4h', 'macd_slope_4h')",XGBClassifier,0.2321024868123587,-711,0.23952095808383234,-174,0.55
"('adx_slope', 'cci', 'bb_sqeeze_both_direction_4h')",XGBClassifier,0.24621212121212122,-134,0.18032786885245902,-39,0.6
"('macd_convergence', 'rsi', 'rsi_convergence')",XGBClassifier,0.23938223938223938,-405,0.25116279069767444,-107,0.6
"('adx_slope', 'macd_max_4h', 'williams_break')",XGBClassifier,0.27654867256637167,-202,0.24299065420560748,-55,0.55
"('macd', 'adx_4h', 'rsi_convergence5_40')",XGBClassifier,0.24431818181818182,-90,0.25396825396825395,-31,0.6
"('macd_convergence', 'ema_20_channel', 'bb_middle_crossing_4h')",XGBClassifier,0.2849462365591398,-160,0.22549019607843138,-56,0.55
"('cci', 'rsi_convergence5_40', 'adx_max_4h')",XGBClassifier,0.20849933598937584,-439,0.21787709497206703,-101,0.55
"('rsi_break_4h', 'macd_max_4h', 'adx_max_4h')",XGBClassifier,0.20512820512820512,-276,0.26229508196721313,-58,0.55
"('squeeze_momentum', 'macd_max_4h', 'adx_max_21')",XGBClassifier,0.20761904761904762,-307,0.23076923076923078,-77,0.55
"('macd_max', 'macd_convergence', 'bb_sqeeze_both_direction_4h')",XGBClassifier,0.21890909090909091,-773,0.24742268041237114,-196,0.55
"('adx_max_48', 'williams_break', 'bb_middle_crossing_4h')",XGBClassifier,0.22821203953279426,-605,0.20802919708029197,-160,0.55
"('bb_middle_crossing', 'rsi_convergence5_40', 'adx_max_4h')",XGBClassifier,0.3595505617977528,-25,0.3125,-6,0.55
"('cci_4h', 'rsi_break_4h', 'adx_max_21')",XGBClassifier,0.3,-12,0.14285714285714285,-5,0.55
"('ema_10_50', 'candle_4h', 'rsi_convergence5_40')",XGBClassifier,0.20684931506849316,-428,0.16129032258064516,-147,0.55
"('rsi', 'adx_max_48', 'bb_middle_crossing')",XGBClassifier,0.22735346358792186,-614,0.22033898305084745,-165,0.55
"('macd_max_4h', 'candle_4h', 'williams_limit_4h')",XGBClassifier,0.18071012188659247,-2410,0.18458197611292074,-581,0.5
"('cci', 'rsi_break_4h', 'bb_middle_crossing')",XGBClassifier,0.2702702702702703,-102,0.25806451612903225,-30,0.6
"('macd_convergence', 'ema_20_channel', 'adx_max_21')",XGBClassifier,0.2702702702702703,-119,0.26865671641791045,-31,0.6
"('adx_slope', 'rsi_convergence', 'bb_middle_crossing_4h')",RandomForestClassifier,0.47619047619047616,-1,0.4,-1,0.45
"('macd_zero', 'squeeze_momentum', 'williams_break')",XGBClassifier,0.275,-36,0.3333333333333333,-5,0.6
"('rsi_limit_4h', 'macd', 'adx_max_21')",XGBClassifier,0.20250973604500216,-1375,0.18635607321131448,-377,0.55
"('macd_convergence', 'macd_max_4h', 'macd_slope_4h')",XGBClassifier,0.24904214559386972,-262,0.27564102564102566,-70,0.55
"('bb_sqeeze_both_direction', 'adx_max_21', 'williams_limit_4h')",XGBClassifier,0.23783783783783785,-97,0.13793103448275862,-42,0.55
"('ema_10_50', 'ema_20_channel', 'adx_4h')",XGBClassifier,0.3125,-24,0.0,-12,0.55
"('adx_max_48', 'bb_middle_crossing_4h', 'adx_max_21')",XGBClassifier,0.26666666666666666,-14,0.2,-6,0.55
"('rsi_limit_4h', 'adx_max_48', 'squeeze_momentum')",XGBClassifier,0.18005709624796085,-3138,0.17642276422764228,-796,0.5
"('rsi_break_4h', 'macd', 'rsi_convergence')",XGBClassifier,0.45714285714285713,-3,0.2727272727272727,-5,0.6
"('cci_4h', 'bb_sqeeze_both_direction', 'adx')",XGBClassifier,0.21084337349397592,-96,0.2702702702702703,-17,0.55
"('macd_convergence', 'rsi_convergence5_40', 'adx')",XGBClassifier,0.27472527472527475,-82,0.29545454545454547,-18,0.55
"('adx_max_48', 'williams_break', 'adx_max_21')",XGBClassifier,0.21831955922865015,-818,0.21159420289855072,-199,0.55
"('macd_max', 'bb_sqeeze_both_direction_4h', 'ema_20_channel')",XGBClassifier,0.20342612419700215,-554,0.15813953488372093,-147,0.55
"('cci', 'rsi_break_4h', 'macd')",XGBClassifier,0.17481016837240013,-3940,0.17186463171864633,-989,0.5
"('macd_max', 'rsi_break_4h', 'macd')",XGBClassifier,0.1832365747460087,-3492,0.18215069495245062,-869,0.5
"('macd_convergence', 'bb_middle_crossing', 'rsi_convergence')",XGBClassifier,0.323943661971831,-75,0.29310344827586204,-24,0.6
"('macd_zero', 'bb_middle_crossing_4h', 'adx')",XGBClassifier,0.17801523246561327,-5665,0.18011591618368256,-1435,0.45
"('rsi_limit_4h', 'bb_middle_crossing', 'ema_10_50')",XGBClassifier,0.27439024390243905,-148,0.23,-54,0.6
"('bb_middle_crossing', 'ema_10_50', 'adx_max_4h')",XGBClassifier,0.24705882352941178,-430,0.23430962343096234,-127,0.55
"('rsi', 'ema_10_50', 'williams_break')",XGBClassifier,0.2580101180438449,-287,0.21875,-90,0.55
"('bb_sqeeze_both_direction_4h', 'squeeze_momentum', 'bb_sqeeze_both_direction')",XGBClassifier,0.2631578947368421,-18,0.42857142857142855,-1,0.55
"('macd_max_4h', 'ema_10_50', 'ema_20_channel')",XGBClassifier,0.25925925925925924,-104,0.18604651162790697,-27,0.55
"('macd', 'candle_4h', 'bb_middle_crossing_4h')",XGBClassifier,0.18912990494759932,-2551,0.17953667953667954,-664,0.5
"('bb_middle_crossing', 'williams_break', 'adx_max_4h')",RandomForestClassifier,0.4772727272727273,-2,0.6,1,0.45
"('macd_max', 'cci_4h', 'rsi_convergence5_40')",XGBClassifier,0.17422680412371133,-6320,0.184590028842192,-1531,0.5
"('squeeze_momentum', 'adx_4h', 'candle_4h')",XGBClassifier,0.17636755591484776,-4804,0.1821561338289963,-1197,0.5
"('macd_convergence', 'ema_10_50', 'macd_slope')",XGBClassifier,0.24584717607973422,-153,0.2987012987012987,-31,0.6
"('macd_max', 'cci_4h', 'adx')",XGBClassifier,0.17593465284322965,-6189,0.18702611625947768,-1486,0.45
"('adx_slope', 'adx_max_48', 'rsi_convergence')",XGBClassifier,0.24181818181818182,-284,0.3448275862068966,-45,0.55
"('bb_sqeeze_both_direction_4h', 'rsi_convergence5_40', 'adx')",XGBClassifier,0.1778127458693942,-2457,0.18503937007874016,-640,0.5
"('squeeze_momentum', 'ema_20_channel', 'adx_max_4h')",XGBClassifier,0.22535211267605634,-39,0.23076923076923078,-7,0.55
"('macd_convergence', 'rsi', 'adx_max_21')",XGBClassifier,0.2706270627062706,-278,0.2909090909090909,-69,0.55
"('macd_convergence', 'bb_sqeeze_both_direction_4h', 'candle_4h')",XGBClassifier,0.2304635761589404,-407,0.24882629107981222,-107,0.55
"('adx_slope', 'ema_10_50', 'bb_sqeeze_both_direction')",XGBClassifier,0.21315890727202771,-1491,0.20537124802527645,-373,0.55
"('adx_max_48', 'adx_max_21', 'adx_max_4h')",XGBClassifier,0.19495635305528614,-629,0.19148936170212766,-174,0.5
"('cci_4h', 'ema_20_channel', 'macd_slope')",XGBClassifier,0.20454545454545456,-26,0.08333333333333333,-10,0.55
"('rsi_break_4h', 'squeeze_momentum', 'candle_4h')",XGBClassifier,0.17502278942570648,-3565,0.18542568542568544,-872,0.5
"('macd', 'rsi_convergence', 'macd_slope')",XGBClassifier,0.2189873417721519,-444,0.25663716814159293,-110,0.55
"('macd_convergence', 'candle_4h', 'macd_slope_4h')",XGBClassifier,0.24025974025974026,-240,0.26356589147286824,-61,0.6
"('cci_4h', 'bb_sqeeze_both_direction', 'adx_max_4h')",XGBClassifier,0.1777418406351073,-4384,0.1935103244837758,-1039,0.5
"('macd_zero', 'cci_4h', 'macd_max_4h')",XGBClassifier,0.20916334661354583,-876,0.21204819277108433,-239,0.55
"('macd', 'bb_middle_crossing', 'bb_sqeeze_both_direction')",XGBClassifier,0.24489795918367346,-300,0.26282051282051283,-74,0.6
"('macd_convergence', 'rsi_convergence5_40', 'macd_slope')",XGBClassifier,0.27647058823529413,-76,0.45454545454545453,-3,0.6
"('ema_10_50', 'macd_slope', 'williams_limit_4h')",XGBClassifier,0.19991419991419992,-1399,0.1875,-360,0.55
"('macd_zero', 'bb_sqeeze_both_direction_4h', 'bb_middle_crossing')",XGBClassifier,0.25686813186813184,-354,0.24193548387096775,-96,0.55
"('squeeze_momentum', 'ema_10_50', 'bb_middle_crossing_4h')",XGBClassifier,0.2702702702702703,-34,0.25,-8,0.55
"('cci', 'macd', 'bb_middle_crossing')",XGBClassifier,0.2864864864864865,-79,0.25,-24,0.6
"('bb_middle_crossing', 'bb_middle_crossing_4h', 'adx_max_21')",XGBClassifier,0.5555555555555556,1,0.5,0,0.6
"('macd_max', 'adx_max_21', 'adx_max_4h')",XGBClassifier,0.20424403183023873,-446,0.24855491329479767,-87,0.55
"('macd_max', 'macd_convergence', 'adx_max_48')",XGBClassifier,0.19468739876903143,-1885,0.21813403416557162,-429,0.5
"('adx_max_48', 'ema_10_50', 'macd_slope_4h')",XGBClassifier,0.17431706224809673,-5818,0.1792411687745312,-1471,0.5
"('macd_max', 'adx_max_21', 'williams_limit_4h')",XGBClassifier,0.17341961174713788,-6561,0.18555466879489227,-1576,0.5
"('macd_convergence', 'rsi_break_4h', 'rsi_convergence5_40')",XGBClassifier,0.27692307692307694,-29,0.23809523809523808,-11,0.55
"('macd', 'squeeze_momentum', 'candle_4h')",XGBClassifier,0.32222222222222224,-32,0.3157894736842105,-7,0.55
"('cci', 'rsi_break_4h', 'bb_sqeeze_both_direction')",XGBClassifier,0.17015646571560056,-5734,0.18408880666049954,-1366,0.5
"('rsi_convergence', 'williams_break', 'adx')",XGBClassifier,0.30718954248366015,-59,0.358974358974359,-11,0.55
"('adx_4h', 'rsi_convergence5_40', 'adx')",XGBClassifier,0.29493087557603687,-89,0.22857142857142856,-38,0.55
"('cci', 'macd', 'ema_10_50')",XGBClassifier,0.23313782991202345,-364,0.2608695652173913,-88,0.55
"('macd_max_4h', 'rsi_convergence5_40', 'macd_slope_4h')",XGBClassifier,0.17184776292852993,-4518,0.17773892773892774,-1106,0.5
"('macd', 'bb_sqeeze_both_direction', 'williams_limit_4h')",XGBClassifier,0.1890619340818544,-1717,0.1901840490797546,-404,0.5
"('macd_zero', 'bb_sqeeze_both_direction_4h', 'macd_slope_4h')",XGBClassifier,0.18766547266780875,-4011,0.18674698795180722,-1040,0.5
"('adx_slope', 'ema_20_channel', 'adx_4h')",XGBClassifier,0.28431372549019607,-44,0.2857142857142857,-12,0.6
"('macd_convergence', 'rsi', 'ema_10_50')",XGBClassifier,0.1766742399653792,-5977,0.1831223628691983,-1502,0.5
"('adx_max_48', 'macd_slope', 'williams_limit_4h')",XGBClassifier,0.18797584667891834,-2377,0.18371837183718373,-575,0.5
"('cci_4h', 'adx_max_21', 'macd_slope')",XGBClassifier,0.20934959349593496,-286,0.2152777777777778,-82,0.55
"('rsi_break_4h', 'macd_slope_4h', 'williams_limit_4h')",XGBClassifier,0.2126126126126126,-638,0.18326693227091634,-159,0.55
"('macd_max', 'rsi_limit_4h', 'macd_slope')",XGBClassifier,0.19792605951307485,-1340,0.18524871355060035,-367,0.55
"('rsi', 'bb_middle_crossing_4h', 'macd_slope_4h')",XGBClassifier,0.17306802406293384,-4239,0.17643467643467645,-1060,0.5
"('rsi_limit_4h', 'macd', 'bb_middle_crossing')",XGBClassifier,0.22735346358792186,-614,0.22033898305084745,-165,0.55
"('macd_max', 'candle_4h', 'bb_sqeeze_both_direction')",XGBClassifier,0.18360146768275473,-4484,0.1978273299028016,-1057,0.5
"('cci', 'ema_10_50', 'adx_max_4h')",XGBClassifier,0.23308270676691728,-355,0.22916666666666666,-104,0.55
"('macd_max', 'cci', 'cci_4h')",XGBClassifier,0.21324245374878287,-589,0.24812030075187969,-134,0.55
"('adx_slope', 'ema_10_50', 'ema_20_channel')",XGBClassifier,0.2459016393442623,-186,0.21649484536082475,-55,0.6
"('rsi_convergence', 'squeeze_momentum', 'adx_max_21')",XGBClassifier,0.32142857142857145,-10,0.0,-6,0.6
"('macd_convergence', 'rsi_break_4h', 'macd_slope')",XGBClassifier,0.3673469387755102,-13,0.2222222222222222,-10,0.6
"('adx_slope', 'cci', 'bb_middle_crossing_4h')",XGBClassifier,0.19440479588923779,-2141,0.18692660550458715,-546,0.5
"('macd_zero', 'candle_4h', 'adx_max_21')",XGBClassifier,0.20317002881844382,-412,0.23469387755102042,-104,0.55
"('rsi_limit_4h', 'williams_break', 'bb_middle_crossing_4h')",XGBClassifier,0.22070452911574406,-777,0.2188449848024316,-185,0.55
"('bb_middle_crossing', 'adx_4h', 'macd_slope')",XGBClassifier,0.2733812949640288,-63,0.28125,-14,0.6
"('bb_sqeeze_both_direction_4h', 'adx_4h', 'bb_sqeeze_both_direction')",XGBClassifier,0.19867183176535694,-1089,0.22391304347826088,-254,0.55
"('ema_20_channel', 'bb_sqeeze_both_direction', 'macd_slope_4h')",XGBClassifier,0.18360718379824226,-3312,0.17401574803149605,-828,0.5
"('rsi_break_4h', 'rsi_convergence', 'adx_max_21')",RandomForestClassifier,0.75,2,0.5,0,0.45
"('macd_zero', 'bb_middle_crossing_4h', 'macd_slope_4h')",XGBClassifier,0.17821330902461258,-5648,0.18043769539973203,-1431,0.5
"('rsi_limit_4h', 'rsi_break_4h', 'williams_break')",XGBClassifier,0.21831955922865015,-818,0.21159420289855072,-199,0.55
"('macd_zero', 'cci_4h', 'macd_slope_4h')",XGBClassifier,0.179333169894582,-5232,0.18077474892395984,-1335,0.5
"('ema_20_channel', 'bb_middle_crossing_4h', 'rsi_convergence5_40')",XGBClassifier,0.2522255192878338,-167,0.19696969696969696,-40,0.55
"('cci_4h', 'rsi_convergence', 'candle_4h')",XGBClassifier,0.17967201297531088,-3555,0.19689484827099507,-859,0.5
"('adx_slope', 'rsi_break_4h', 'macd_slope_4h')",XGBClassifier,0.19813717188823032,-1426,0.1986644407345576,-361,0.55
"('adx_slope', 'adx_4h', 'bb_sqeeze_both_direction')",XGBClassifier,0.22419354838709676,-684,0.22105263157894736,-159,0.55
"('macd_zero', 'bb_middle_crossing', 'adx_max_21')",XGBClassifier,0.2359081419624217,-506,0.22433460076045628,-145,0.55
"('macd_convergence', 'bb_sqeeze_both_direction_4h', 'adx_max_21')",XGBClassifier,0.375,-2,0.3333333333333333,-1,0.6
"('macd_max', 'macd_zero', 'macd_max_4h')",XGBClassifier,0.18524035206499662,-4649,0.18888888888888888,-1176,0.5
"('bb_sqeeze_both_direction_4h', 'bb_sqeeze_both_direction', 'macd_slope_4h')",XGBClassifier,0.1844380403458213,-2628,0.18207816968541468,-667,0.5
"('cci', 'squeeze_momentum', 'bb_middle_crossing_4h')",XGBClassifier,0.18661417322834645,-1592,0.20414673046251994,-371,0.5
"('adx_slope', 'macd_max_4h', 'adx_max_4h')",XGBClassifier,0.21653543307086615,-144,0.328125,-22,0.55
"('cci_4h', 'rsi', 'rsi_convergence')",XGBClassifier,0.3333333333333333,-3,0.0,0,0.6
"('adx_max_48', 'macd_max_4h', 'macd_slope')",XGBClassifier,0.21991701244813278,-135,0.265625,-30,0.55
"('cci', 'ema_20_channel', 'candle_4h')",XGBClassifier,0.2781954887218045,-59,0.1875,-30,0.55
"('adx_4h', 'macd_slope_4h', 'williams_limit_4h')",XGBClassifier,0.20691287878787878,-1238,0.210727969348659,-302,0.55
"('rsi_break_4h', 'ema_10_50', 'adx_max_21')",XGBClassifier,0.42857142857142855,-2,0.3333333333333333,-1,0.55
"('macd_max', 'macd_convergence', 'cci_4h')",XGBClassifier,0.228003784295175,-575,0.24671052631578946,-154,0.55
"('cci', 'williams_break', 'adx')",XGBClassifier,0.32038834951456313,-37,0.15789473684210525,-26,0.6
"('rsi_limit_4h', 'ema_20_channel', 'adx_max_21')",XGBClassifier,0.46153846153846156,-2,0.2,-3,0.6
"('macd_max', 'adx_4h', 'macd_slope')",XGBClassifier,0.18607355720308183,-4319,0.19250425894378195,-1083,0.5
"('rsi_break_4h', 'macd_max_4h', 'bb_sqeeze_both_direction')",XGBClassifier,0.24761904761904763,-106,0.29850746268656714,-27,0.55
"('bb_sqeeze_both_direction_4h', 'rsi_convergence', 'bb_middle_crossing_4h')",XGBClassifier,0.32142857142857145,-10,0.1111111111111111,-7,0.6
"('cci_4h', 'adx_max_21', 'adx_max_4h')",XGBClassifier,0.2149321266968326,-252,0.2549019607843137,-50,0.55
"('macd_max', 'macd_zero', 'bb_sqeeze_both_direction_4h')",XGBClassifier,0.19572025052192066,-3498,0.19635627530364372,-900,0.5
"('adx_slope', 'rsi', 'adx_4h')",XGBClassifier,0.21756225425950196,-862,0.21798365122615804,-207,0.55
"('adx_4h', 'macd_slope_4h', 'adx_max_4h')",XGBClassifier,0.2028493894165536,-1752,0.2058011049723757,-426,0.5
"('macd_zero', 'macd', 'macd_max_4h')",XGBClassifier,0.2681564245810056,-166,0.23469387755102042,-52,0.55
"('macd_zero', 'squeeze_momentum', 'ema_10_50')",XGBClassifier,0.4,-2,1.0,1,0.6
"('macd_max', 'macd_zero', 'adx_max_48')",XGBClassifier,0.18524035206499662,-4649,0.18888888888888888,-1176,0.5
"('macd', 'squeeze_momentum', 'macd_slope_4h')",XGBClassifier,0.32222222222222224,-32,0.3157894736842105,-7,0.6
"('adx_slope', 'adx_4h', 'macd_slope_4h')",XGBClassifier,0.18708916231248945,-3713,0.1971350613915416,-888,0.5
"('macd_convergence', 'cci', 'adx_max_4h')",XGBClassifier,0.2627118644067797,-56,0.3870967741935484,-7,0.6
"('bb_sqeeze_both_direction_4h', 'ema_10_50', 'adx')",XGBClassifier,0.17820398831449258,-5067,0.17984189723320157,-1296,0.5
"('macd_zero', 'candle_4h', 'rsi_convergence5_40')",XGBClassifier,0.21263482280431434,-373,0.1641025641025641,-131,0.55
"('adx_slope', 'rsi_convergence', 'adx_4h')",XGBClassifier,0.3586206896551724,-41,0.3617021276595745,-13,0.6
"('adx_slope', 'rsi', 'bb_middle_crossing_4h')",XGBClassifier,0.19789473684210526,-1722,0.19214586255259467,-439,0.55
"('rsi_limit_4h', 'adx_4h', 'adx_max_21')",XGBClassifier,0.2826086956521739,-40,0.32,-9,0.55
"('squeeze_momentum', 'adx_max_21', 'macd_slope')",XGBClassifier,0.34146341463414637,-13,0.125,-6,0.55
"('macd_zero', 'rsi', 'macd_slope')",XGBClassifier,0.18836936483995306,-3719,0.18701298701298702,-964,0.5
"('macd', 'rsi_convergence', 'adx_4h')",XGBClassifier,0.2627551020408163,-186,0.2764227642276423,-55,0.6
"('rsi_break_4h', 'macd_slope_4h', 'adx')",XGBClassifier,0.17468440805185945,-3814,0.1784260515603799,-948,0.5
"('macd_max', 'macd', 'macd_slope')",XGBClassifier,0.1803130254818264,-4943,0.18612952575216726,-1231,0.5
"('macd_convergence', 'squeeze_momentum', 'adx')",XGBClassifier,0.2099337748344371,-876,0.23404255319148937,-225,0.55
"('macd_max', 'cci_4h', 'adx_4h')",XGBClassifier,0.1746987951807229,-6156,0.18559322033898304,-1484,0.5
"('cci', 'rsi_limit_4h', 'ema_20_channel')",XGBClassifier,0.22801788375558868,-365,0.16184971098265896,-117,0.5
"('adx_slope', 'rsi', 'macd')",XGBClassifier,0.24929178470254956,-354,0.29411764705882354,-77,0.55
"('rsi_limit_4h', 'bb_middle_crossing', 'adx')",XGBClassifier,0.25680933852140075,-125,0.22807017543859648,-31,0.6
"('macd', 'adx_max_4h', 'williams_limit_4h')",XGBClassifier,0.20835405271009447,-1173,0.20950323974082075,-269,0.5
"('macd_max', 'rsi', 'rsi_convergence')",XGBClassifier,0.18047493403693932,-3633,0.19410150891632372,-892,0.5
"('adx_slope', 'adx_max_4h', 'williams_limit_4h')",XGBClassifier,0.23315508021390374,-499,0.20930232558139536,-125,0.55
"('squeeze_momentum', 'macd_slope_4h', 'macd_slope')",XGBClassifier,0.30357142857142855,-44,0.28,-11,0.6
"('macd_zero', 'rsi_convergence', 'williams_break')",XGBClassifier,0.3644859813084112,-29,0.3870967741935484,-7,0.6
"('macd_max', 'cci', 'adx_max_4h')",XGBClassifier,0.20424403183023873,-446,0.24855491329479767,-87,0.55
"('squeeze_momentum', 'macd_slope_4h', 'adx_max_4h')",XGBClassifier,0.2572614107883817,-117,0.2903225806451613,-26,0.6
"('rsi_convergence5_40', 'bb_sqeeze_both_direction', 'adx')",XGBClassifier,0.24161073825503357,-77,0.13725490196078433,-37,0.55
"('cci_4h', 'macd_max_4h', 'adx_max_4h')",XGBClassifier,0.24476987447698745,-244,0.3046875,-50,0.55
"('cci_4h', 'rsi', 'adx_max_48')",XGBClassifier,0.2727272727272727,-5,0.4,-1,0.55
"('rsi_convergence', 'bb_middle_crossing_4h', 'macd_slope')",XGBClassifier,0.1781100304833793,-4435,0.18166189111747852,-1111,0.5
"('williams_break', 'macd_slope_4h', 'adx')",XGBClassifier,0.21831955922865015,-818,0.21159420289855072,-199,0.55
"('cci_4h', 'macd', 'macd_slope_4h')",XGBClassifier,0.2826086956521739,-20,0.0,-11,0.6
"('macd', 'rsi_convergence5_40', 'williams_limit_4h')",XGBClassifier,0.20487195502810743,-945,0.1925133689839572,-230,0.55
"('bb_sqeeze_both_direction_4h', 'macd', 'rsi_convergence')",XGBClassifier,0.23119015047879618,-393,0.2559241706161137,-103,0.55
"('macd_max_4h', 'bb_middle_crossing_4h', 'adx_max_4h')",XGBClassifier,0.2076271186440678,-276,0.2661290322580645,-58,0.55
"('adx_max_48', 'williams_break', 'rsi_convergence5_40')",XGBClassifier,0.2857142857142857,-69,0.25,-16,0.6
"('rsi_limit_4h', 'rsi_break_4h', 'bb_middle_crossing')",XGBClassifier,0.22735346358792186,-614,0.22033898305084745,-165,0.55
"('cci', 'squeeze_momentum', 'adx')",XGBClassifier,0.17331875341716785,-4780,0.17608695652173914,-1192,0.5
"('ema_10_50', 'williams_break', 'ema_20_channel')",XGBClassifier,0.17543859649122806,-5883,0.17900172117039587,-1492,0.5
"('cci', 'williams_break', 'bb_sqeeze_both_direction')",XGBClassifier,0.2508833922261484,-141,0.21686746987951808,-47,0.6
"('cci_4h', 'rsi_limit_4h', 'rsi')",XGBClassifier,0.3333333333333333,-3,0.6666666666666666,1,0.55
"('squeeze_momentum', 'adx_max_4h', 'macd_slope')",XGBClassifier,0.21163166397415187,-357,0.24285714285714285,-72,0.55
"('adx_slope', 'bb_middle_crossing_4h', 'williams_limit_4h')",XGBClassifier,0.23315508021390374,-499,0.20930232558139536,-125,0.55
"('cci_4h', 'bb_sqeeze_both_direction_4h', 'rsi')",XGBClassifier,0.17467581998474446,-5118,0.18369401107196778,-1257,0.5
"('bb_sqeeze_both_direction_4h', 'macd_slope', 'adx')",XGBClassifier,0.18020541549953314,-4110,0.18253486961795026,-1047,0.5
"('adx_slope', 'adx_max_21', 'adx_max_4h')",XGBClassifier,0.18775589783583543,-3203,0.19731649565903708,-767,0.5
"('cci_4h', 'macd_max_4h', 'adx_max_21')",XGBClassifier,0.2261072261072261,-235,0.26548672566371684,-53,0.55
"('macd_convergence', 'macd_max_4h', 'adx_max_4h')",XGBClassifier,0.29411764705882354,-28,0.5882352941176471,3,0.55
"('macd_convergence', 'ema_10_50', 'adx_4h')",XGBClassifier,0.24855491329479767,-261,0.26143790849673204,-73,0.6
"('cci', 'bb_sqeeze_both_direction_4h', 'rsi_break_4h')",XGBClassifier,0.1752441277381895,-4922,0.17096265123619148,-1251,0.5
"('macd', 'bb_middle_crossing', 'macd_max_4h')",XGBClassifier,0.2897196261682243,-45,0.2692307692307692,-12,0.6
"('williams_break', 'candle_4h', 'adx_max_4h')",XGBClassifier,0.2786885245901639,-54,0.4090909090909091,-4,0.6
"('macd_max', 'cci_4h', 'bb_middle_crossing_4h')",XGBClassifier,0.1759884281581485,-5376,0.18876080691642652,-1296,0.5
"('adx_slope', 'cci', 'candle_4h')",XGBClassifier,0.20407174018419777,-1221,0.2033271719038817,-321,0.55
"('bb_sqeeze_both_direction_4h', 'rsi', 'adx')",XGBClassifier,0.17396791058229674,-3617,0.17459190915542938,-917,0.5
"('rsi', 'macd_max_4h', 'williams_limit_4h')",XGBClassifier,0.18114406779661016,-2408,0.17937701396348013,-597,0.5
"('macd_zero', 'rsi_convergence5_40', 'williams_limit_4h')",XGBClassifier,0.20696937697993664,-1110,0.18805309734513273,-282,0.55
"('ema_10_50', 'williams_break', 'rsi_convergence5_40')",XGBClassifier,0.2892561983471074,-51,0.23333333333333334,-16,0.55
"('rsi_limit_4h', 'rsi_break_4h', 'ema_20_channel')",XGBClassifier,0.22295081967213115,-338,0.14864864864864866,-104,0.55
"('macd_zero', 'rsi_break_4h', 'adx_4h')",XGBClassifier,0.20058351568198396,-1642,0.20821529745042494,-412,0.55
"('cci', 'rsi_break_4h', 'adx_max_4h')",XGBClassifier,0.17582049564634963,-1936,0.20161290322580644,-444,0.5
"('macd_zero', 'adx_slope', 'rsi_limit_4h')",XGBClassifier,0.27960526315789475,-268,0.2375,-84,0.6
"('bb_sqeeze_both_direction_4h', 'rsi_convergence', 'williams_limit_4h')",XGBClassifier,0.20181219110378912,-724,0.2442528735632184,-178,0.55
"('macd_max', 'adx_max_48', 'adx')",XGBClassifier,0.17430897793014785,-6080,0.18760611205432937,-1472,0.5
"('macd_convergence', 'williams_break', 'adx_max_4h')",XGBClassifier,0.2815533980582524,-135,0.32142857142857145,-30,0.6
"('macd_zero', 'macd_convergence', 'rsi_break_4h')",RandomForestClassifier,0.6666666666666666,8,0.4444444444444444,-1,0.45
"('macd_convergence', 'rsi_limit_4h', 'candle_4h')",XGBClassifier,0.2584541062801932,-200,0.2857142857142857,-51,0.6
"('adx_max_48', 'squeeze_momentum', 'adx_4h')",XGBClassifier,0.17903833370263683,-2897,0.18980667838312829,-706,0.5
"('macd_max', 'adx_4h', 'adx_max_21')",XGBClassifier,0.18405650857719474,-3131,0.1939252336448598,-786,0.5
"('macd_max', 'cci_4h', 'squeeze_momentum')",XGBClassifier,0.17643391521197008,-6228,0.1881720430107527,-1508,0.5
"('cci', 'macd_max_4h', 'ema_20_channel')",XGBClassifier,0.2727272727272727,-65,0.19230769230769232,-32,0.55
"('rsi_break_4h', 'adx_max_48', 'bb_middle_crossing_4h')",XGBClassifier,0.16606584955539533,-5558,0.17937853107344634,-1362,0.5
"('williams_break', 'bb_middle_crossing_4h', 'adx')",XGBClassifier,0.21831955922865015,-818,0.21159420289855072,-199,0.5
"('rsi_break_4h', 'rsi_convergence', 'bb_middle_crossing_4h')",XGBClassifier,0.34782608695652173,-14,0.25,-6,0.6
"('rsi_convergence', 'adx_max_4h', 'williams_limit_4h')",XGBClassifier,0.20181219110378912,-724,0.2442528735632184,-178,0.55
"('cci_4h', 'ema_10_50', 'adx_max_21')",XGBClassifier,0.17431706224809673,-5818,0.1792411687745312,-1471,0.5
"('rsi', 'ema_20_channel', 'bb_middle_crossing_4h')",XGBClassifier,0.3125,-42,0.2,-21,0.6
"('adx_slope', 'adx_max_48', 'bb_middle_crossing_4h')",XGBClassifier,0.18818710929079543,-2893,0.19550173010380623,-704,0.5
"('macd_max_4h', 'bb_middle_crossing_4h', 'adx')",XGBClassifier,0.16793893129770993,-4437,0.1648616125150421,-1114,0.5
"('macd_max', 'bb_sqeeze_both_direction', 'macd_slope')",XGBClassifier,0.3333333333333333,-3,0.0,-2,0.6
"('macd_convergence', 'macd_max_4h', 'rsi_convergence5_40')",XGBClassifier,0.21645663454410674,-765,0.24010554089709762,-197,0.55
"('rsi_convergence', 'ema_20_channel', 'williams_limit_4h')",XGBClassifier,0.2692307692307692,-60,0.2962962962962963,-11,0.6
"('adx_slope', 'candle_4h', 'adx_max_21')",XGBClassifier,0.19777872703972663,-1415,0.20751633986928106,-358,0.55
"('adx_slope', 'bb_sqeeze_both_direction_4h', 'rsi_convergence')",XGBClassifier,0.33707865168539325,-29,0.43478260869565216,-3,0.6
"('ema_20_channel', 'adx_4h', 'adx_max_4h')",XGBClassifier,0.180822885396433,-3615,0.18972895863052783,-870,0.5
"('rsi_break_4h', 'macd_max_4h', 'ema_10_50')",XGBClassifier,0.17431706224809673,-5818,0.1792411687745312,-1471,0.5
"('macd_convergence', 'macd_slope_4h', 'adx_max_4h')",XGBClassifier,0.28888888888888886,-19,0.375,-4,0.6
"('rsi_limit_4h', 'rsi_convergence', 'ema_20_channel')",XGBClassifier,0.2231793265465936,-707,0.20612813370473537,-211,0.55
"('macd_max_4h', 'williams_break', 'adx')",XGBClassifier,0.273972602739726,-66,0.275,-18,0.55
"('macd_zero', 'rsi_limit_4h', 'rsi')",XGBClassifier,0.21720561317876755,-927,0.2107728337236534,-247,0.55
"('adx_max_48', 'bb_middle_crossing', 'squeeze_momentum')",XGBClassifier,0.22735346358792186,-614,0.22033898305084745,-165,0.5
"('squeeze_momentum', 'ema_20_channel', 'candle_4h')",XGBClassifier,0.21271676300578035,-497,0.18518518518518517,-136,0.55
"('macd_convergence', 'bb_middle_crossing', 'adx_4h')",XGBClassifier,0.2620578778135048,-296,0.273224043715847,-83,0.6
"('rsi', 'bb_sqeeze_both_direction', 'adx_max_4h')",XGBClassifier,0.2046783625730994,-303,0.1925925925925926,-83,0.55
"('squeeze_momentum', 'rsi_convergence5_40', 'bb_sqeeze_both_direction')",XGBClassifier,0.17547445255474453,-4446,0.18997668997668998,-1064,0.5
"('macd_max', 'macd_convergence', 'adx_max_4h')",XGBClassifier,0.25,-74,0.425,-6,0.6
"('squeeze_momentum', 'candle_4h', 'adx')",XGBClassifier,0.18255395683453238,-2118,0.1853146853146853,-540,0.5
"('bb_middle_crossing', 'macd_max_4h', 'ema_20_channel')",XGBClassifier,0.27848101265822783,-70,0.3235294117647059,-12,0.6
"('adx_slope', 'rsi_break_4h', 'bb_middle_crossing_4h')",XGBClassifier,0.18802848242100578,-2804,0.20232766338406447,-665,0.5
"('cci_4h', 'macd', 'williams_limit_4h')",XGBClassifier,0.22981366459627328,-261,0.184,-79,0.55
"('rsi_limit_4h', 'macd_max_4h', 'candle_4h')",XGBClassifier,0.17380574651859687,-3701,0.18041958041958042,-914,0.5
"('rsi_limit_4h', 'rsi_convergence', 'macd_slope_4h')",XGBClassifier,0.2490566037735849,-133,0.2564102564102564,-38,0.55
"('squeeze_momentum', 'candle_4h', 'adx_max_4h')",XGBClassifier,0.17559132720105125,-3950,0.1793193717277487,-980,0.5
"('adx_max_48', 'rsi_convergence5_40', 'macd_slope_4h')",XGBClassifier,0.17167315175097275,-4219,0.17903930131004367,-1029,0.5
"('macd_convergence', 'candle_4h', 'adx')",XGBClassifier,0.24918032786885247,-153,0.2727272727272727,-40,0.6
"('macd_max', 'squeeze_momentum', 'candle_4h')",XGBClassifier,0.19844357976653695,-310,0.18333333333333332,-76,0.55
"('adx_4h', 'bb_sqeeze_both_direction', 'adx_max_4h')",RandomForestClassifier,0.6666666666666666,1,1.0,1,0.45
"('macd_convergence', 'ema_10_50', 'adx_max_4h')",XGBClassifier,0.24584717607973422,-153,0.2987012987012987,-31,0.6
"('macd_max', 'macd_max_4h', 'adx_max_4h')",XGBClassifier,0.2191780821917808,-205,0.3176470588235294,-31,0.55
"('rsi_limit_4h', 'rsi_break_4h', 'macd')",XGBClassifier,0.1823157174619463,-3715,0.1899148657498363,-947,0.5
"('macd_convergence', 'macd_slope', 'adx')",XGBClassifier,0.250996015936255,-125,0.23684210526315788,-40,0.6
"('macd_convergence', 'cci_4h', 'rsi_convergence')",XGBClassifier,0.21869488536155202,-638,0.23780487804878048,-172,0.55
"('macd_convergence', 'bb_sqeeze_both_direction', 'macd_slope')",XGBClassifier,0.23294509151414308,-321,0.24539877300613497,-83,0.6
"('macd', 'bb_sqeeze_both_direction', 'adx_max_21')",XGBClassifier,0.17939016247496106,-2881,0.18804920913884007,-710,0.5
"('macd_zero', 'bb_middle_crossing', 'ema_10_50')",XGBClassifier,0.24905183312262957,-397,0.2242152466367713,-123,0.55
"('macd_convergence', 'macd', 'rsi_convergence')",XGBClassifier,0.22424242424242424,-728,0.2545931758530184,-187,0.55
"('bb_sqeeze_both_direction_4h', 'macd', 'macd_max_4h')",XGBClassifier,0.18120023305496213,-3283,0.176056338028169,-828,0.5
"('adx_max_48', 'ema_10_50', 'adx')",XGBClassifier,0.17431706224809673,-5818,0.1792411687745312,-1471,0.45
"('macd', 'ema_10_50', 'bb_sqeeze_both_direction')",XGBClassifier,0.1819553409776705,-4216,0.18716577540106952,-1053,0.5
"('macd_zero', 'cci_4h', 'candle_4h')",XGBClassifier,0.2610062893081761,-152,0.22093023255813954,-48,0.55
"('macd_convergence', 'candle_4h', 'macd_slope')",XGBClassifier,0.2537313432835821,-264,0.2620689655172414,-69,0.6
"('adx_4h', 'macd_slope', 'williams_limit_4h')",XGBClassifier,0.17646302250803858,-5031,0.18406454866364094,-1253,0.5
"('candle_4h', 'adx_max_21', 'adx')",XGBClassifier,0.1739740441950193,-3718,0.18093249826026445,-917,0.5
"('cci_4h', 'bb_sqeeze_both_direction_4h', 'bb_middle_crossing_4h')",XGBClassifier,0.17578705580326984,-4799,0.1815269620928991,-1193,0.5
"('bb_sqeeze_both_direction_4h', 'adx_max_48', 'adx')",XGBClassifier,0.1675933280381255,-6696,0.17513899920571882,-1636,0.5
"('macd_zero', 'cci_4h', 'williams_limit_4h')",XGBClassifier,0.17874753451676528,-5212,0.18173076923076922,-1324,0.5
"('cci', 'cci_4h', 'adx')",XGBClassifier,0.20670897552130554,-647,0.23426573426573427,-152,0.55
"('macd_max', 'williams_break', 'candle_4h')",XGBClassifier,0.3076923076923077,-10,0.0,-6,0.6
"('candle_4h', 'bb_middle_crossing_4h', 'adx_max_21')",XGBClassifier,0.3333333333333333,-6,0.2,-3,0.55
"('macd_max', 'rsi', 'squeeze_momentum')",XGBClassifier,0.23425692695214106,-211,0.2037037037037037,-64,0.55
"('adx_slope', 'cci_4h', 'macd')",XGBClassifier,0.23976608187134502,-89,0.3157894736842105,-14,0.6
"('adx_slope', 'bb_sqeeze_both_direction_4h', 'bb_middle_crossing_4h')",XGBClassifier,0.25157232704402516,-79,0.08888888888888889,-37,0.55
"('cci', 'macd', 'squeeze_momentum')",XGBClassifier,0.32222222222222224,-32,0.3157894736842105,-7,0.6
"('adx_max_48', 'bb_middle_crossing', 'rsi_convergence5_40')",XGBClassifier,0.22735346358792186,-614,0.22033898305084745,-165,0.55
"('adx_slope', 'ema_10_50', 'rsi_convergence5_40')",XGBClassifier,0.25569620253164554,-193,0.205607476635514,-63,0.55
"('macd_max', 'macd_convergence', 'bb_sqeeze_both_direction')",XGBClassifier,0.2410358565737052,-520,0.25524475524475526,-140,0.55
"('adx_slope', 'macd_convergence', 'bb_middle_crossing_4h')",RandomForestClassifier,0.5294117647058824,2,0.2222222222222222,-5,0.45
"('rsi_limit_4h', 'macd_max_4h', 'adx_4h')",XGBClassifier,0.22695035460992907,-77,0.32432432432432434,-13,0.55
"('bb_sqeeze_both_direction_4h', 'rsi_limit_4h', 'rsi_break_4h')",XGBClassifier,0.18105548037889038,-2357,0.1732776617954071,-626,0.5
"('squeeze_momentum', 'williams_break', 'macd_slope_4h')",XGBClassifier,0.25255102040816324,-194,0.2523364485981308,-53,0.6
"('adx_slope', 'macd_max_4h', 'bb_sqeeze_both_direction')",XGBClassifier,0.2582781456953642,-73,0.3191489361702128,-17,0.6
"('cci', 'rsi_convergence', 'williams_limit_4h')",XGBClassifier,0.20334261838440112,-1065,0.2375,-252,0.55
"('adx_max_21', 'macd_slope', 'williams_limit_4h')",XGBClassifier,0.2642857142857143,-66,0.19047619047619047,-26,0.55
"('macd', 'bb_middle_crossing', 'squeeze_momentum')",XGBClassifier,0.27699530516431925,-95,0.288135593220339,-25,0.6
"('cci', 'williams_break', 'rsi_convergence5_40')",XGBClassifier,0.26763990267639903,-191,0.23214285714285715,-60,0.6
"('rsi', 'squeeze_momentum', 'williams_break')",XGBClassifier,0.26126126126126126,-53,0.32,-9,0.6
"('rsi_limit_4h', 'adx_max_48', 'adx_max_21')",XGBClassifier,0.17156077593877914,-3691,0.17364447494852436,-951,0.5
"('cci_4h', 'adx_4h', 'adx_max_21')",XGBClassifier,0.25217391304347825,-57,0.25,-16,0.55
"('rsi_convergence', 'macd_slope_4h', 'adx')",XGBClassifier,0.2391304347826087,-120,0.22857142857142856,-38,0.6
"('macd_zero', 'cci', 'williams_break')",XGBClassifier,0.2782608695652174,-51,0.2553191489361702,-23,0.6
"('rsi_break_4h', 'bb_middle_crossing_4h', 'adx_max_4h')",XGBClassifier,0.1811704834605598,-1253,0.18125,-306,0.5
"('macd', 'squeeze_momentum', 'adx_max_4h')",XGBClassifier,0.34523809523809523,-26,0.35294117647058826,-5,0.55
"('adx_slope', 'rsi_break_4h', 'adx_max_21')",XGBClassifier,0.5384615384615384,1,0.3333333333333333,-1,0.55
"('macd_zero', 'ema_20_channel', 'adx_4h')",XGBClassifier,0.24561403508771928,-29,0.125,-6,0.6
"('cci_4h', 'candle_4h', 'macd_slope_4h')",XGBClassifier,0.297029702970297,-41,0.2727272727272727,-10,0.55
"('squeeze_momentum', 'ema_20_channel', 'adx')",XGBClassifier,0.21096345514950166,-348,0.1888111888111888,-89,0.55
"('macd_zero', 'macd_convergence', 'rsi')",XGBClassifier,0.2489451476793249,-238,0.2571428571428571,-68,0.6
"('macd_max_4h', 'ema_10_50', 'macd_slope_4h')",XGBClassifier,0.2193211488250653,-215,0.1792452830188679,-68,0.55
"('bb_middle_crossing', 'ema_20_channel', 'williams_limit_4h')",XGBClassifier,0.2611464968152866,-75,0.18604651162790697,-27,0.6
"('cci', 'rsi_break_4h', 'macd_slope')",XGBClassifier,0.23484848484848486,-70,0.14285714285714285,-30,0.55
"('ema_10_50', 'bb_sqeeze_both_direction', 'adx')",XGBClassifier,0.18175747863247863,-4766,0.19012987012987012,-1193,0.5
"('rsi', 'adx_max_21', 'adx')",XGBClassifier,0.3333333333333333,-7,0.5714285714285714,1,0.55
"('adx_slope', 'bb_middle_crossing', 'adx_max_21')",XGBClassifier,0.29432624113475175,-116,0.3188405797101449,-25,0.6
"('bb_middle_crossing', 'squeeze_momentum', 'ema_10_50')",XGBClassifier,0.2452153110047847,-426,0.2288135593220339,-128,0.55
"('bb_sqeeze_both_direction_4h', 'rsi', 'macd_max_4h')",XGBClassifier,0.17612480217047252,-2865,0.1767857142857143,-724,0.5
"('macd_max', 'adx_4h', 'adx')",XGBClassifier,0.1760379005111582,-5197,0.18762475049900199,-1252,0.5
"('bb_sqeeze_both_direction_4h', 'adx_max_48', 'ema_20_channel')",XGBClassifier,0.21263482280431434,-373,0.14838709677419354,-109,0.55
"('macd_zero', 'bb_middle_crossing', 'williams_limit_4h')",XGBClassifier,0.21283912877340466,-1503,0.1990811638591118,-393,0.5
"('macd_max', 'rsi_convergence', 'ema_10_50')",XGBClassifier,0.20732797140303844,-655,0.25696594427244585,-157,0.55
"('macd_zero', 'adx_slope', 'bb_sqeeze_both_direction_4h')",XGBClassifier,0.22180293501048218,-1327,0.21585160202360876,-337,0.55
"('cci', 'squeeze_momentum', 'candle_4h')",XGBClassifier,0.20103986135181975,-690,0.2348993288590604,-158,0.55
"('cci_4h', 'rsi', 'bb_sqeeze_both_direction')",XGBClassifier,0.2727272727272727,-5,0.4,-1,0.55
"('cci', 'cci_4h', 'williams_limit_4h')",XGBClassifier,0.19062863795110593,-2126,0.18883610451306412,-524,0.5
"('adx_max_48', 'williams_break', 'ema_20_channel')",XGBClassifier,0.22655601659751037,-659,0.20761245674740483,-169,0.55
"('adx_slope', 'williams_break', 'bb_middle_crossing_4h')",XGBClassifier,0.25,-190,0.23595505617977527,-47,0.6
"('cci', 'squeeze_momentum', 'bb_sqeeze_both_direction')",XGBClassifier,0.3333333333333333,-3,0.0,-1,0.55
"('macd_max_4h', 'ema_20_channel', 'macd_slope')",XGBClassifier,0.36666666666666664,-8,0.2857142857142857,-3,0.6
"('macd_max', 'macd_convergence', 'macd_max_4h')",XGBClassifier,0.21161638901395768,-1281,0.24013157894736842,-316,0.5
"('adx_slope', 'ema_10_50', 'candle_4h')",XGBClassifier,0.2055573097568677,-1865,0.2065081351689612,-469,0.5
"('rsi_limit_4h', 'squeeze_momentum', 'williams_break')",XGBClassifier,0.26126126126126126,-53,0.32,-9,0.6
"('bb_sqeeze_both_direction_4h', 'rsi_convergence', 'macd_slope')",XGBClassifier,0.27472527472527475,-41,0.16666666666666666,-16,0.6
"('macd_zero', 'ema_10_50', 'bb_middle_crossing_4h')",XGBClassifier,0.25806451612903225,-75,0.225,-22,0.55
"('macd_max', 'squeeze_momentum', 'ema_10_50')",XGBClassifier,0.18117383735389206,-5128,0.18813806514341275,-1283,0.5
"('bb_sqeeze_both_direction_4h', 'williams_break', 'macd_slope_4h')",XGBClassifier,0.23494860499265785,-361,0.21893491124260356,-95,0.6
"('macd_max_4h', 'adx_max_21', 'macd_slope')",XGBClassifier,0.22417582417582418,-251,0.16666666666666666,-80,0.55
"('adx_slope', 'cci', 'rsi_convergence5_40')",XGBClassifier,0.24754901960784315,-206,0.19642857142857142,-68,0.55
"('rsi_break_4h', 'rsi_convergence5_40', 'adx')",XGBClassifier,0.2,-498,0.18181818181818182,-154,0.5
"('rsi_limit_4h', 'williams_break', 'rsi_convergence5_40')",XGBClassifier,0.2623762376237624,-96,0.26666666666666666,-21,0.6
"('squeeze_momentum', 'ema_20_channel', 'adx_max_21')",XGBClassifier,0.3037974683544304,-31,0.3125,-6,0.55
"('macd_max', 'macd', 'candle_4h')",XGBClassifier,0.18284013886592826,-3837,0.18484650555192683,-965,0.5
"('bb_middle_crossing', 'rsi_convergence5_40', 'williams_limit_4h')",XGBClassifier,0.22735346358792186,-614,0.22033898305084745,-165,0.55
"('adx_max_48', 'bb_middle_crossing', 'williams_break')",XGBClassifier,0.23125493291239146,-681,0.21739130434782608,-169,0.55
"('macd_max', 'squeeze_momentum', 'rsi_convergence5_40')",XGBClassifier,0.1741288492706645,-6434,0.18491484184914841,-1554,0.5
"('macd_zero', 'cci_4h', 'rsi')",XGBClassifier,0.17874753451676528,-5212,0.18173076923076922,-1324,0.5
"('macd_convergence', 'cci_4h', 'macd_max_4h')",XGBClassifier,0.20710332103321033,-1270,0.23240589198036007,-327,0.5
"('macd_zero', 'cci_4h', 'rsi_break_4h')",XGBClassifier,0.218562874251497,-376,0.19428571428571428,-107,0.55
"('squeeze_momentum', 'adx_max_4h', 'williams_limit_4h')",XGBClassifier,0.18374108053007135,-2482,0.18716577540106952,-585,0.5
"('rsi_break_4h', 'squeeze_momentum', 'macd_slope')",XGBClassifier,0.17858880778588807,-3963,0.17519181585677748,-1016,0.5
"('macd_zero', 'williams_break', 'rsi_convergence5_40')",XGBClassifier,0.281437125748503,-73,0.28205128205128205,-17,0.6
"('cci_4h', 'rsi_convergence', 'adx_max_4h')",XGBClassifier,0.2048861743475847,-1063,0.2345679012345679,-258,0.55
"('cci', 'ema_10_50', 'macd_slope')",XGBClassifier,0.23219814241486067,-346,0.23655913978494625,-98,0.55
"('adx_max_21', 'macd_slope', 'adx')",XGBClassifier,0.18679458239277652,-2220,0.18011049723756906,-579,0.5
"('rsi_limit_4h', 'williams_break', 'adx')",XGBClassifier,0.21831955922865015,-818,0.21159420289855072,-199,0.55
"('cci_4h', 'rsi_limit_4h', 'adx_max_4h')",XGBClassifier,0.18779968034096964,-2344,0.18464730290456433,-608,0.5
"('adx_slope', 'bb_sqeeze_both_direction_4h', 'macd_slope')",XGBClassifier,0.18091957465927813,-4261,0.18433451118963487,-1072,0.5
"('bb_middle_crossing', 'rsi_convergence5_40', 'bb_sqeeze_both_direction')",XGBClassifier,0.20446265938069216,-1298,0.2057335581787521,-349,0.5
"('rsi_break_4h', 'candle_4h', 'macd_slope_4h')",XGBClassifier,0.18248974008207935,-2321,0.18349619978284473,-583,0.5
"('cci', 'macd', 'bb_middle_crossing_4h')",XGBClassifier,0.20714285714285716,-82,0.20833333333333334,-28,0.55
"('ema_10_50', 'ema_20_channel', 'macd_slope_4h')",XGBClassifier,0.2727272727272727,-45,0.13043478260869565,-17,0.55
"('rsi_limit_4h', 'williams_break', 'candle_4h')",XGBClassifier,0.248,-63,0.2727272727272727,-10,0.6
"('rsi_break_4h', 'williams_break', 'adx_max_4h')",XGBClassifier,0.2786885245901639,-54,0.4090909090909091,-4,0.6
"('rsi_break_4h', 'rsi_convergence5_40', 'williams_limit_4h')",XGBClassifier,0.18378678511937813,-2278,0.18666666666666668,-564,0.5
"('macd_max', 'cci', 'rsi_break_4h')",XGBClassifier,0.17467932005422881,-6239,0.1889168765743073,-1482,0.5
"('ema_10_50', 'bb_sqeeze_both_direction', 'williams_limit_4h')",XGBClassifier,0.21401028277634962,-890,0.22391857506361323,-217,0.55
"('adx_slope', 'macd', 'adx_4h')",XGBClassifier,0.21756225425950196,-862,0.21798365122615804,-207,0.55
"('macd_zero', 'macd_max_4h', 'rsi_convergence5_40')",XGBClassifier,0.20128904313336637,-1205,0.1921768707482993,-362,0.55
"('cci', 'candle_4h', 'rsi_convergence5_40')",XGBClassifier,0.20488466757123475,-435,0.14864864864864866,-156,0.55
"('macd', 'ema_20_channel', 'adx')",XGBClassifier,0.25666666666666665,-146,0.1875,-40,0.6
"('rsi_limit_4h', 'candle_4h', 'macd_slope_4h')",XGBClassifier,0.2025565388397247,-605,0.16470588235294117,-171,0.55
"('macd_max_4h', 'adx_4h', 'bb_middle_crossing_4h')",XGBClassifier,0.17916566192428263,-2661,0.192197906755471,-647,0.5
"('bb_middle_crossing', 'rsi_convergence', 'adx_max_4h')",RandomForestClassifier,0.6153846153846154,3,0.3333333333333333,-1,0.45
"('adx_slope', 'cci', 'rsi_limit_4h')",XGBClassifier,0.21544209215442092,-457,0.18357487922705315,-131,0.55
"('macd_zero', 'rsi_convergence', 'adx_max_4h')",XGBClassifier,0.22045611610228058,-809,0.2344139650872818,-213,0.55
"('macd_zero', 'ema_20_channel', 'rsi_convergence5_40')",XGBClassifier,0.17887957224450116,-5285,0.18233618233618235,-1338,0.5
"('adx_slope', 'adx_4h', 'candle_4h')",XGBClassifier,0.21756225425950196,-862,0.21798365122615804,-207,0.55
"('macd_max', 'bb_sqeeze_both_direction_4h', 'williams_limit_4h')",XGBClassifier,0.19769673704414586,-1260,0.19222903885480572,-301,0.55
"('adx_max_48', 'macd', 'adx_max_21')",XGBClassifier,0.17192982456140352,-4301,0.17101273499090358,-1085,0.5
"('rsi', 'macd_max_4h', 'macd_slope_4h')",XGBClassifier,0.25217391304347825,-57,0.32142857142857145,-10,0.55
"('rsi', 'bb_middle_crossing', 'rsi_convergence')",XGBClassifier,0.36283185840707965,-31,0.3103448275862069,-11,0.6
"('rsi_break_4h', 'rsi_convergence5_40', 'bb_sqeeze_both_direction')",XGBClassifier,0.1700631629126445,-5537,0.1823869104908566,-1320,0.5
"('rsi_break_4h', 'bb_middle_crossing', 'rsi_convergence')",XGBClassifier,0.3581081081081081,-42,0.3076923076923077,-15,0.55
"('rsi', 'squeeze_momentum', 'ema_20_channel')",XGBClassifier,0.24602332979851538,-479,0.17857142857142858,-162,0.55
"('macd_max', 'cci', 'adx_max_21')",XGBClassifier,0.22077922077922077,-86,0.23684210526315788,-20,0.55
"('cci_4h', 'macd_max_4h', 'adx')",XGBClassifier,0.2222222222222222,-85,0.17647058823529413,-33,0.55
"('rsi_convergence', 'adx_4h', 'bb_sqeeze_both_direction')",XGBClassifier,0.31645569620253167,-87,0.3333333333333333,-24,0.55
"('bb_sqeeze_both_direction_4h', 'rsi_convergence', 'williams_break')",XGBClassifier,0.30718954248366015,-59,0.358974358974359,-11,0.6
"('macd_zero', 'adx_4h', 'bb_middle_crossing_4h')",XGBClassifier,0.20058351568198396,-1642,0.20821529745042494,-412,0.55
"('adx_max_48', 'squeeze_momentum', 'williams_limit_4h')",XGBClassifier,0.18040792875610456,-2225,0.17191283292978207,-542,0.5
"('cci', 'cci_4h', 'adx_max_48')",XGBClassifier,0.22110091743119267,-608,0.19343065693430658,-168,0.55
"('rsi', 'macd_slope_4h', 'adx_max_4h')",XGBClassifier,0.20814182534471437,-889,0.2185792349726776,-206,0.55
"('bb_sqeeze_both_direction_4h', 'rsi_break_4h', 'macd_slope_4h')",XGBClassifier,0.18250313938886564,-3034,0.17801476620180476,-785,0.5
"('rsi_convergence', 'squeeze_momentum', 'macd_max_4h')",XGBClassifier,0.2130479102956167,-563,0.2553191489361702,-138,0.55
"('adx_4h', 'rsi_convergence5_40', 'macd_slope_4h')",XGBClassifier,0.2607449856733524,-167,0.25,-50,0.55
"('macd_max', 'macd_slope_4h', 'adx')",XGBClassifier,0.17736572890025576,-5046,0.1879854997410668,-1205,0.5
"('adx_max_48', 'bb_middle_crossing', 'adx_4h')",XGBClassifier,0.24542682926829268,-334,0.21910112359550563,-100,0.6
"('macd', 'macd_max_4h', 'williams_limit_4h')",XGBClassifier,0.2727272727272727,-40,0.21739130434782608,-13,0.55
"('adx_slope', 'cci_4h', 'ema_20_channel')",XGBClassifier,0.24897959183673468,-123,0.2647058823529412,-32,0.6
"('rsi_limit_4h', 'bb_middle_crossing', 'bb_middle_crossing_4h')",XGBClassifier,0.22735346358792186,-614,0.22033898305084745,-165,0.5
"('cci_4h', 'adx_max_48', 'adx_max_21')",XGBClassifier,0.1723538900608016,-5281,0.17857142857142858,-1332,0.5
"('rsi_break_4h', 'ema_10_50', 'williams_break')",XGBClassifier,0.23361034164358263,-577,0.2209737827715356,-149,0.55
"('squeeze_momentum', 'ema_10_50', 'candle_4h')",XGBClassifier,0.22332506203473945,-223,0.2222222222222222,-50,0.55
"('macd_zero', 'rsi_break_4h', 'bb_middle_crossing_4h')",XGBClassifier,0.17993079584775087,-5365,0.18186068256194485,-1361,0.5
"('macd_max', 'rsi_convergence', 'bb_sqeeze_both_direction')",XGBClassifier,0.23466666666666666,-398,0.2916666666666667,-90,0.55
"('macd_max', 'bb_middle_crossing', 'adx_4h')",XGBClassifier,0.23777777777777778,-236,0.2246376811594203,-76,0.6
"('macd_max', 'rsi', 'macd_slope')",XGBClassifier,0.18657772387305438,-3101,0.18600953895071543,-790,0.5
"('squeeze_momentum', 'bb_sqeeze_both_direction', 'adx_max_21')",XGBClassifier,0.5,0,0.5,0,0.55
"('squeeze_momentum', 'adx_4h', 'macd_slope')",XGBClassifier,0.20714285714285716,-164,0.23529411764705882,-27,0.55
"('macd', 'rsi_convergence', 'adx_max_21')",XGBClassifier,0.23318385650224216,-357,0.26842105263157895,-88,0.55
"('rsi_convergence', 'squeeze_momentum', 'williams_limit_4h')",XGBClassifier,0.20686456400742115,-632,0.2555205047318612,-155,0.55
"('macd_zero', 'cci', 'adx_4h')",XGBClassifier,0.2846153846153846,-56,0.23529411764705882,-27,0.6
"('macd_convergence', 'rsi_limit_4h', 'rsi_convergence5_40')",XGBClassifier,0.25544554455445545,-247,0.2597402597402597,-74,0.6
"('macd_convergence', 'cci_4h', 'bb_sqeeze_both_direction_4h')",XGBClassifier,0.22005097706032287,-659,0.24411764705882352,-174,0.55
"('bb_middle_crossing', 'williams_limit_4h', 'adx')",XGBClassifier,0.2545454545454545,-81,0.21621621621621623,-21,0.6
"('rsi', 'macd_max_4h', 'candle_4h')",XGBClassifier,0.17380574651859687,-3701,0.18041958041958042,-914,0.5
"('macd_max_4h', 'ema_20_channel', 'bb_sqeeze_both_direction')",XGBClassifier,0.36363636363636365,-9,0.5,0,0.6
"('adx_max_48', 'macd', 'macd_slope_4h')",XGBClassifier,0.18013389381908765,-4109,0.18322023442319557,-1027,0.5
"('macd_max_4h', 'candle_4h', 'adx_max_4h')",XGBClassifier,0.20542082738944364,-413,0.22285714285714286,-97,0.55
"('macd_zero', 'adx_slope', 'macd_max_4h')",XGBClassifier,0.21189067342913498,-2045,0.2152317880794702,-516,0.5
"('adx_slope', 'macd', 'williams_limit_4h')",XGBClassifier,0.26842105263157895,-176,0.2597402597402597,-37,0.6
"('bb_sqeeze_both_direction_4h', 'rsi_limit_4h', 'ema_10_50')",XGBClassifier,0.2,-1407,0.1796116504854369,-396,0.55
"('ema_10_50', 'williams_break', 'bb_sqeeze_both_direction')",XGBClassifier,0.183638928067701,-4486,0.18669647847959753,-1121,0.5
"('rsi_limit_4h', 'rsi_convergence', 'williams_break')",XGBClassifier,0.30718954248366015,-59,0.358974358974359,-11,0.55
"('rsi', 'adx_max_48', 'macd_max_4h')",XGBClassifier,0.16913996627318717,-3924,0.17890520694259013,-962,0.5
"('cci', 'cci_4h', 'adx_max_21')",XGBClassifier,0.19113573407202217,-1338,0.20446735395189003,-344,0.5
"('adx_slope', 'ema_20_channel', 'bb_sqeeze_both_direction')",XGBClassifier,0.24806201550387597,-130,0.2535211267605634,-35,0.55
"('macd_zero', 'macd', 'williams_break')",XGBClassifier,0.2523719165085389,-261,0.24503311258278146,-77,0.6
"('bb_middle_crossing', 'bb_sqeeze_both_direction', 'macd_slope_4h')",XGBClassifier,0.2607655502392344,-200,0.22123893805309736,-63,0.55
"('adx_slope', 'rsi', 'macd_max_4h')",XGBClassifier,0.19981369352585002,-1289,0.2011605415860735,-309,0.55
"('adx_max_48', 'squeeze_momentum', 'macd_slope_4h')",XGBClassifier,0.23872679045092837,-197,0.23958333333333334,-50,0.55
"('cci_4h', 'macd', 'bb_middle_crossing')",XGBClassifier,0.17870957759554387,-4153,0.17879161528976573,-1042,0.5
"('macd_zero', 'bb_middle_crossing_4h', 'rsi_convergence5_40')",XGBClassifier,0.17875230202578268,-5582,0.18289353958143767,-1394,0.5
"('adx_max_48', 'macd_slope_4h', 'williams_limit_4h')",XGBClassifier,0.18590435095289465,-1747,0.17933130699088146,-422,0.5
"('cci', 'ema_10_50', 'bb_sqeeze_both_direction')",XGBClassifier,0.254320987654321,-199,0.25892857142857145,-54,0.6
"('adx_4h', 'bb_sqeeze_both_direction', 'adx_max_21')",XGBClassifier,0.3870967741935484,-7,0.42857142857142855,-1,0.55
"('ema_10_50', 'adx_max_21', 'macd_slope')",XGBClassifier,0.20053475935828877,-448,0.18604651162790697,-135,0.55
"('macd_convergence', 'bb_sqeeze_both_direction_4h', 'rsi')",XGBClassifier,0.3700787401574803,-33,0.34285714285714286,-11,0.6
"('macd_convergence', 'squeeze_momentum', 'adx_4h')",XGBClassifier,0.3492063492063492,-19,0.29411764705882354,-7,0.55
"('rsi_break_4h', 'macd', 'rsi_convergence5_40')",XGBClassifier,0.17413572343149808,-4072,0.17210492642354447,-1025,0.5
"('macd_zero', 'rsi', 'adx_max_48')",XGBClassifier,0.17874753451676528,-5212,0.18173076923076922,-1324,0.5
"('rsi_limit_4h', 'ema_10_50', 'rsi_convergence5_40')",XGBClassifier,0.19439728353140917,-2160,0.17777777777777778,-609,0.5
"('macd_max', 'cci', 'macd_slope_4h')",XGBClassifier,0.18147871545929797,-4265,0.19503331314354935,-1007,0.5
"('macd_max', 'rsi_convergence', 'adx_4h')",XGBClassifier,0.2646239554317549,-169,0.2972972972972973,-45,0.55
"('rsi_limit_4h', 'bb_middle_crossing_4h', 'bb_sqeeze_both_direction')",XGBClassifier,0.22535211267605634,-39,0.29411764705882354,-7,0.55
"('adx_max_48', 'rsi_convergence5_40', 'adx_max_21')",XGBClassifier,0.17757009345794392,-1863,0.1683046683046683,-540,0.5
"('rsi_convergence', 'ema_20_channel', 'adx_max_4h')",RandomForestClassifier,1.0,4,0.5,0,0.45
"('macd', 'bb_middle_crossing_4h', 'adx_max_21')",XGBClassifier,0.26666666666666666,-14,0.2,-6,0.55
"('cci_4h', 'ema_20_channel', 'adx_4h')",XGBClassifier,0.3055555555555556,-14,0.0,-8,0.6
"('rsi_limit_4h', 'macd_slope', 'williams_limit_4h')",XGBClassifier,0.17412028599467264,-4649,0.17437923250564333,-1154,0.5
"('macd_max', 'rsi_convergence5_40', 'williams_limit_4h')",XGBClassifier,0.17316319409829528,-6557,0.18570287539936103,-1574,0.45
"('cci', 'macd_slope_4h', 'adx_max_4h')",XGBClassifier,0.3125,-30,0.3,-12,0.6
"('rsi_break_4h', 'ema_20_channel', 'adx_max_21')",RandomForestClassifier,0.75,2,0.0,0,0.45
"('cci_4h', 'rsi', 'ema_20_channel')",XGBClassifier,0.24555160142348753,-286,0.18791946308724833,-93,0.6
"('ema_10_50', 'rsi_convergence5_40', 'bb_sqeeze_both_direction')",XGBClassifier,0.20843373493975903,-484,0.18067226890756302,-152,0.55
"('cci', 'cci_4h', 'ema_20_channel')",XGBClassifier,0.28703703703703703,-46,0.20930232558139536,-25,0.6
"('macd_convergence', 'rsi', 'bb_middle_crossing')",XGBClassifier,0.3581081081081081,-42,0.28205128205128205,-17,0.6
"('adx_slope', 'macd_slope_4h', 'williams_limit_4h')",XGBClassifier,0.2902208201892745,-133,0.2647058823529412,-32,0.6
"('macd_convergence', 'rsi', 'macd_max_4h')",XGBClassifier,0.26307922272047835,-317,0.2670157068062827,-89,0.55
"('candle_4h', 'bb_sqeeze_both_direction', 'macd_slope')",XGBClassifier,0.19723739158368134,-1885,0.19843342036553524,-462,0.5
"('rsi', 'bb_sqeeze_both_direction', 'macd_slope')",XGBClassifier,0.18328726344886243,-2979,0.1829787234042553,-745,0.5
"('bb_sqeeze_both_direction_4h', 'rsi_limit_4h', 'candle_4h')",XGBClassifier,0.17885548011639185,-3311,0.1782178217821782,-845,0.5
"('rsi_convergence', 'adx_4h', 'adx_max_4h')",XGBClassifier,0.2627551020408163,-186,0.2764227642276423,-55,0.55
"('macd_zero', 'rsi_limit_4h', 'bb_sqeeze_both_direction')",XGBClassifier,0.21971496437054633,-944,0.21179039301310043,-264,0.55
"('macd_max', 'macd_zero', 'rsi')",XGBClassifier,0.20258272800645682,-1474,0.2039573820395738,-389,0.55
"('macd_max', 'adx_slope', 'williams_limit_4h')",XGBClassifier,0.24169530355097366,-451,0.208955223880597,-117,0.6
"('rsi_limit_4h', 'adx_max_48', 'bb_middle_crossing')",XGBClassifier,0.22735346358792186,-614,0.22033898305084745,-165,0.5
"('cci_4h', 'adx_max_21', 'williams_limit_4h')",XGBClassifier,0.2647058823529412,-32,0.18181818181818182,-14,0.6
"('macd_convergence', 'rsi_convergence', 'candle_4h')",XGBClassifier,0.21894736842105264,-801,0.2375,-210,0.55
"('adx_slope', 'ema_20_channel', 'macd_slope')",XGBClassifier,0.24806201550387597,-130,0.2535211267605634,-35,0.55
"('macd_convergence', 'bb_middle_crossing_4h', 'adx_max_4h')",XGBClassifier,0.27091633466135456,-115,0.34285714285714286,-22,0.6
"('macd', 'bb_middle_crossing', 'macd_slope')",XGBClassifier,0.30578512396694213,-47,0.27586206896551724,-13,0.55
"('adx_slope', 'macd_slope_4h', 'adx_max_4h')",XGBClassifier,0.20335515548281505,-1450,0.2039151712887439,-363,0.55
"('williams_break', 'ema_20_channel', 'rsi_convergence5_40')",XGBClassifier,0.23434991974317818,-331,0.19708029197080293,-83,0.55
"('bb_middle_crossing', 'candle_4h', 'adx')",XGBClassifier,0.18865464029558793,-2865,0.1906779661016949,-730,0.5
"('macd_zero', 'macd_max_4h', 'ema_10_50')",XGBClassifier,0.2061752988047809,-590,0.21694915254237288,-167,0.55
"('macd_max', 'rsi', 'adx_4h')",XGBClassifier,0.17316319409829528,-6557,0.18570287539936103,-1574,0.45
"('macd_max_4h', 'bb_middle_crossing_4h', 'bb_sqeeze_both_direction')",XGBClassifier,0.17320427916454406,-5132,0.18441161487519103,-1239,0.5
"('macd_zero', 'cci_4h', 'rsi_convergence5_40')",XGBClassifier,0.2166172106824926,-382,0.19318181818181818,-108,0.55
"('macd_zero', 'rsi', 'squeeze_momentum')",XGBClassifier,0.23393316195372751,-207,0.2,-63,0.55
"('adx_slope', 'macd_max_4h', 'candle_4h')",XGBClassifier,0.20159283225485317,-1199,0.20809248554913296,-303,0.55
"('macd_convergence', 'adx_4h', 'williams_limit_4h')",XGBClassifier,0.30857142857142855,-67,0.36363636363636365,-12,0.55
"('rsi_convergence', 'ema_20_channel', 'macd_slope_4h')",XGBClassifier,0.2692307692307692,-60,0.2962962962962963,-11,0.6
"('ema_20_channel', 'bb_middle_crossing_4h', 'macd_slope_4h')",XGBClassifier,0.2709677419354839,-71,0.17073170731707318,-27,0.6
"('adx_slope', 'rsi_convergence5_40', 'macd_slope_4h')",XGBClassifier,0.24610591900311526,-163,0.20618556701030927,-57,0.55
"('cci_4h', 'williams_limit_4h', 'adx')",XGBClassifier,0.2,-204,0.14285714285714285,-55,0.55
"('macd_zero', 'squeeze_momentum', 'bb_sqeeze_both_direction')",XGBClassifier,0.18822712276436881,-3591,0.18758526603001363,-916,0.5
"('rsi_limit_4h', 'adx_4h', 'rsi_convergence5_40')",XGBClassifier,0.22202166064981949,-308,0.21686746987951808,-94,0.55
"('macd_convergence', 'macd_max_4h', 'adx_max_21')",XGBClassifier,0.26956521739130435,-53,0.37037037037037035,-7,0.6
"('bb_middle_crossing_4h', 'rsi_convergence5_40', 'bb_sqeeze_both_direction')",XGBClassifier,0.16987253765932792,-5698,0.18233082706766918,-1352,0.5
"('adx_max_48', 'rsi_convergence', 'williams_limit_4h')",XGBClassifier,0.20181219110378912,-724,0.2442528735632184,-178,0.55
"('bb_middle_crossing', 'adx_max_21', 'adx_max_4h')",XGBClassifier,0.3595505617977528,-25,0.3125,-6,0.55
"('bb_sqeeze_both_direction_4h', 'rsi_break_4h', 'rsi')",XGBClassifier,0.1792752701843611,-3027,0.17391304347826086,-795,0.5
"('cci_4h', 'ema_10_50', 'ema_20_channel')",XGBClassifier,0.2717391304347826,-42,0.20833333333333334,-14,0.6
"('rsi_limit_4h', 'macd', 'adx_max_4h')",XGBClassifier,0.2271604938271605,-221,0.2708333333333333,-44,0.55
"('macd_max_4h', 'adx_4h', 'bb_sqeeze_both_direction')",XGBClassifier,0.3333333333333333,-12,0.38461538461538464,-3,0.6
"('bb_middle_crossing', 'ema_20_channel', 'macd_slope_4h')",XGBClassifier,0.24566473988439305,-176,0.17582417582417584,-59,0.6
"('rsi_break_4h', 'macd', 'williams_limit_4h')",XGBClassifier,0.21169354838709678,-858,0.2028985507246377,-205,0.5
"('rsi_convergence5_40', 'bb_sqeeze_both_direction', 'macd_slope')",XGBClassifier,0.20168067226890757,-426,0.16990291262135923,-136,0.55
"('cci', 'rsi_convergence', 'adx_max_21')",XGBClassifier,0.2101851851851852,-626,0.250814332247557,-153,0.55
"('cci_4h', 'squeeze_momentum', 'ema_10_50')",XGBClassifier,0.17524606855979183,-5741,0.17926186291739896,-1460,0.5
"('cci', 'macd', 'adx')",XGBClassifier,0.18234442836468887,-2634,0.17485822306238186,-688,0.5
"('adx_slope', 'squeeze_momentum', 'williams_limit_4h')",XGBClassifier,0.19483052913923432,-2503,0.20430107526881722,-605,0.5
"('bb_sqeeze_both_direction_4h', 'ema_20_channel', 'rsi_convergence5_40')",XGBClassifier,0.2648648648648649,-87,0.17647058823529413,-22,0.55
"('adx_max_48', 'macd', 'williams_break')",XGBClassifier,0.22408536585365854,-724,0.21405750798722045,-179,0.55
"('macd_zero', 'rsi_convergence', 'macd_slope')",XGBClassifier,0.2694300518134715,-89,0.36363636363636365,-15,0.6
"('adx_max_48', 'williams_break', 'macd_slope')",XGBClassifier,0.22743055555555555,-628,0.2127659574468085,-162,0.55
"('macd_convergence', 'adx_max_48', 'macd_slope')",XGBClassifier,0.25276752767527677,-268,0.267515923566879,-73,0.55
"('rsi', 'williams_break', 'bb_sqeeze_both_direction')",XGBClassifier,0.24436090225563908,-272,0.26865671641791045,-62,0.6
"('williams_break', 'candle_4h', 'williams_limit_4h')",XGBClassifier,0.21831955922865015,-818,0.21159420289855072,-199,0.55
"('cci', 'rsi_convergence5_40', 'adx')",XGBClassifier,0.1843079200592154,-1706,0.1797752808988764,-456,0.5
"('rsi_convergence', 'squeeze_momentum', 'candle_4h')",XGBClassifier,0.20686456400742115,-632,0.2555205047318612,-155,0.55
"('cci', 'bb_middle_crossing_4h', 'adx_max_21')",XGBClassifier,0.4166666666666667,-2,0.0,-4,0.55
"('ema_20_channel', 'adx_4h', 'macd_slope')",XGBClassifier,0.259375,-154,0.2,-57,0.6
"('macd_zero', 'rsi_convergence', 'williams_limit_4h')",XGBClassifier,0.21230643846780767,-1412,0.20933977455716588,-361,0.55
"('candle_4h', 'macd_slope', 'williams_limit_4h')",XGBClassifier,0.20992676973148902,-713,0.20655737704918034,-179,0.55
"('bb_sqeeze_both_direction_4h', 'williams_break', 'adx')",XGBClassifier,0.23041894353369763,-592,0.23107569721115537,-135,0.55
"('adx_slope', 'cci', 'williams_limit_4h')",XGBClassifier,0.23315508021390374,-499,0.20930232558139536,-125,0.55
"('adx_max_48', 'adx_4h', 'williams_limit_4h')",XGBClassifier,0.19986675549633579,-901,0.19021739130434784,-228,0.55
"('rsi_break_4h', 'bb_middle_crossing_4h', 'williams_limit_4h')",XGBClassifier,0.18441874619598295,-2074,0.17830423940149626,-516,0.5
"('ema_20_channel', 'adx_4h', 'adx_max_21')",RandomForestClassifier,0.8,6,0.6666666666666666,1,0.45
"('rsi_break_4h', 'ema_10_50', 'macd_slope')",XGBClassifier,0.18295652173913043,-3646,0.1804054054054054,-946,0.5
"('adx_slope', 'rsi_break_4h', 'adx_max_48')",XGBClassifier,0.18786820859698888,-2861,0.19699646643109542,-686,0.5
"('adx_max_21', 'macd_slope_4h', 'adx_max_4h')",XGBClassifier,0.2180232558139535,-194,0.2564102564102564,-38,0.55
"('squeeze_momentum', 'adx_max_21', 'williams_limit_4h')",XGBClassifier,0.23783783783783785,-97,0.13793103448275862,-42,0.55
"('adx_slope', 'cci_4h', 'macd_max_4h')",XGBClassifier,0.20477716283134284,-2027,0.20509849362688296,-509,0.55
"('rsi', 'bb_middle_crossing', 'williams_break')",XGBClassifier,0.23523421588594703,-520,0.2235294117647059,-141,0.55
"('macd_convergence', 'rsi', 'macd_slope_4h')",XGBClassifier,0.23938223938223938,-405,0.25116279069767444,-107,0.55
"('rsi_limit_4h', 'adx_max_21', 'adx_max_4h')",XGBClassifier,0.17378472222222222,-3758,0.17553559087767795,-939,0.5
"('rsi_limit_4h', 'adx_4h', 'adx_max_4h')",XGBClassifier,0.1766162669447341,-4962,0.17857142857142858,-1242,0.5
"('macd', 'rsi_convergence', 'candle_4h')",XGBClassifier,0.2189873417721519,-444,0.25663716814159293,-110,0.55
"('bb_middle_crossing', 'adx_max_21', 'macd_slope')",XGBClassifier,0.25793650793650796,-122,0.2711864406779661,-27,0.6
"('bb_middle_crossing', 'bb_middle_crossing_4h', 'williams_limit_4h')",XGBClassifier,0.2462686567164179,-136,0.22033898305084745,-33,0.6
"('bb_middle_crossing', 'bb_middle_crossing_4h', 'macd_slope_4h')",XGBClassifier,0.24063400576368876,-360,0.1962025316455696,-96,0.6
"('rsi_limit_4h', 'ema_10_50', 'candle_4h')",XGBClassifier,0.18209924254135107,-4113,0.1804556354916067,-1066,0.5
"('macd_zero', 'adx_max_21', 'williams_limit_4h')",XGBClassifier,0.2727272727272727,-60,0.175,-26,0.6
"('cci', 'adx_max_21', 'macd_slope_4h')",XGBClassifier,0.1702487321902922,-5462,0.17758369723435224,-1329,0.5
"('macd_convergence', 'rsi_convergence', 'macd_max_4h')",XGBClassifier,0.21418439716312057,-806,0.2379746835443038,-207,0.55
"('adx_slope', 'rsi_convergence', 'rsi_convergence5_40')",XGBClassifier,0.23917525773195877,-253,0.3233082706766917,-47,0.55
"('rsi_break_4h', 'ema_10_50', 'adx')",XGBClassifier,0.20982142857142858,-130,0.20634920634920634,-37,0.55
"('candle_4h', 'rsi_convergence5_40', 'macd_slope_4h')",XGBClassifier,0.20987654320987653,-329,0.15555555555555556,-124,0.55
"('macd_max', 'cci', 'rsi_convergence')",XGBClassifier,0.17316319409829528,-6557,0.18570287539936103,-1574,0.5
"('macd_zero', 'rsi_break_4h', 'macd_slope_4h')",XGBClassifier,0.1798361688720857,-5081,0.1834232466895537,-1291,0.5
"('bb_middle_crossing', 'macd_max_4h', 'candle_4h')",XGBClassifier,0.2591093117408907,-119,0.21153846153846154,-30,0.6
"('macd_convergence', 'rsi_limit_4h', 'williams_break')",XGBClassifier,0.2985781990521327,-85,0.3142857142857143,-26,0.6
"('macd_convergence', 'bb_middle_crossing', 'macd_slope')",XGBClassifier,0.30656934306569344,-106,0.3142857142857143,-26,0.6
"('rsi', 'ema_20_channel', 'bb_sqeeze_both_direction')",XGBClassifier,0.24217462932454695,-313,0.17088607594936708,-104,0.55
"('macd_convergence', 'ema_10_50', 'rsi_convergence5_40')",XGBClassifier,0.2736842105263158,-43,0.4,-5,0.55
"('adx_max_21', 'adx_max_4h', 'macd_slope')",XGBClassifier,0.21524663677130046,-127,0.28,-22,0.55
"('williams_break', 'adx_4h', 'candle_4h')",XGBClassifier,0.2510822510822511,-230,0.21014492753623187,-80,0.6
"('macd', 'bb_middle_crossing_4h', 'adx_max_4h')",XGBClassifier,0.5,0,0.5,0,0.6
"('adx_slope', 'rsi_break_4h', 'squeeze_momentum')",XGBClassifier,0.1964699074074074,-2098,0.2133938706015891,-505,0.55
"('macd_max', 'macd_max_4h', 'rsi_convergence5_40')",XGBClassifier,0.17316319409829528,-6557,0.18570287539936103,-1574,0.45
"('macd_max_4h', 'ema_20_channel', 'adx_max_4h')",XGBClassifier,0.2727272727272727,-40,0.3333333333333333,-5,0.55
"('cci_4h', 'ema_20_channel', 'adx_max_4h')",XGBClassifier,0.19498464687819858,-1192,0.1875,-300,0.5
"('adx_slope', 'macd_convergence', 'rsi_limit_4h')",XGBClassifier,0.3333333333333333,-84,0.3108108108108108,-28,0.55
"('rsi_convergence', 'ema_10_50', 'adx')",XGBClassifier,0.18041571938941214,-3936,0.1846932321315623,-997,0.5
"('adx_max_48', 'candle_4h', 'macd_slope')",XGBClassifier,0.2002063983488132,-581,0.2054794520547945,-129,0.55
"('bb_middle_crossing', 'adx_4h', 'macd_slope_4h')",XGBClassifier,0.2483108108108108,-298,0.22794117647058823,-74,0.6
"('squeeze_momentum', 'adx_max_21', 'adx')",XGBClassifier,0.4444444444444444,-1,0.0,-3,0.55
"('adx_max_48', 'williams_break', 'williams_limit_4h')",XGBClassifier,0.23461538461538461,-414,0.211340206185567,-112,0.6
"('macd_convergence', 'candle_4h', 'adx_max_21')",XGBClassifier,0.24525316455696203,-322,0.2768361581920904,-79,0.55
"('macd', 'adx_max_21', 'adx')",XGBClassifier,0.25,-8,0.16666666666666666,-4,0.55
"('adx_max_48', 'ema_20_channel', 'bb_middle_crossing_4h')",XGBClassifier,0.2777777777777778,-64,0.15384615384615385,-27,0.6
"('cci_4h', 'ema_20_channel', 'adx_max_21')",XGBClassifier,0.28125,-42,0.2857142857142857,-9,0.55
"('ema_10_50', 'adx_4h', 'adx_max_4h')",XGBClassifier,0.24074074074074073,-28,0.5,0,0.55
"('cci_4h', 'rsi_convergence', 'williams_limit_4h')",XGBClassifier,0.20838052095130238,-515,0.25390625,-126,0.55
"('rsi', 'macd_max_4h', 'adx_max_4h')",XGBClassifier,0.2427536231884058,-142,0.2597402597402597,-37,0.55
"('macd_convergence', 'macd', 'bb_middle_crossing')",XGBClassifier,0.3352941176470588,-56,0.3469387755102041,-15,0.6
"('rsi', 'squeeze_momentum', 'rsi_convergence5_40')",XGBClassifier,0.17963199125523774,-3517,0.18264520643806859,-907,0.5
"('adx_slope', 'rsi', 'adx')",XGBClassifier,0.2517985611510791,-207,0.26126126126126126,-53,0.55
"('macd_max', 'bb_sqeeze_both_direction_4h', 'rsi_convergence')",XGBClassifier,0.20732797140303844,-655,0.25696594427244585,-157,0.55
"('macd_max', 'rsi_convergence', 'adx')",XGBClassifier,0.22198275862068967,-258,0.2357142857142857,-74,0.55
"('rsi', 'rsi_convergence5_40', 'macd_slope_4h')",XGBClassifier,0.20223152022315202,-427,0.26,-72,0.55
"('cci', 'rsi', 'adx_max_21')",XGBClassifier,0.2857142857142857,-12,0.14285714285714285,-5,0.55
"('williams_break', 'bb_sqeeze_both_direction', 'macd_slope_4h')",XGBClassifier,0.21831955922865015,-818,0.21159420289855072,-199,0.55
"('cci', 'cci_4h', 'rsi_limit_4h')",XGBClassifier,0.18395196506550218,-2316,0.18867924528301888,-594,0.5
"('macd_max', 'bb_middle_crossing', 'adx_max_21')",XGBClassifier,0.2556390977443609,-65,0.20588235294117646,-20,0.6
"('adx_slope', 'ema_20_channel', 'candle_4h')",XGBClassifier,0.24806201550387597,-130,0.2535211267605634,-35,0.6
"('rsi_convergence5_40', 'macd_slope', 'adx')",XGBClassifier,0.18633895398685338,-2195,0.17713004484304934,-576,0.5
"('candle_4h', 'williams_limit_4h', 'adx')",XGBClassifier,0.178871314196446,-3289,0.1826771653543307,-806,0.5
"('ema_20_channel', 'adx_4h', 'candle_4h')",XGBClassifier,0.2506811989100817,-183,0.18446601941747573,-65,0.55
"('cci', 'williams_break', 'ema_20_channel')",XGBClassifier,0.25882352941176473,-164,0.21153846153846154,-60,0.6
"('rsi_limit_4h', 'ema_10_50', 'macd_slope')",XGBClassifier,0.18109982260925658,-3955,0.17643352236925017,-1027,0.5
"('rsi', 'ema_20_channel', 'adx_max_4h')",XGBClassifier,0.24217462932454695,-313,0.17088607594936708,-104,0.6
"('bb_middle_crossing_4h', 'adx_max_21', 'adx_max_4h')",XGBClassifier,0.5,0,0.5,0,0.6
"('macd_max', 'rsi_limit_4h', 'candle_4h')",XGBClassifier,0.17830275834763099,-4875,0.18585005279831046,-1190,0.5
"('macd_max', 'rsi_break_4h', 'rsi')",XGBClassifier,0.17418508426682813,-6457,0.18707070707070708,-1549,0.45
"('bb_sqeeze_both_direction_4h', 'ema_20_channel', 'adx_max_4h')",XGBClassifier,0.19484240687679083,-1278,0.19298245614035087,-315,0.5
"('ema_10_50', 'adx_4h', 'rsi_convergence5_40')",XGBClassifier,0.23501199040767387,-221,0.18181818181818182,-77,0.55
"('ema_10_50', 'candle_4h', 'macd_slope_4h')",XGBClassifier,0.1790960451977401,-4544,0.1837513631406761,-1160,0.5
"('cci_4h', 'macd', 'adx_max_4h')",XGBClassifier,0.23759791122715404,-201,0.25882352941176473,-41,0.6
"('macd_max', 'ema_10_50', 'ema_20_channel')",XGBClassifier,0.25190839694656486,-65,0.16129032258064516,-21,0.55
"('rsi_convergence', 'ema_10_50', 'williams_break')",XGBClassifier,0.30718954248366015,-59,0.358974358974359,-11,0.6
"('macd', 'macd_max_4h', 'ema_10_50')",XGBClassifier,0.21806167400881057,-256,0.2,-69,0.55
"('bb_sqeeze_both_direction_4h', 'ema_10_50', 'williams_limit_4h')",XGBClassifier,0.20783847980997625,-984,0.18840579710144928,-258,0.55
"('rsi_convergence', 'ema_10_50', 'williams_limit_4h')",XGBClassifier,0.20251872021783526,-1748,0.19920844327176782,-456,0.55
"('macd_max_4h', 'ema_20_channel', 'williams_limit_4h')",XGBClassifier,0.4666666666666667,-1,0.3333333333333333,-1,0.6
"('macd_max', 'macd', 'macd_max_4h')",XGBClassifier,0.18237630913687253,-3518,0.1851032448377581,-854,0.5
"('rsi_break_4h', 'adx_max_21', 'macd_slope_4h')",XGBClassifier,0.30303030303030304,-13,0.125,-6,0.55
"('macd_zero', 'cci', 'bb_sqeeze_both_direction_4h')",XGBClassifier,0.3333333333333333,-18,0.17647058823529413,-11,0.6
"('macd_max', 'rsi_limit_4h', 'williams_break')",XGBClassifier,0.18570333461096206,-3280,0.18091603053435115,-836,0.5
"('rsi', 'rsi_convergence5_40', 'bb_sqeeze_both_direction')",XGBClassifier,0.21782178217821782,-285,0.16993464052287582,-101,0.55
"('macd_max', 'candle_4h', 'macd_slope_4h')",XGBClassifier,0.17316319409829528,-6557,0.18570287539936103,-1574,0.5
"('adx_4h', 'bb_middle_crossing_4h', 'rsi_convergence5_40')",XGBClassifier,0.22874493927125505,-268,0.2589928057553957,-67,0.55
"('macd_max', 'rsi_break_4h', 'adx_4h')",XGBClassifier,0.17425025853154086,-6300,0.18664454583160514,-1511,0.5
"('macd_zero', 'williams_break', 'macd_slope_4h')",XGBClassifier,0.22844827586206898,-630,0.23049645390070922,-152,0.55
"('macd_zero', 'macd_slope', 'adx')",XGBClassifier,0.18445147328117198,-3791,0.18665811417575368,-977,0.5
"('bb_middle_crossing', 'adx_max_4h', 'macd_slope')",RandomForestClassifier,0.5714285714285714,1,0.0,-2,0.45
"('macd_max_4h', 'bb_sqeeze_both_direction', 'macd_slope')",XGBClassifier,0.28431372549019607,-44,0.3333333333333333,-10,0.55
"('cci', 'bb_middle_crossing', 'macd_max_4h')",XGBClassifier,0.27483443708609273,-136,0.24050632911392406,-41,0.6
"('rsi', 'adx_max_48', 'bb_sqeeze_both_direction')",XGBClassifier,0.20833333333333334,-182,0.26881720430107525,-43,0.55
"('cci', 'squeeze_momentum', 'ema_20_channel')",XGBClassifier,0.2727272727272727,-65,0.19230769230769232,-32,0.55
"('rsi_convergence', 'squeeze_momentum', 'rsi_convergence5_40')",XGBClassifier,0.22636103151862463,-191,0.275,-54,0.55
"('rsi_break_4h', 'bb_middle_crossing', 'rsi_convergence5_40')",XGBClassifier,0.2653061224489796,-69,0.20588235294117646,-20,0.6
"('rsi', 'rsi_convergence', 'macd_max_4h')",XGBClassifier,0.20933333333333334,-436,0.24882629107981222,-107,0.55
"('rsi', 'macd', 'bb_sqeeze_both_direction')",XGBClassifier,0.2181162685894547,-1251,0.21440536013400335,-341,0.55
"('macd_zero', 'rsi_break_4h', 'squeeze_momentum')",XGBClassifier,0.1790047041346868,-5186,0.18194980694980695,-1318,0.5
"('macd_max', 'cci', 'rsi')",XGBClassifier,0.17808823529411766,-4378,0.19509345794392524,-1044,0.5
"('ema_20_channel', 'bb_middle_crossing_4h', 'williams_limit_4h')",XGBClassifier,0.2709677419354839,-71,0.17073170731707318,-27,0.55
"('macd_convergence', 'bb_sqeeze_both_direction_4h', 'rsi_limit_4h')",XGBClassifier,0.30612244897959184,-57,0.3235294117647059,-12,0.6
"('bb_sqeeze_both_direction_4h', 'rsi_convergence5_40', 'williams_limit_4h')",XGBClassifier,0.18852185518852185,-1867,0.18716577540106952,-468,0.5
"('macd_convergence', 'rsi_limit_4h', 'bb_sqeeze_both_direction')",XGBClassifier,0.27788649706457924,-227,0.2645161290322581,-73,0.55
"('macd', 'ema_10_50', 'adx_max_4h')",XGBClassifier,0.3333333333333333,-6,0.5,0,0.55
"('ema_10_50', 'macd_slope_4h', 'williams_limit_4h')",XGBClassifier,0.21730580137659783,-575,0.1752136752136752,-152,0.55
"('cci_4h', 'rsi_convergence5_40', 'adx_max_21')",XGBClassifier,0.1696261166868865,-5991,0.17974572555896537,-1461,0.5
"('candle_4h', 'bb_middle_crossing_4h', 'adx_max_4h')",XGBClassifier,0.5,0,0.5,0,0.6
"('cci', 'rsi_limit_4h', 'rsi_convergence')",XGBClassifier,0.22060957910014514,-385,0.24528301886792453,-108,0.55
"('bb_sqeeze_both_direction_4h', 'rsi_break_4h', 'adx_4h')",XGBClassifier,0.19602795145274,-1653,0.2029769959404601,-439,0.5
"('rsi', 'adx_max_48', 'bb_middle_crossing_4h')",XGBClassifier,0.16876342436330163,-4318,0.17040630685263797,-1087,0.5
"('macd_max', 'adx_max_4h', 'macd_slope')",XGBClassifier,0.2116788321167883,-237,0.2717391304347826,-42,0.55
"('rsi_convergence', 'bb_sqeeze_both_direction', 'macd_slope_4h')",XGBClassifier,0.24924924924924924,-167,0.26851851851851855,-50,0.6
"('macd', 'candle_4h', 'macd_slope_4h')",XGBClassifier,0.20985915492957746,-412,0.2,-108,0.55
"('bb_sqeeze_both_direction_4h', 'candle_4h', 'macd_slope')",XGBClassifier,0.19481321395492435,-1977,0.18523002421307505,-520,0.5
"('rsi_convergence', 'williams_break', 'rsi_convergence5_40')",XGBClassifier,0.30718954248366015,-59,0.358974358974359,-11,0.6
"('macd_max_4h', 'adx_4h', 'williams_limit_4h')",XGBClassifier,0.2116788321167883,-158,0.26153846153846155,-31,0.55
"('cci_4h', 'macd_max_4h', 'bb_sqeeze_both_direction')",XGBClassifier,0.25595238095238093,-82,0.2777777777777778,-24,0.55
"('adx_slope', 'rsi_break_4h', 'adx_4h')",XGBClassifier,0.2255813953488372,-708,0.24213836477987422,-164,0.55
"('macd_zero', 'adx_max_21', 'adx')",XGBClassifier,0.1787606258469878,-5215,0.18155619596541786,-1326,0.45
"('macd_zero', 'ema_10_50', 'candle_4h')",XGBClassifier,0.17892914554222827,-5193,0.18146718146718147,-1320,0.5
"('cci_4h', 'rsi_limit_4h', 'adx_max_48')",XGBClassifier,0.188099173553719,-1887,0.17060367454068243,-502,0.5
"('cci', 'rsi_break_4h', 'macd_slope_4h')",XGBClassifier,0.17414335374937925,-3937,0.17553191489361702,-976,0.5
"('rsi_limit_4h', 'ema_20_channel', 'williams_limit_4h')",XGBClassifier,0.17965587044534412,-2532,0.1796218487394958,-610,0.5
"('adx_slope', 'williams_break', 'ema_20_channel')",XGBClassifier,0.19066830380634978,-3527,0.19828815977175462,-846,0.5
"('bb_middle_crossing', 'ema_10_50', 'ema_20_channel')",XGBClassifier,0.25901639344262295,-294,0.23780487804878048,-86,0.6
"('ema_20_channel', 'bb_middle_crossing_4h', 'adx_max_4h')",XGBClassifier,0.2709677419354839,-71,0.17073170731707318,-27,0.55
"('macd_zero', 'adx_max_48', 'adx_max_4h')",XGBClassifier,0.26136363636363635,-84,0.2,-30,0.6
"('rsi_convergence', 'ema_20_channel', 'bb_middle_crossing_4h')",XGBClassifier,0.2704626334519573,-129,0.23076923076923078,-35,0.6
"('adx_slope', 'bb_sqeeze_both_direction', 'williams_limit_4h')",XGBClassifier,0.2449255751014885,-377,0.23214285714285715,-90,0.55
"('rsi_break_4h', 'adx_max_48', 'macd_max_4h')",XGBClassifier,0.16530638683767326,-5167,0.1816326530612245,-1248,0.5
"('rsi_convergence', 'macd_max_4h', 'macd_slope_4h')",XGBClassifier,0.22968197879858657,-306,0.23333333333333334,-80,0.55
"('adx_slope', 'macd_convergence', 'bb_sqeeze_both_direction')",XGBClassifier,0.19361840677230302,-2823,0.20051858254105445,-693,0.5
"('bb_sqeeze_both_direction_4h', 'bb_middle_crossing_4h', 'williams_limit_4h')",XGBClassifier,0.23863636363636365,-92,0.14583333333333334,-34,0.55
"('rsi_limit_4h', 'macd', 'adx_4h')",XGBClassifier,0.21379310344827587,-415,0.22009569377990432,-117,0.55
"('ema_10_50', 'adx_max_21', 'adx_max_4h')",XGBClassifier,0.1984924623115578,-480,0.20725388601036268,-113,0.55
"('macd_convergence', 'rsi', 'bb_sqeeze_both_direction')",XGBClassifier,0.2591304347826087,-277,0.27388535031847133,-71,0.55
"('adx_slope', 'cci', 'bb_middle_crossing')",XGBClassifier,0.3185483870967742,-90,0.3333333333333333,-25,0.6
"('macd_max', 'williams_break', 'adx_max_4h')",XGBClassifier,0.2809917355371901,-53,0.42857142857142855,-3,0.55
"('bb_sqeeze_both_direction', 'adx_max_21', 'adx_max_4h')",XGBClassifier,0.2692307692307692,-24,0.1875,-10,0.55
"('macd_convergence', 'rsi_limit_4h', 'ema_10_50')",XGBClassifier,0.2789473684210526,-84,0.3333333333333333,-18,0.6
"('bb_sqeeze_both_direction_4h', 'macd', 'bb_sqeeze_both_direction')",XGBClassifier,0.18496012153437144,-3318,0.17886178861788618,-869,0.5
"('adx_slope', 'rsi_convergence5_40', 'williams_limit_4h')",XGBClassifier,0.2947976878612717,-71,0.2857142857142857,-15,0.6
"('rsi_limit_4h', 'rsi_break_4h', 'adx_4h')",XGBClassifier,0.17677224736048266,-4286,0.1793020457280385,-1066,0.5
"('williams_break', 'rsi_convergence5_40', 'bb_sqeeze_both_direction')",XGBClassifier,0.23734177215189872,-498,0.22784810126582278,-129,0.55
"('bb_sqeeze_both_direction_4h', 'macd_slope_4h', 'adx')",XGBClassifier,0.17990130103185284,-2854,0.18271827182718273,-705,0.5
"('macd_convergence', 'adx_max_48', 'williams_break')",XGBClassifier,0.3333333333333333,-52,0.3269230769230769,-18,0.6
"('rsi_limit_4h', 'bb_sqeeze_both_direction', 'macd_slope')",XGBClassifier,0.18303843807199513,-3117,0.1796747967479675,-788,0.5
"('macd_zero', 'cci', 'rsi_convergence5_40')",XGBClassifier,0.23275862068965517,-248,0.2127659574468085,-81,0.6
"('candle_4h', 'macd_slope', 'adx')",XGBClassifier,0.17875110979579759,-4342,0.1796785304247991,-1116,0.5
"('adx_slope', 'bb_middle_crossing', 'adx_max_4h')",XGBClassifier,0.3176470588235294,-93,0.32727272727272727,-19,0.6
"('squeeze_momentum', 'rsi_convergence5_40', 'adx')",XGBClassifier,0.17168251988149072,-4211,0.17404865876481598,-1045,0.5
"('ema_10_50', 'ema_20_channel', 'bb_sqeeze_both_direction')",XGBClassifier,0.25190839694656486,-65,0.16129032258064516,-21,0.55
"('adx_slope', 'cci', 'adx_max_21')",XGBClassifier,0.2112676056338028,-41,0.25,-6,0.55
"('bb_sqeeze_both_direction_4h', 'candle_4h', 'macd_slope_4h')",XGBClassifier,0.18082936777702244,-2817,0.18238993710691823,-707,0.5
"('macd', 'bb_middle_crossing', 'adx_max_21')",XGBClassifier,0.2537313432835821,-66,0.20588235294117646,-20,0.6
"('macd_zero', 'adx_max_48', 'macd_slope')",XGBClassifier,0.20180995475113123,-659,0.1970260223048327,-163,0.55
"('rsi', 'macd_max_4h', 'macd_slope')",XGBClassifier,0.17760106030483763,-3892,0.17922077922077922,-988,0.5
"('macd_max', 'ema_10_50', 'adx_max_21')",XGBClassifier,0.18117383735389206,-5128,0.18813806514341275,-1283,0.5
"('bb_middle_crossing_4h', 'adx_max_21', 'williams_limit_4h')",XGBClassifier,0.3333333333333333,-7,0.14285714285714285,-5,0.6
"('rsi_break_4h', 'adx_max_48', 'ema_20_channel')",XGBClassifier,0.2595419847328244,-63,0.1794871794871795,-25,0.55
"('cci', 'adx_max_48', 'macd_slope')",XGBClassifier,0.22962962962962963,-73,0.14285714285714285,-30,0.55
"('adx_slope', 'macd_convergence', 'bb_middle_crossing')",XGBClassifier,0.3352941176470588,-56,0.3469387755102041,-15,0.6
"('squeeze_momentum', 'ema_20_channel', 'macd_slope_4h')",XGBClassifier,0.2522255192878338,-167,0.22093023255813954,-48,0.6
"('rsi_limit_4h', 'ema_20_channel', 'bb_sqeeze_both_direction')",XGBClassifier,0.22295081967213115,-338,0.14864864864864866,-104,0.55
"('squeeze_momentum', 'macd_max_4h', 'ema_10_50')",XGBClassifier,0.17431706224809673,-5818,0.1792411687745312,-1471,0.5
"('ema_10_50', 'macd_slope_4h', 'adx')",XGBClassifier,0.17431706224809673,-5818,0.1792411687745312,-1471,0.45
"('rsi_limit_4h', 'bb_sqeeze_both_direction', 'adx_max_21')",XGBClassifier,0.24096385542168675,-86,0.31746031746031744,-23,0.55
"('macd_zero', 'ema_20_channel', 'candle_4h')",XGBClassifier,0.2153846153846154,-444,0.18461538461538463,-123,0.55
"('macd_max', 'squeeze_momentum', 'adx_max_21')",XGBClassifier,0.22950819672131148,-99,0.11627906976744186,-33,0.55
"('bb_sqeeze_both_direction_4h', 'candle_4h', 'bb_sqeeze_both_direction')",XGBClassifier,0.1803846153846154,-3324,0.18697956093868282,-827,0.5
"('cci_4h', 'ema_20_channel', 'bb_sqeeze_both_direction')",XGBClassifier,0.2692307692307692,-12,0.0,-7,0.55
"('cci', 'adx_max_4h', 'adx')",XGBClassifier,0.19393139841688653,-928,0.20595533498759305,-237,0.5
"('macd_max', 'adx_max_4h', 'adx')",XGBClassifier,0.20424403183023873,-446,0.24855491329479767,-87,0.55
"('macd_convergence', 'bb_middle_crossing', 'macd_max_4h')",XGBClassifier,0.31417624521072796,-97,0.3287671232876712,-25,0.6
"('macd', 'adx_4h', 'bb_middle_crossing_4h')",XGBClassifier,0.17479826194909995,-5239,0.17932386085252328,-1309,0.5
"('macd_zero', 'macd', 'bb_middle_crossing')",XGBClassifier,0.24319419237749546,-283,0.24074074074074073,-84,0.6
"('macd', 'adx_max_4h', 'macd_slope')",XGBClassifier,0.187157081893924,-3079,0.1814516129032258,-790,0.5
"('rsi', 'williams_break', 'macd_slope_4h')",XGBClassifier,0.21831955922865015,-818,0.21159420289855072,-199,0.55
"('williams_break', 'adx_max_4h', 'macd_slope')",XGBClassifier,0.2750809061488673,-139,0.3,-24,0.55
"('ema_20_channel', 'macd_slope_4h', 'williams_limit_4h')",XGBClassifier,0.21458333333333332,-822,0.1697530864197531,-214,0.55
"('macd_max', 'macd_zero', 'cci_4h')",XGBClassifier,0.21818181818181817,-372,0.19767441860465115,-104,0.55
"('macd_max', 'cci_4h', 'macd_max_4h')",XGBClassifier,0.2158273381294964,-395,0.26344086021505375,-88,0.55
"('rsi_convergence', 'adx_4h', 'rsi_convergence5_40')",XGBClassifier,0.375,-28,0.40540540540540543,-7,0.6
"('rsi_limit_4h', 'adx_max_21', 'macd_slope_4h')",XGBClassifier,0.18675782655631523,-1741,0.16923076923076924,-473,0.5
"('macd_zero', 'rsi_limit_4h', 'rsi_break_4h')",XGBClassifier,0.179686487887032,-4945,0.18435754189944134,-1243,0.5
"('macd_zero', 'adx_max_21', 'macd_slope')",XGBClassifier,0.21571648690292758,-369,0.20212765957446807,-112,0.55
"('adx_slope', 'rsi_convergence5_40', 'adx_max_4h')",XGBClassifier,0.1898530299979867,-3081,0.1968954248366013,-742,0.5
"('rsi', 'ema_20_channel', 'macd_slope_4h')",XGBClassifier,0.2570093457943925,-208,0.16101694915254236,-80,0.6
"('bb_middle_crossing', 'williams_break', 'bb_sqeeze_both_direction')",XGBClassifier,0.2433234421364985,-346,0.22093023255813954,-96,0.55
"('williams_break', 'adx_max_21', 'adx')",XGBClassifier,0.21831955922865015,-818,0.21159420289855072,-199,0.55
"('cci_4h', 'adx_max_4h', 'adx')",XGBClassifier,0.19812583668005354,-451,0.21195652173913043,-106,0.55
"('cci_4h', 'rsi', 'candle_4h')",XGBClassifier,0.17440401505646172,-5190,0.18284869393790043,-1287,0.5
"('macd_convergence', 'williams_break', 'bb_sqeeze_both_direction')",XGBClassifier,0.32894736842105265,-52,0.34,-16,0.6
"('cci', 'bb_sqeeze_both_direction_4h', 'rsi')",XGBClassifier,0.21711899791231734,-271,0.1885245901639344,-76,0.55
"('rsi', 'macd', 'squeeze_momentum')",XGBClassifier,0.3953488372093023,-9,0.375,-2,0.6
"('adx_slope', 'macd_convergence', 'rsi_break_4h')",RandomForestClassifier,0.5172413793103449,1,0.2857142857142857,-3,0.45
"('bb_middle_crossing', 'ema_10_50', 'williams_break')",XGBClassifier,0.2711864406779661,-216,0.23134328358208955,-72,0.55
"('macd_max', 'adx_slope', 'macd_slope_4h')",XGBClassifier,0.21823056300268096,-1051,0.22077922077922077,-258,0.55
"('adx_slope', 'cci', 'adx')",XGBClassifier,0.26180257510729615,-111,0.25396825396825395,-31,0.6
"('bb_sqeeze_both_direction_4h', 'adx_max_48', 'bb_middle_crossing')",XGBClassifier,0.22735346358792186,-614,0.22033898305084745,-165,0.5
"('williams_break', 'bb_middle_crossing_4h', 'adx_max_21')",RandomForestClassifier,0.5454545454545454,1,0.0,-1,0.45
"('cci_4h', 'rsi_limit_4h', 'macd_max_4h')",XGBClassifier,0.18303458722544813,-2511,0.18190567853705486,-661,0.5
"('macd_max', 'adx_slope', 'macd')",XGBClassifier,0.22281167108753316,-1045,0.21184510250569477,-253,0.55
"('cci_4h', 'bb_sqeeze_both_direction_4h', 'candle_4h')",XGBClassifier,0.17470191809227578,-5020,0.18261316872427982,-1234,0.5
"('bb_middle_crossing', 'adx_4h', 'bb_sqeeze_both_direction')",XGBClassifier,0.24489795918367346,-300,0.26282051282051283,-74,0.6
"('macd', 'bb_sqeeze_both_direction', 'adx')",XGBClassifier,0.18141737426518614,-3902,0.19210866752910738,-952,0.5
"('adx_max_48', 'macd', 'adx')",XGBClassifier,0.17995508141493544,-2280,0.16798196166854565,-589,0.5
"('bb_sqeeze_both_direction_4h', 'adx_4h', 'macd_slope')",XGBClassifier,0.2022029897718332,-757,0.19939577039274925,-199,0.55
"('cci_4h', 'williams_break', 'bb_sqeeze_both_direction')",XGBClassifier,0.24410540915395285,-369,0.24864864864864866,-93,0.6
"('rsi_convergence', 'adx_max_21', 'macd_slope')",XGBClassifier,0.21834992887624466,-792,0.20253164556962025,-235,0.55
"('macd_max', 'bb_middle_crossing', 'adx')",XGBClassifier,0.22727272727272727,-612,0.22033898305084745,-165,0.55
"('macd_convergence', 'macd_max_4h', 'candle_4h')",XGBClassifier,0.24489795918367346,-325,0.2620320855614973,-89,0.6
"('macd', 'bb_middle_crossing', 'candle_4h')",XGBClassifier,0.24522760646108663,-347,0.23809523809523808,-99,0.6
"('adx_max_48', 'candle_4h', 'bb_sqeeze_both_direction')",XGBClassifier,0.1847922192749779,-2852,0.19165927240461403,-695,0.5
"('macd_zero', 'bb_middle_crossing_4h', 'adx_max_4h')",RandomForestClassifier,1.0,2,0.0,0,0.45
"('bb_middle_crossing', 'adx_4h', 'candle_4h')",XGBClassifier,0.24796747967479674,-248,0.2,-87,0.6
"('macd_max_4h', 'macd_slope_4h', 'macd_slope')",XGBClassifier,0.1769635228393033,-3932,0.18027433050293926,-979,0.5
"('williams_break', 'rsi_convergence5_40', 'macd_slope')",XGBClassifier,0.40476190476190477,-8,0.3333333333333333,-4,0.6
"('rsi', 'bb_middle_crossing', 'macd_slope')",XGBClassifier,0.2923076923076923,-54,0.2903225806451613,-13,0.6
"('macd_zero', 'adx_slope', 'cci')",XGBClassifier,0.2935323383084577,-83,0.2727272727272727,-25,0.6
"('rsi_limit_4h', 'bb_sqeeze_both_direction', 'adx_max_4h')",XGBClassifier,0.26582278481012656,-37,0.27586206896551724,-13,0.55
"('williams_break', 'macd_slope', 'adx')",XGBClassifier,0.26222222222222225,-107,0.2708333333333333,-22,0.55
"('rsi', 'rsi_convergence', 'ema_20_channel')",XGBClassifier,0.3384615384615385,-21,0.3333333333333333,-6,0.6
"('adx_slope', 'bb_sqeeze_both_direction_4h', 'macd_slope_4h')",XGBClassifier,0.20512820512820512,-1127,0.2024793388429752,-288,0.55
"('ema_20_channel', 'adx_4h', 'bb_sqeeze_both_direction')",XGBClassifier,0.2144212523719165,-301,0.1836734693877551,-93,0.55
"('macd_zero', 'adx_slope', 'adx_max_4h')",XGBClassifier,0.2130479102956167,-1689,0.2098092643051771,-426,0.55
"('cci', 'macd', 'rsi_convergence')",XGBClassifier,0.3333333333333333,-14,0.3125,-6,0.6
"('macd_max_4h', 'rsi_convergence5_40', 'macd_slope')",XGBClassifier,0.19978517722878625,-559,0.17100371747211895,-177,0.55
"('rsi_break_4h', 'rsi_convergence', 'ema_10_50')",XGBClassifier,0.34782608695652173,-14,0.25,-6,0.55
"('rsi_break_4h', 'squeeze_momentum', 'adx_4h')",XGBClassifier,0.18240584598088813,-2260,0.1891304347826087,-572,0.5
"('cci_4h', 'rsi', 'ema_10_50')",XGBClassifier,0.17431706224809673,-5818,0.1792411687745312,-1471,0.5
"('macd_max_4h', 'bb_sqeeze_both_direction', 'williams_limit_4h')",XGBClassifier,0.325,-14,0.14285714285714285,-5,0.6
"('rsi_break_4h', 'rsi_convergence', 'macd_slope_4h')",XGBClassifier,0.34782608695652173,-14,0.25,-6,0.6
"('macd_convergence', 'williams_break', 'adx')",XGBClassifier,0.2985781990521327,-85,0.3142857142857143,-26,0.6
"('adx_slope', 'williams_break', 'bb_sqeeze_both_direction')",XGBClassifier,0.29098360655737704,-102,0.25862068965517243,-28,0.55
"('rsi', 'adx_max_48', 'adx_max_4h')",XGBClassifier,0.22857142857142856,-114,0.22413793103448276,-32,0.55
"('rsi_convergence', 'williams_break', 'bb_sqeeze_both_direction')",XGBClassifier,0.30718954248366015,-59,0.358974358974359,-11,0.6
"('cci', 'cci_4h', 'bb_middle_crossing')",XGBClassifier,0.3175355450236967,-77,0.18032786885245902,-39,0.55
"('macd_zero', 'bb_middle_crossing', 'macd_max_4h')",XGBClassifier,0.30927835051546393,-37,0.2692307692307692,-12,0.55
"('candle_4h', 'bb_middle_crossing_4h', 'adx')",XGBClassifier,0.17561361836896278,-4097,0.18216080402010051,-1012,0.5
"('rsi_limit_4h', 'bb_middle_crossing', 'candle_4h')",XGBClassifier,0.3026315789473684,-30,0.21428571428571427,-8,0.6
"('macd_max', 'macd_zero', 'macd')",XGBClassifier,0.18534541030147356,-4655,0.18878900052882072,-1177,0.5
"('rsi', 'macd', 'adx')",XGBClassifier,0.22245108135942326,-539,0.2084942084942085,-151,0.55
"('macd_convergence', 'rsi_convergence', 'macd_slope_4h')",XGBClassifier,0.24550898203592814,-85,0.24528301886792453,-27,0.6
"('rsi_limit_4h', 'rsi', 'rsi_convergence5_40')",XGBClassifier,0.17185782337852692,-3582,0.16956521739130434,-912,0.5
"('cci', 'bb_sqeeze_both_direction', 'adx')",XGBClassifier,0.1724698235840297,-5644,0.18082191780821918,-1398,0.5
"('rsi_limit_4h', 'candle_4h', 'adx')",XGBClassifier,0.17751745888713674,-2863,0.1782178217821782,-715,0.5
"('rsi_break_4h', 'adx_max_48', 'macd_slope')",XGBClassifier,0.17787554996857322,-4100,0.1718362282878412,-1058,0.5
"('adx_slope', 'rsi_convergence', 'adx')",XGBClassifier,0.3177570093457944,-39,0.3103448275862069,-11,0.6
"('adx_max_48', 'candle_4h', 'bb_middle_crossing_4h')",XGBClassifier,0.25925925925925924,-13,0.3333333333333333,-2,0.55
"('macd', 'candle_4h', 'adx_max_4h')",XGBClassifier,0.21581196581196582,-266,0.25,-52,0.55
"('macd_convergence', 'adx_max_48', 'ema_10_50')",XGBClassifier,0.2831050228310502,-95,0.38596491228070173,-13,0.6
"('bb_sqeeze_both_direction_4h', 'squeeze_momentum', 'macd_slope_4h')",XGBClassifier,0.23872679045092837,-197,0.23958333333333334,-50,0.55
"('rsi', 'macd_max_4h', 'williams_break')",XGBClassifier,0.32,-27,0.25925925925925924,-13,0.6
"('rsi', 'rsi_convergence', 'bb_sqeeze_both_direction')",XGBClassifier,0.23793103448275862,-152,0.26666666666666666,-42,0.6
"('cci', 'cci_4h', 'macd_max_4h')",XGBClassifier,0.20094438614900315,-1140,0.22879684418145957,-275,0.5
"('rsi_break_4h', 'rsi', 'adx_max_48')",XGBClassifier,0.16762597192769868,-6583,0.17632946821271492,-1619,0.5
"('macd_zero', 'candle_4h', 'williams_limit_4h')",XGBClassifier,0.18731398809523808,-3362,0.18301610541727673,-866,0.5
"('macd_zero', 'rsi_convergence5_40', 'macd_slope')",XGBClassifier,0.17874753451676528,-5212,0.18173076923076922,-1324,0.5
"('macd', 'williams_break', 'ema_20_channel')",XGBClassifier,0.24503311258278146,-385,0.2074468085106383,-110,0.6
"('macd_zero', 'cci', 'adx_max_21')",XGBClassifier,0.2765957446808511,-42,0.25,-10,0.6
"('macd_convergence', 'ema_10_50', 'macd_slope_4h')",XGBClassifier,0.2529182879377432,-127,0.27692307692307694,-29,0.6
"('rsi', 'adx_max_48', 'ema_20_channel')",XGBClassifier,0.2605932203389831,-226,0.15702479338842976,-83,0.55
"('bb_middle_crossing', 'rsi_convergence5_40', 'macd_slope_4h')",XGBClassifier,0.18004604758250192,-4169,0.17925107427869857,-1045,0.5
"('macd_max', 'williams_break', 'adx_max_21')",XGBClassifier,0.35,-6,0.0,-4,0.6
"('macd_max', 'rsi_break_4h', 'rsi_convergence')",XGBClassifier,0.34782608695652173,-14,0.2727272727272727,-5,0.6
"('rsi_limit_4h', 'rsi_convergence', 'ema_10_50')",XGBClassifier,0.22868217054263565,-280,0.2468354430379747,-80,0.55
"('macd_max_4h', 'ema_10_50', 'adx_max_4h')",XGBClassifier,0.22012578616352202,-267,0.2764227642276423,-55,0.55
"('rsi_break_4h', 'macd', 'candle_4h')",XGBClassifier,0.18657817109144542,-2550,0.1746641074856046,-678,0.5
"('rsi_limit_4h', 'bb_middle_crossing_4h', 'adx')",XGBClassifier,0.1831275720164609,-1848,0.16137566137566137,-512,0.5
"('macd_zero', 'cci', 'williams_limit_4h')",XGBClassifier,0.25806451612903225,-45,0.17647058823529413,-11,0.6
"('rsi_limit_4h', 'bb_middle_crossing', 'adx_4h')",XGBClassifier,0.25386313465783666,-223,0.23275862068965517,-62,0.6
"('macd_convergence', 'adx_max_48', 'macd')",XGBClassifier,0.2518518518518518,-201,0.2807017543859649,-50,0.6
"('macd_convergence', 'cci_4h', 'squeeze_momentum')",XGBClassifier,0.3333333333333333,-33,0.28125,-14,0.6
"('cci', 'rsi_convergence', 'bb_sqeeze_both_direction')",XGBClassifier,0.23197492163009403,-342,0.2676767676767677,-92,0.55
"('cci_4h', 'macd_max_4h', 'adx_4h')",XGBClassifier,0.1882855110267963,-2629,0.19595216191352346,-661,0.5
"('macd_convergence', 'cci', 'macd_slope')",XGBClassifier,0.24728260869565216,-186,0.25252525252525254,-49,0.6
"('rsi_break_4h', 'adx_max_48', 'rsi_convergence')",XGBClassifier,0.34782608695652173,-14,0.25,-6,0.6
"('squeeze_momentum', 'adx_4h', 'williams_limit_4h')",XGBClassifier,0.18157279107432067,-3539,0.1844380403458213,-876,0.5
"('squeeze_momentum', 'bb_middle_crossing_4h', 'adx')",XGBClassifier,0.17229129662522202,-4428,0.17557251908396945,-1105,0.5
"('macd_max', 'adx_max_48', 'adx_4h')",XGBClassifier,0.1818020888652859,-3595,0.2,-849,0.5
"('bb_middle_crossing', 'ema_10_50', 'macd_slope')",XGBClassifier,0.2452153110047847,-426,0.2288135593220339,-128,0.55
"('bb_sqeeze_both_direction_4h', 'ema_20_channel', 'bb_sqeeze_both_direction')",XGBClassifier,0.20342612419700215,-554,0.15813953488372093,-147,0.55
"('rsi', 'candle_4h', 'adx_max_4h')",XGBClassifier,0.20221606648199447,-430,0.1783783783783784,-119,0.55
"('ema_10_50', 'candle_4h', 'macd_slope')",XGBClassifier,0.18199877750611246,-4162,0.18052256532066507,-1076,0.5
"('macd', 'bb_middle_crossing', 'rsi_convergence')",XGBClassifier,0.36283185840707965,-31,0.3103448275862069,-11,0.6
"('adx_slope', 'cci_4h', 'adx')",XGBClassifier,0.22972972972972974,-400,0.22110552763819097,-111,0.55
"('adx_slope', 'candle_4h', 'bb_sqeeze_both_direction')",XGBClassifier,0.20435002529084473,-1169,0.20366598778004075,-291,0.55
"('macd_zero', 'adx_4h', 'adx')",XGBClassifier,0.17874753451676528,-5212,0.18173076923076922,-1324,0.5
"('ema_20_channel', 'williams_limit_4h', 'adx')",XGBClassifier,0.252212389380531,-112,0.14285714285714285,-35,0.55
"('bb_sqeeze_both_direction_4h', 'rsi_break_4h', 'ema_10_50')",XGBClassifier,0.23267326732673269,-108,0.14492753623188406,-49,0.55
"('squeeze_momentum', 'rsi_convergence5_40', 'adx_max_4h')",XGBClassifier,0.20849933598937584,-439,0.21787709497206703,-101,0.55
"('cci', 'bb_sqeeze_both_direction_4h', 'ema_10_50')",XGBClassifier,0.336734693877551,-32,0.25806451612903225,-15,0.6
"('bb_sqeeze_both_direction', 'adx_max_4h', 'macd_slope')",XGBClassifier,0.2638888888888889,-34,0.3684210526315789,-5,0.55
"('macd_max_4h', 'ema_10_50', 'bb_sqeeze_both_direction')",XGBClassifier,0.2594594594594595,-89,0.288135593220339,-25,0.55
"('macd', 'adx_max_21', 'williams_limit_4h')",XGBClassifier,0.2773109243697479,-53,0.20588235294117646,-20,0.6
"('rsi', 'bb_middle_crossing_4h', 'adx_max_4h')",XGBClassifier,0.5,0,0.5,0,0.6
"('rsi_limit_4h', 'rsi_break_4h', 'adx_max_48')",XGBClassifier,0.1735070041779307,-2657,0.1782178217821782,-650,0.5
"('bb_middle_crossing', 'rsi_convergence', 'adx_max_21')",XGBClassifier,0.36283185840707965,-31,0.3103448275862069,-11,0.6
"('macd_zero', 'macd_convergence', 'candle_4h')",XGBClassifier,0.19414542020774314,-3239,0.19533527696793002,-836,0.5
"('adx_slope', 'adx_max_48', 'williams_break')",XGBClassifier,0.26804123711340205,-135,0.2571428571428571,-34,0.6
"('macd_max', 'ema_20_channel', 'bb_middle_crossing_4h')",XGBClassifier,0.27564102564102566,-70,0.17073170731707318,-27,0.55
"('cci_4h', 'rsi_break_4h', 'bb_sqeeze_both_direction')",XGBClassifier,0.17756292203806015,-4202,0.1918568784700802,-999,0.5
"('macd_convergence', 'macd_max_4h', 'macd_slope')",XGBClassifier,0.2150461320085167,-803,0.2372448979591837,-206,0.55
"('bb_sqeeze_both_direction_4h', 'rsi_limit_4h', 'adx')",XGBClassifier,0.17316885119506553,-4239,0.17295980511571254,-1074,0.5
"('macd_max', 'rsi_limit_4h', 'rsi_convergence')",XGBClassifier,0.22865853658536586,-356,0.2524752475247525,-100,0.55
"('adx_max_48', 'adx_max_21', 'williams_limit_4h')",XGBClassifier,0.23783783783783785,-97,0.13793103448275862,-42,0.55
"('macd_max', 'bb_middle_crossing', 'ema_20_channel')",XGBClassifier,0.22796081923419412,-611,0.22033898305084745,-165,0.55
"('williams_break', 'ema_20_channel', 'candle_4h')",XGBClassifier,0.18338355574687903,-4413,0.18725099601593626,-1099,0.5
"('macd_zero', 'adx_slope', 'bb_middle_crossing')",XGBClassifier,0.34615384615384615,-40,0.3888888888888889,-8,0.6
"('macd_zero', 'candle_4h', 'bb_middle_crossing_4h')",XGBClassifier,0.17890815970201374,-5517,0.18231540565177756,-1394,0.5
"('adx_slope', 'macd_max_4h', 'williams_limit_4h')",XGBClassifier,0.23315508021390374,-499,0.20930232558139536,-125,0.55
"('ema_20_channel', 'rsi_convergence5_40', 'adx')",XGBClassifier,0.28,-44,0.18181818181818182,-14,0.55
"('macd_zero', 'cci_4h', 'bb_middle_crossing')",XGBClassifier,0.32,-27,0.14285714285714285,-15,0.55
"('rsi_limit_4h', 'bb_middle_crossing', 'macd_slope')",XGBClassifier,0.3181818181818182,-40,0.36,-7,0.6
"('macd_zero', 'ema_10_50', 'adx')",XGBClassifier,0.22598870056497175,-97,0.2571428571428571,-17,0.55
"('macd_max', 'candle_4h', 'rsi_convergence5_40')",XGBClassifier,0.17316319409829528,-6557,0.18570287539936103,-1574,0.45
"('macd_max', 'bb_middle_crossing', 'ema_10_50')",XGBClassifier,0.2452153110047847,-426,0.2288135593220339,-128,0.55
"('adx_slope', 'candle_4h', 'adx_max_4h')",XGBClassifier,0.18775589783583543,-3203,0.19731649565903708,-767,0.5
"('bb_middle_crossing', 'rsi_convergence', 'macd_slope_4h')",XGBClassifier,0.36283185840707965,-31,0.3103448275862069,-11,0.6
"('adx_max_48', 'williams_break', 'macd_slope_4h')",XGBClassifier,0.22524752475247525,-666,0.2103448275862069,-168,0.55
"('squeeze_momentum', 'ema_10_50', 'rsi_convergence5_40')",XGBClassifier,0.17431706224809673,-5818,0.1792411687745312,-1471,0.5
"('bb_sqeeze_both_direction_4h', 'adx_max_48', 'squeeze_momentum')",XGBClassifier,0.1756260434056761,-3886,0.18301514154048718,-963,0.5
"('bb_sqeeze_both_direction_4h', 'macd', 'adx_max_21')",XGBClassifier,0.2857142857142857,-9,0.5,0,0.55
"('macd_convergence', 'cci_4h', 'rsi_break_4h')",RandomForestClassifier,0.6428571428571429,4,0.25,-2,0.45
"('macd_max', 'bb_middle_crossing_4h', 'adx_max_4h')",XGBClassifier,0.5,0,0.5,0,0.6
"('adx_slope', 'rsi_convergence', 'squeeze_momentum')",XGBClassifier,0.2557544757033248,-191,0.36036036036036034,-31,0.55
"('macd_max', 'adx_max_21', 'macd_slope_4h')",XGBClassifier,0.18218254691200583,-3489,0.18461538461538463,-861,0.5
"('macd_convergence', 'rsi_break_4h', 'ema_20_channel')",XGBClassifier,0.27149321266968324,-101,0.24193548387096775,-32,0.55
"('adx_slope', 'williams_break', 'williams_limit_4h')",XGBClassifier,0.2892561983471074,-51,0.15384615384615385,-18,0.6
"('cci_4h', 'macd', 'rsi_convergence5_40')",XGBClassifier,0.2166172106824926,-382,0.19318181818181818,-108,0.55
"('macd_slope_4h', 'adx_max_4h', 'adx')",XGBClassifier,0.2180232558139535,-194,0.2564102564102564,-38,0.55
"('macd_zero', 'macd', 'adx_max_4h')",XGBClassifier,0.2730263157894737,-138,0.2857142857142857,-30,0.55
"('adx_4h', 'macd_slope_4h', 'adx')",XGBClassifier,0.232016210739615,-529,0.22033898305084745,-132,0.55
"('rsi_limit_4h', 'adx_4h', 'macd_slope')",XGBClassifier,0.20124223602484473,-481,0.24413145539906103,-109,0.55
"('cci', 'adx_4h', 'adx')",XGBClassifier,0.1967556253270539,-1159,0.19271948608137046,-287,0.55
"('bb_middle_crossing', 'squeeze_momentum', 'adx_4h')",XGBClassifier,0.23992673992673993,-284,0.22289156626506024,-92,0.6
"('macd_zero', 'candle_4h', 'adx')",XGBClassifier,0.17874753451676528,-5212,0.18173076923076922,-1324,0.5
"('cci_4h', 'rsi', 'williams_break')",XGBClassifier,0.2396694214876033,-378,0.20108695652173914,-110,0.6
"('adx_max_48', 'squeeze_momentum', 'rsi_convergence5_40')",XGBClassifier,0.16965445570277995,-5086,0.17658930373360243,-1282,0.5
"('macd_max', 'macd_zero', 'ema_10_50')",XGBClassifier,0.18524035206499662,-4649,0.18888888888888888,-1176,0.5
"('macd_zero', 'rsi', 'ema_10_50')",XGBClassifier,0.20659238625812443,-1264,0.19897084048027444,-351,0.55
"('cci', 'rsi_break_4h', 'ema_10_50')",XGBClassifier,0.23219814241486067,-346,0.23655913978494625,-98,0.55
"('cci_4h', 'rsi', 'squeeze_momentum')",XGBClassifier,0.3,-4,0.4,-1,0.6
"('ema_20_channel', 'bb_sqeeze_both_direction', 'williams_limit_4h')",XGBClassifier,0.1933545422410746,-1735,0.1893491124260355,-420,0.5
"('rsi_limit_4h', 'macd_max_4h', 'bb_middle_crossing_4h')",XGBClassifier,0.1700758825470142,-4000,0.17120622568093385,-1014,0.5
"('adx_slope', 'rsi', 'ema_10_50')",XGBClassifier,0.23756906077348067,-380,0.2393617021276596,-98,0.55
"('macd_convergence', 'macd_max_4h', 'bb_middle_crossing_4h')",XGBClassifier,0.32926829268292684,-28,0.2608695652173913,-11,0.6
"('macd_max', 'ema_20_channel', 'macd_slope_4h')",XGBClassifier,1.0,1,0.0,0,0.6
"('macd_convergence', 'squeeze_momentum', 'adx_max_21')",XGBClassifier,0.20097487814023246,-1595,0.20604395604395603,-428,0.5
"('rsi_break_4h', 'squeeze_momentum', 'bb_sqeeze_both_direction')",RandomForestClassifier,0.75,2,0.0,0,0.45
"('macd_zero', 'bb_middle_crossing', 'adx')",XGBClassifier,0.18748870005423973,-3457,0.18092566619915848,-910,0.5
"('macd', 'williams_break', 'candle_4h')",XGBClassifier,0.21831955922865015,-818,0.21159420289855072,-199,0.55
"('adx_slope', 'williams_break', 'adx_max_4h')",XGBClassifier,0.25646551724137934,-226,0.25,-52,0.6
"('macd_max', 'macd_zero', 'rsi_break_4h')",XGBClassifier,0.18528392428685683,-4722,0.18967334035827185,-1178,0.5
"('macd', 'ema_10_50', 'adx_max_21')",XGBClassifier,0.3103448275862069,-11,0.25,-2,0.55
"('cci', 'bb_middle_crossing', 'williams_limit_4h')",XGBClassifier,0.2702702702702703,-102,0.25806451612903225,-30,0.6
"('cci_4h', 'adx_max_48', 'williams_limit_4h')",XGBClassifier,0.19499105545617174,-1364,0.17790262172284643,-344,0.5
"('adx_slope', 'adx_max_21', 'adx')",XGBClassifier,0.75,2,0.0,-2,0.6
"('cci', 'rsi_limit_4h', 'ema_10_50')",XGBClassifier,0.25217391304347825,-114,0.171875,-42,0.6
"('macd_zero', 'adx_max_4h', 'williams_limit_4h')",XGBClassifier,0.17874753451676528,-5212,0.18173076923076922,-1324,0.5
"('squeeze_momentum', 'bb_middle_crossing_4h', 'rsi_convergence5_40')",XGBClassifier,0.1846085409252669,-1418,0.18588640275387264,-365,0.5
"('williams_break', 'bb_middle_crossing_4h', 'macd_slope')",XGBClassifier,0.2714285714285714,-96,0.28888888888888886,-19,0.55
"('ema_20_channel', 'macd_slope', 'adx')",XGBClassifier,0.22056631892697467,-375,0.19753086419753085,-98,0.55
"('adx_slope', 'macd', 'macd_max_4h')",XGBClassifier,0.19035228182546038,-3094,0.20347003154574134,-752,0.5
"('macd', 'macd_max_4h', 'ema_20_channel')",XGBClassifier,0.40625,-6,0.2857142857142857,-3,0.55
"('macd_zero', 'bb_sqeeze_both_direction_4h', 'squeeze_momentum')",XGBClassifier,0.21644295302013422,-338,0.20261437908496732,-91,0.55
"('cci', 'cci_4h', 'rsi_convergence')",XGBClassifier,0.20186749666518453,-1341,0.2365415986949429,-323,0.5
"('rsi_limit_4h', 'ema_20_channel', 'rsi_convergence5_40')",XGBClassifier,0.22556390977443608,-365,0.14906832298136646,-113,0.55
"('rsi_break_4h', 'bb_middle_crossing', 'bb_sqeeze_both_direction')",XGBClassifier,0.2520833333333333,-238,0.28695652173913044,-49,0.6
"('cci_4h', 'macd_slope_4h', 'adx')",XGBClassifier,0.17066351220561352,-6125,0.18034188034188034,-1496,0.5
"('adx_slope', 'rsi_break_4h', 'macd_max_4h')",XGBClassifier,0.19106382978723405,-2904,0.20477815699658702,-692,0.5
"('macd_max', 'williams_break', 'macd_slope_4h')",XGBClassifier,0.3076923076923077,-10,0.0,-6,0.6
"('macd_max', 'cci', 'candle_4h')",XGBClassifier,0.18355610817531862,-4072,0.19753846153846155,-983,0.5
"('macd_max', 'macd_convergence', 'candle_4h')",XGBClassifier,0.239067055393586,-358,0.26424870466321243,-91,0.55
"('ema_20_channel', 'macd_slope', 'williams_limit_4h')",XGBClassifier,0.24896265560165975,-121,0.12903225806451613,-46,0.6
"('bb_sqeeze_both_direction_4h', 'bb_middle_crossing_4h', 'adx_max_21')",XGBClassifier,0.1700317604355717,-5818,0.17541498429789143,-1447,0.5
"('macd_convergence', 'bb_sqeeze_both_direction_4h', 'williams_limit_4h')",XGBClassifier,0.3274336283185841,-39,0.34782608695652173,-7,0.6
"('cci_4h', 'ema_20_channel', 'williams_limit_4h')",XGBClassifier,0.22764227642276422,-268,0.16216216216216217,-75,0.55
"('adx_slope', 'adx_max_48', 'candle_4h')",XGBClassifier,0.2018348623853211,-1040,0.20675105485232068,-278,0.55
"('adx_slope', 'bb_sqeeze_both_direction_4h', 'macd')",XGBClassifier,0.2123817712811694,-1338,0.18596491228070175,-358,0.5
"('rsi_break_4h', 'adx_max_48', 'rsi_convergence5_40')",XGBClassifier,0.1836596893990547,-937,0.1937046004842615,-253,0.5
"('rsi_limit_4h', 'adx_max_4h', 'williams_limit_4h')",XGBClassifier,0.18374108053007135,-2482,0.18716577540106952,-585,0.5
"('cci', 'bb_sqeeze_both_direction', 'adx_max_4h')",XGBClassifier,0.1696105320899616,-6023,0.18106093818500657,-1455,0.5
"('rsi_limit_4h', 'rsi_break_4h', 'ema_10_50')",XGBClassifier,0.19968676585747847,-1534,0.17937219730941703,-429,0.55
"('rsi_break_4h', 'bb_middle_crossing_4h', 'macd_slope')",XGBClassifier,0.17927765974832488,-3925,0.17692307692307693,-1008,0.5
"('macd_max', 'adx_slope', 'squeeze_momentum')",XGBClassifier,0.21383438643165947,-1721,0.22733245729303547,-415,0.55
"('rsi_limit_4h', 'ema_20_channel', 'adx_max_4h')",XGBClassifier,0.22295081967213115,-338,0.14864864864864866,-104,0.55
"('rsi_break_4h', 'ema_20_channel', 'rsi_convergence5_40')",XGBClassifier,0.275,-54,0.2,-21,0.55
"('squeeze_momentum', 'bb_middle_crossing_4h', 'macd_slope_4h')",XGBClassifier,0.23872679045092837,-197,0.23958333333333334,-50,0.55
"('bb_middle_crossing', 'williams_break', 'adx_4h')",XGBClassifier,0.24449108079748164,-487,0.24369747899159663,-122,0.6
"('rsi_break_4h', 'ema_10_50', 'adx_max_4h')",XGBClassifier,0.1984924623115578,-480,0.20725388601036268,-113,0.55
"('cci_4h', 'bb_middle_crossing', 'adx_4h')",XGBClassifier,0.30120481927710846,-33,0.21428571428571427,-8,0.55
"('bb_middle_crossing', 'rsi_convergence', 'ema_10_50')",XGBClassifier,0.36283185840707965,-31,0.3103448275862069,-11,0.6
"('bb_sqeeze_both_direction_4h', 'rsi', 'macd_slope')",XGBClassifier,0.18510158013544017,-2790,0.17781690140845072,-732,0.5
"('adx_max_48', 'ema_20_channel', 'candle_4h')",XGBClassifier,0.22477064220183487,-360,0.1686746987951807,-110,0.55
"('bb_sqeeze_both_direction_4h', 'squeeze_momentum', 'adx_max_4h')",XGBClassifier,0.20166898470097358,-429,0.22950819672131148,-99,0.55
"('rsi_limit_4h', 'adx_4h', 'adx')",XGBClassifier,0.2134502923976608,-588,0.2145748987854251,-141,0.55
"('bb_sqeeze_both_direction_4h', 'bb_middle_crossing', 'adx')",XGBClassifier,0.24758454106280192,-418,0.23857868020304568,-103,0.55
"('bb_sqeeze_both_direction_4h', 'adx_4h', 'adx_max_4h')",XGBClassifier,0.19330199764982373,-2088,0.20506912442396313,-512,0.5
"('rsi', 'rsi_convergence5_40', 'macd_slope')",XGBClassifier,0.20228384991843393,-365,0.15544041450777202,-133,0.55
"('cci_4h', 'adx_4h', 'rsi_convergence5_40')",XGBClassifier,0.22894168466522677,-251,0.2127659574468085,-81,0.55
"('macd_max', 'ema_20_channel', 'candle_4h')",XGBClassifier,0.18926448736998513,-3346,0.18988269794721407,-846,0.5
"('macd_zero', 'macd', 'ema_20_channel')",XGBClassifier,0.20292721518987342,-1502,0.20241691842900303,-394,0.55
"('adx_slope', 'candle_4h', 'macd_slope')",XGBClassifier,0.20934065934065935,-1058,0.20869565217391303,-268,0.55
"('rsi', 'bb_middle_crossing_4h', 'adx')",XGBClassifier,0.17130339539978096,-3001,0.17058311575282856,-757,0.5
"('rsi', 'macd', 'macd_max_4h')",XGBClassifier,0.24919093851132687,-155,0.23170731707317074,-44,0.6
"('macd_convergence', 'ema_10_50', 'adx_max_21')",XGBClassifier,0.2575107296137339,-113,0.34375,-20,0.6
"('macd_zero', 'rsi_convergence', 'adx_max_21')",XGBClassifier,0.23474801061007958,-400,0.27927927927927926,-98,0.55
"('macd_convergence', 'rsi_limit_4h', 'adx')",XGBClassifier,0.2755681818181818,-158,0.29473684210526313,-39,0.6
"('ema_10_50', 'bb_middle_crossing_4h', 'adx_max_4h')",XGBClassifier,0.5,0,0.5,0,0.6
"('adx_slope', 'rsi_limit_4h', 'rsi_convergence')",XGBClassifier,0.3004694835680751,-85,0.32857142857142857,-24,0.55
"('macd_max_4h', 'bb_sqeeze_both_direction', 'adx_max_4h')",XGBClassifier,0.17435320584926883,-5211,0.18956870611835505,-1238,0.5
"('macd_zero', 'macd_max_4h', 'bb_sqeeze_both_direction')",XGBClassifier,0.26262626262626265,-94,0.30303030303030304,-26,0.55
"('macd_zero', 'cci_4h', 'macd_slope')",XGBClassifier,0.23709369024856597,-275,0.2,-87,0.55
"('squeeze_momentum', 'macd_max_4h', 'williams_break')",XGBClassifier,0.2711864406779661,-108,0.2903225806451613,-26,0.55
"('macd_max', 'macd_zero', 'rsi_convergence5_40')",XGBClassifier,0.20355555555555555,-667,0.1838006230529595,-203,0.55
"('ema_20_channel', 'macd_slope_4h', 'macd_slope')",XGBClassifier,0.23217922606924643,-263,0.14285714285714285,-90,0.55
"('macd', 'candle_4h', 'adx')",XGBClassifier,0.18438677270824613,-3016,0.17532467532467533,-800,0.5
"('candle_4h', 'rsi_convergence5_40', 'bb_sqeeze_both_direction')",XGBClassifier,0.21843003412969283,-330,0.17751479289940827,-109,0.55
"('rsi', 'macd_max_4h', 'ema_20_channel')",XGBClassifier,0.5,0,0.3333333333333333,-4,0.6
"('rsi_limit_4h', 'ema_20_channel', 'macd_slope_4h')",XGBClassifier,0.26353790613718414,-131,0.16666666666666666,-48,0.55
"('rsi_break_4h', 'bb_middle_crossing', 'ema_20_channel')",XGBClassifier,0.2391653290529695,-325,0.2569444444444444,-70,0.6
"('cci_4h', 'rsi', 'macd_slope_4h')",XGBClassifier,0.2605633802816901,-68,0.2222222222222222,-20,0.55
"('squeeze_momentum', 'bb_middle_crossing_4h', 'macd_slope')",XGBClassifier,0.2087912087912088,-159,0.24,-26,0.55
"('adx_slope', 'rsi', 'macd_slope')",XGBClassifier,0.18280082657765062,-3991,0.1884517766497462,-982,0.5
"('cci_4h', 'macd', 'bb_sqeeze_both_direction')",XGBClassifier,0.18122392211404728,-4584,0.19198664440734559,-1107,0.5
"('rsi', 'rsi_convergence', 'adx_4h')",XGBClassifier,0.2627551020408163,-186,0.2764227642276423,-55,0.55
"('adx_slope', 'bb_middle_crossing', 'adx')",XGBClassifier,0.30319148936170215,-74,0.3488372093023256,-13,0.55
"('cci_4h', 'bb_middle_crossing_4h', 'bb_sqeeze_both_direction')",XGBClassifier,0.1779159265837774,-4352,0.18979833926453143,-1046,0.5
"('adx_slope', 'macd', 'squeeze_momentum')",XGBClassifier,0.32222222222222224,-32,0.3157894736842105,-7,0.6
"('macd_max', 'adx_max_21', 'macd_slope')",XGBClassifier,0.2184115523465704,-312,0.2229299363057325,-87,0.55
"('cci', 'cci_4h', 'ema_10_50')",XGBClassifier,0.23219814241486067,-346,0.23655913978494625,-98,0.55
"('rsi_convergence5_40', 'macd_slope', 'williams_limit_4h')",XGBClassifier,0.17454050374404356,-4781,0.17569786535303777,-1185,0.5
"('bb_sqeeze_both_direction_4h', 'rsi_limit_4h', 'macd_slope')",XGBClassifier,0.2002002002002002,-1198,0.17777777777777778,-348,0.55
"('macd_convergence', 'ema_10_50', 'williams_limit_4h')",XGBClassifier,0.3333333333333333,-24,0.34782608695652173,-7,0.55
"('bb_sqeeze_both_direction', 'macd_slope_4h', 'adx_max_4h')",XGBClassifier,0.2727272727272727,-25,0.3,-4,0.55
"('cci_4h', 'ema_10_50', 'williams_limit_4h')",XGBClassifier,0.20389805097451275,-1185,0.18837675350701402,-311,0.55
"('macd_max', 'bb_middle_crossing_4h', 'williams_limit_4h')",XGBClassifier,0.17316319409829528,-6557,0.18570287539936103,-1574,0.45
"('macd_convergence', 'squeeze_momentum', 'bb_middle_crossing_4h')",RandomForestClassifier,0.5882352941176471,3,0.16666666666666666,-4,0.45
"('cci_4h', 'bb_sqeeze_both_direction', 'adx_max_21')",XGBClassifier,0.21363636363636362,-126,0.2876712328767123,-31,0.55
"('adx_slope', 'macd_slope_4h', 'adx')",XGBClassifier,0.22171428571428572,-487,0.22807017543859648,-124,0.55
"('macd_max', 'adx_4h', 'candle_4h')",XGBClassifier,0.18255343731946852,-4396,0.18897185525560023,-1083,0.5
"('rsi_break_4h', 'rsi', 'macd_slope_4h')",XGBClassifier,0.17427088924673464,-3641,0.17828900071890727,-895,0.5
"('macd_zero', 'rsi', 'adx')",XGBClassifier,0.18407224958949098,-3848,0.18461538461538463,-984,0.5
"('rsi_convergence', 'macd_slope_4h', 'williams_limit_4h')",XGBClassifier,0.20730452674897118,-1138,0.20987654320987653,-282,0.55
"('bb_sqeeze_both_direction_4h', 'macd_max_4h', 'rsi_convergence5_40')",XGBClassifier,0.16785873938310236,-5944,0.17631224764468373,-1443,0.5
"('cci', 'bb_middle_crossing', 'bb_middle_crossing_4h')",XGBClassifier,0.2702702702702703,-102,0.25806451612903225,-30,0.6
"('macd_max', 'ema_10_50', 'macd_slope_4h')",XGBClassifier,0.18117383735389206,-5128,0.18813806514341275,-1283,0.5
"('rsi', 'adx_max_21', 'macd_slope')",XGBClassifier,0.245014245014245,-179,0.21,-58,0.55
"('adx_max_48', 'bb_middle_crossing', 'bb_sqeeze_both_direction')",XGBClassifier,0.24313186813186813,-374,0.2670157068062827,-89,0.55
"('macd_max', 'macd', 'adx_4h')",XGBClassifier,0.18126626192541198,-4410,0.18463302752293578,-1100,0.5
"('cci_4h', 'rsi_convergence', 'squeeze_momentum')",XGBClassifier,0.2082965578111209,-661,0.2545454545454545,-162,0.55
"('adx_slope', 'rsi_convergence', 'bb_sqeeze_both_direction')",XGBClassifier,0.25654450261780104,-186,0.3469387755102041,-30,0.55
"('adx_slope', 'rsi_break_4h', 'williams_break')",XGBClassifier,0.2532188841201717,-230,0.2601626016260163,-59,0.55
"('macd_max', 'macd_zero', 'macd_slope_4h')",XGBClassifier,0.18535993529253167,-4668,0.18779589689637033,-1187,0.5
"('rsi_limit_4h', 'adx_4h', 'bb_middle_crossing_4h')",XGBClassifier,0.17756871968249302,-4387,0.17971014492753623,-1105,0.5
"('bb_middle_crossing', 'macd_max_4h', 'macd_slope')",RandomForestClassifier,0.4666666666666667,-1,0.1111111111111111,-7,0.45
"('macd_zero', 'adx_4h', 'candle_4h')",XGBClassifier,0.20058351568198396,-1642,0.20821529745042494,-412,0.55
"('rsi', 'bb_sqeeze_both_direction', 'williams_limit_4h')",XGBClassifier,0.2390057361376673,-273,0.23015873015873015,-68,0.55
"('adx_max_48', 'williams_break', 'bb_sqeeze_both_direction')",XGBClassifier,0.24923076923076923,-326,0.2658959537572254,-81,0.6
"('rsi_limit_4h', 'squeeze_momentum', 'rsi_convergence5_40')",XGBClassifier,0.1809878844361603,-3423,0.17732558139534885,-888,0.5
"('adx_slope', 'cci', 'macd')",XGBClassifier,0.2878787878787879,-28,0.3,-8,0.55
"('squeeze_momentum', 'ema_10_50', 'adx_max_21')",XGBClassifier,0.2411764705882353,-88,0.10256410256410256,-31,0.55
"('macd_convergence', 'macd_slope_4h', 'macd_slope')",XGBClassifier,0.24875621890547264,-202,0.2523364485981308,-53,0.6
"('adx_slope', 'cci_4h', 'williams_break')",XGBClassifier,0.2815884476534296,-121,0.2537313432835821,-33,0.6
"('bb_sqeeze_both_direction_4h', 'rsi_convergence', 'macd_max_4h')",XGBClassifier,0.20181219110378912,-724,0.2442528735632184,-178,0.55
"('bb_middle_crossing', 'rsi_convergence', 'squeeze_momentum')",XGBClassifier,0.36283185840707965,-31,0.3103448275862069,-11,0.6
"('rsi_break_4h', 'macd_slope', 'adx')",XGBClassifier,0.18838304552590268,-2382,0.18051282051282053,-623,0.5
"('adx_slope', 'adx_max_21', 'macd_slope_4h')",XGBClassifier,0.18573698847834724,-3164,0.19252187748607796,-773,0.5
"('adx_max_48', 'ema_10_50', 'adx_4h')",XGBClassifier,0.1970636215334421,-1857,0.1964956195244055,-485,0.55
"('macd_zero', 'bb_middle_crossing_4h', 'adx_max_21')",RandomForestClassifier,0.5555555555555556,1,0.5,0,0.45
"('macd_max_4h', 'adx_4h', 'adx')",XGBClassifier,0.22262773722627738,-152,0.3142857142857143,-26,0.55
"('macd_zero', 'bb_middle_crossing', 'bb_middle_crossing_4h')",XGBClassifier,0.23523622047244094,-538,0.22419928825622776,-155,0.55
"('macd_zero', 'macd_convergence', 'ema_10_50')",XGBClassifier,0.30434782608695654,-27,0.5294117647058824,1,0.6
"('macd_max', 'rsi_limit_4h', 'adx')",XGBClassifier,0.17640349765555696,-5107,0.1875,-1220,0.5
"('squeeze_momentum', 'bb_middle_crossing_4h', 'adx_max_4h')",XGBClassifier,0.5,0,0.5,0,0.6
"('macd_zero', 'rsi_convergence5_40', 'bb_sqeeze_both_direction')",XGBClassifier,0.18791593695271452,-3564,0.18668496911461907,-913,0.5
"('bb_sqeeze_both_direction_4h', 'rsi_break_4h', 'macd_max_4h')",XGBClassifier,0.17075664621676892,-5796,0.17617977528089887,-1441,0.5
"('cci_4h', 'rsi', 'macd')",XGBClassifier,0.2166172106824926,-382,0.19318181818181818,-108,0.55
"('macd_max_4h', 'candle_4h', 'adx_max_21')",XGBClassifier,0.17380574651859687,-3701,0.18041958041958042,-914,0.5
"('macd_convergence', 'cci', 'rsi_limit_4h')",XGBClassifier,0.24101198402130491,-389,0.25,-110,0.55
"('macd_convergence', 'cci', 'adx_max_48')",XGBClassifier,0.28,-88,0.38461538461538464,-12,0.6
"('macd_max', 'cci', 'squeeze_momentum')",XGBClassifier,0.1745193323473484,-6162,0.18644781144781145,-1490,0.5
"('rsi', 'bb_middle_crossing', 'rsi_convergence5_40')",XGBClassifier,0.24675324675324675,-78,0.19047619047619047,-26,0.6
"('cci_4h', 'squeeze_momentum', 'williams_break')",XGBClassifier,0.2755102040816326,-44,0.38095238095238093,-5,0.6
"('cci_4h', 'adx_max_48', 'squeeze_momentum')",XGBClassifier,0.17453448728035667,-4964,0.17534811758638474,-1259,0.5
"('adx_slope', 'williams_break', 'adx')",XGBClassifier,0.32323232323232326,-35,0.32142857142857145,-10,0.6
"('macd_zero', 'adx_slope', 'candle_4h')",XGBClassifier,0.2130479102956167,-1689,0.2098092643051771,-426,0.55
"('rsi_break_4h', 'bb_middle_crossing', 'adx_max_21')",RandomForestClassifier,0.6153846153846154,3,0.0,-1,0.45
"('rsi_convergence', 'ema_20_channel', 'rsi_convergence5_40')",XGBClassifier,0.40425531914893614,-9,0.3333333333333333,-4,0.55
"('macd_zero', 'rsi_limit_4h', 'adx_max_48')",XGBClassifier,0.20936902485659656,-1216,0.19859402460456943,-343,0.55
"('macd_zero', 'rsi_limit_4h', 'adx')",XGBClassifier,0.22535211267605634,-741,0.17379679144385027,-244,0.55
"('rsi_break_4h', 'adx_max_4h', 'macd_slope')",XGBClassifier,0.1789382323159265,-4439,0.1751283513976041,-1139,0.5
"('rsi_limit_4h', 'bb_middle_crossing_4h', 'adx_max_4h')",XGBClassifier,0.17378472222222222,-3758,0.17553559087767795,-939,0.5
"('cci', 'squeeze_momentum', 'macd_slope')",XGBClassifier,0.21899736147757257,-213,0.1797752808988764,-57,0.55
"('adx_slope', 'rsi_convergence', 'macd_max_4h')",XGBClassifier,0.2578947368421053,-184,0.3584905660377358,-30,0.6
"('macd', 'bb_middle_crossing', 'adx_max_4h')",RandomForestClassifier,0.5263157894736842,1,0.16666666666666666,-4,0.45
"('macd_max_4h', 'ema_20_channel', 'rsi_convergence5_40')",XGBClassifier,0.2727272727272727,-40,0.3333333333333333,-5,0.6
"('rsi_limit_4h', 'macd_max_4h', 'rsi_convergence5_40')",XGBClassifier,0.17094415927827034,-4231,0.17230955259975816,-1084,0.5
"('macd_slope', 'williams_limit_4h', 'adx')",XGBClassifier,0.20800889877641823,-525,0.18025751072961374,-149,0.55
"('rsi_limit_4h', 'rsi_convergence', 'macd_max_4h')",XGBClassifier,0.22060957910014514,-385,0.24528301886792453,-108,0.55
"('adx_slope', 'ema_10_50', 'williams_break')",XGBClassifier,0.2815126050420168,-104,0.27586206896551724,-26,0.55
"('macd_max', 'adx_max_48', 'ema_10_50')",XGBClassifier,0.18117383735389206,-5128,0.18813806514341275,-1283,0.5
"('bb_sqeeze_both_direction_4h', 'ema_20_channel', 'macd_slope')",XGBClassifier,0.21690140845070421,-201,0.1625,-54,0.55
"('rsi_break_4h', 'macd', 'bb_middle_crossing_4h')",XGBClassifier,0.17610759493670886,-4094,0.17350157728706625,-1035,0.5
"('cci', 'rsi_convergence5_40', 'williams_limit_4h')",XGBClassifier,0.21103896103896103,-356,0.21678321678321677,-81,0.55
"('adx_max_48', 'ema_10_50', 'adx_max_4h')",XGBClassifier,0.17431706224809673,-5818,0.1792411687745312,-1471,0.5
"('bb_sqeeze_both_direction_4h', 'rsi_convergence', 'bb_sqeeze_both_direction')",XGBClassifier,0.25477707006369427,-77,0.2549019607843137,-25,0.6
"('cci_4h', 'bb_middle_crossing', 'adx')",XGBClassifier,0.30864197530864196,-31,0.3076923076923077,-5,0.6
"('bb_sqeeze_both_direction_4h', 'rsi', 'bb_middle_crossing_4h')",XGBClassifier,0.1786085150571132,-3095,0.17419354838709677,-808,0.5
"('rsi_limit_4h', 'macd', 'bb_middle_crossing_4h')",XGBClassifier,0.18276040766971843,-3673,0.19335548172757475,-923,0.5
"('macd_zero', 'williams_break', 'adx_4h')",XGBClassifier,0.2751842751842752,-183,0.2682926829268293,-57,0.55
"('macd_max', 'macd_zero', 'adx_slope')",XGBClassifier,0.2317826265953067,-1303,0.22909698996655517,-324,0.5
"('rsi_limit_4h', 'rsi_break_4h', 'macd_max_4h')",XGBClassifier,0.3333333333333333,-1,0.0,0,0.55
"('macd_zero', 'williams_limit_4h', 'adx')",XGBClassifier,0.1860975198245318,-3721,0.18396226415094338,-938,0.5
"('cci', 'rsi', 'bb_middle_crossing_4h')",XGBClassifier,0.1698534098151689,-4144,0.17454316320100818,-1033,0.5
"('bb_middle_crossing', 'macd_max_4h', 'adx_max_21')",XGBClassifier,0.27586206896551724,-91,0.24489795918367346,-25,0.6
"('adx_slope', 'bb_sqeeze_both_direction_4h', 'williams_break')",XGBClassifier,0.26804123711340205,-135,0.2608695652173913,-33,0.6
"('macd_max', 'adx_max_48', 'macd_slope_4h')",XGBClassifier,0.17316319409829528,-6557,0.18570287539936103,-1574,0.45
"('rsi', 'adx_4h', 'adx_max_21')",XGBClassifier,0.3902439024390244,-9,0.375,-2,0.55
"('bb_sqeeze_both_direction_4h', 'williams_limit_4h', 'adx')",XGBClassifier,0.1878415300546448,-1828,0.18067226890756302,-456,0.5
"('bb_sqeeze_both_direction_4h', 'rsi', 'macd_slope_4h')",XGBClassifier,0.1790684728149935,-3459,0.19011976047904192,-828,0.5
"('rsi_convergence', 'adx_4h', 'macd_slope')",XGBClassifier,0.2627551020408163,-186,0.2764227642276423,-55,0.55
"('bb_middle_crossing', 'squeeze_momentum', 'williams_limit_4h')",XGBClassifier,0.5,0,0.42857142857142855,-1,0.6
"('macd_max', 'rsi', 'ema_20_channel')",XGBClassifier,0.18727199027158492,-3086,0.18138801261829654,-808,0.5
"('macd_zero', 'cci', 'cci_4h')",XGBClassifier,0.22415458937198068,-571,0.20141342756183744,-169,0.55
"('macd_zero', 'bb_middle_crossing', 'macd_slope')",XGBClassifier,0.29133858267716534,-53,0.27586206896551724,-13,0.6
"('macd_zero', 'rsi_limit_4h', 'williams_limit_4h')",XGBClassifier,0.21719792438843588,-763,0.20178041543026706,-201,0.55
"('macd_convergence', 'adx_4h', 'macd_slope_4h')",XGBClassifier,0.27647058823529413,-76,0.32727272727272727,-19,0.55
"('macd_convergence', 'bb_sqeeze_both_direction_4h', 'bb_sqeeze_both_direction')",XGBClassifier,0.25806451612903225,-105,0.2777777777777778,-24,0.55
"('bb_sqeeze_both_direction_4h', 'ema_20_channel', 'adx_4h')",XGBClassifier,0.23974763406940064,-165,0.16091954022988506,-59,0.55
"('bb_middle_crossing_4h', 'rsi_convergence5_40', 'macd_slope')",XGBClassifier,0.17756280230925262,-4133,0.1781931464174455,-1033,0.5
"('bb_middle_crossing', 'ema_20_channel', 'bb_middle_crossing_4h')",XGBClassifier,0.22890559732664995,-649,0.21311475409836064,-175,0.55
"('macd_zero', 'adx_slope', 'macd_convergence')",XGBClassifier,0.2479740680713128,-311,0.29375,-66,0.6
"('macd_convergence', 'bb_sqeeze_both_direction_4h', 'ema_10_50')",XGBClassifier,0.42592592592592593,-8,0.4,-3,0.55
"('rsi_break_4h', 'bb_middle_crossing_4h', 'macd_slope_4h')",XGBClassifier,0.17385866166353972,-4172,0.17701863354037267,-1040,0.5
"('rsi_convergence', 'macd_slope_4h', 'macd_slope')",XGBClassifier,0.17861243234377563,-3919,0.18404118404118405,-982,0.5
"('rsi_limit_4h', 'macd_max_4h', 'adx_max_4h')",XGBClassifier,0.21577726218097448,-245,0.26126126126126126,-53,0.55
"('bb_middle_crossing', 'rsi_convergence', 'rsi_convergence5_40')",XGBClassifier,0.36283185840707965,-31,0.3103448275862069,-11,0.6
"('rsi_break_4h', 'ema_20_channel', 'williams_limit_4h')",XGBClassifier,0.2517985611510791,-69,0.17073170731707318,-27,0.6
"('adx_slope', 'adx_max_4h', 'macd_slope')",XGBClassifier,0.18775589783583543,-3203,0.19731649565903708,-767,0.5
"('bb_sqeeze_both_direction_4h', 'rsi_limit_4h', 'squeeze_momentum')",XGBClassifier,0.28378378378378377,-32,0.3333333333333333,-6,0.55
"('adx_slope', 'macd', 'bb_middle_crossing_4h')",XGBClassifier,0.2025862068965517,-1656,0.18618618618618618,-418,0.55
"('cci', 'squeeze_momentum', 'macd_max_4h')",XGBClassifier,0.2014336917562724,-833,0.23255813953488372,-184,0.55
"('rsi', 'bb_sqeeze_both_direction', 'adx_max_21')",XGBClassifier,0.2713178294573643,-59,0.3137254901960784,-19,0.55
"('macd_max', 'williams_break', 'adx_4h')",XGBClassifier,0.3333333333333333,-7,0.0,-4,0.6
"('adx_slope', 'rsi_convergence', 'macd_slope_4h')",XGBClassifier,0.23917525773195877,-253,0.3233082706766917,-47,0.6
"('adx_slope', 'williams_break', 'candle_4h')",XGBClassifier,0.25,-190,0.23595505617977527,-47,0.55
"('macd_max', 'macd_max_4h', 'candle_4h')",XGBClassifier,0.20662768031189083,-301,0.26119402985074625,-64,0.55
"('candle_4h', 'bb_sqeeze_both_direction', 'adx_max_21')",XGBClassifier,0.2231404958677686,-67,0.34782608695652173,-14,0.55
"('williams_break', 'bb_sqeeze_both_direction', 'adx_max_21')",XGBClassifier,0.24275862068965517,-373,0.26519337016574585,-85,0.6
"('adx_4h', 'adx_max_21', 'adx_max_4h')",XGBClassifier,0.2196969696969697,-74,0.21621621621621623,-21,0.55
"('ema_20_channel', 'adx_4h', 'bb_middle_crossing_4h')",XGBClassifier,0.2709677419354839,-71,0.17073170731707318,-27,0.6
"('adx_max_48', 'macd', 'adx_max_4h')",XGBClassifier,0.17720013591573225,-3800,0.1766735679779158,-937,0.5
"('adx_slope', 'adx_max_48', 'adx')",XGBClassifier,0.22171428571428572,-487,0.22807017543859648,-124,0.55
"('macd_max', 'macd_convergence', 'macd_slope_4h')",XGBClassifier,0.18703870387038704,-3477,0.1978494623655914,-843,0.5
"('williams_break', 'ema_20_channel', 'adx')",XGBClassifier,0.24354243542435425,-139,0.19696969696969696,-40,0.6
"('macd_max', 'bb_sqeeze_both_direction_4h', 'ema_10_50')",XGBClassifier,0.18779266914258033,-3867,0.19135410044500953,-971,0.5
"('rsi_limit_4h', 'adx_max_48', 'williams_break')",XGBClassifier,0.22305389221556887,-740,0.20795107033639143,-191,0.55
"('adx_slope', 'bb_middle_crossing_4h', 'adx_max_21')",XGBClassifier,0.5454545454545454,1,0.5,0,0.55
"('macd_convergence', 'adx_max_4h', 'macd_slope')",XGBClassifier,0.3125,-30,0.5238095238095238,1,0.6
"('rsi_convergence', 'williams_limit_4h', 'adx')",XGBClassifier,0.2421875,-132,0.2619047619047619,-40,0.6
"('bb_sqeeze_both_direction_4h', 'bb_middle_crossing', 'bb_middle_crossing_4h')",XGBClassifier,0.22058823529411764,-836,0.19736842105263158,-230,0.5
"('macd_zero', 'cci', 'bb_middle_crossing')",XGBClassifier,0.319672131147541,-44,0.2619047619047619,-20,0.55
"('adx_max_48', 'bb_sqeeze_both_direction', 'williams_limit_4h')",XGBClassifier,0.20174537987679672,-1162,0.21171171171171171,-256,0.5
"('macd_zero', 'squeeze_momentum', 'macd_slope_4h')",XGBClassifier,0.2598684210526316,-146,0.2597402597402597,-37,0.55
"('macd', 'ema_10_50', 'rsi_convergence5_40')",XGBClassifier,0.1744520699579367,-5882,0.1798530047557285,-1481,0.5
"('macd', 'macd_max_4h', 'macd_slope_4h')",XGBClassifier,0.2261640798226164,-247,0.1732283464566929,-83,0.55
"('macd_max', 'macd', 'ema_20_channel')",XGBClassifier,0.17324561403508773,-6556,0.18570287539936103,-1574,0.45
"('squeeze_momentum', 'ema_10_50', 'macd_slope_4h')",XGBClassifier,0.24773413897280966,-167,0.24096385542168675,-43,0.55
"('adx_4h', 'rsi_convergence5_40', 'adx_max_21')",XGBClassifier,0.17683595177201317,-3538,0.182909604519774,-898,0.5
"('macd', 'ema_10_50', 'williams_limit_4h')",XGBClassifier,0.18575727181544635,-3133,0.19314641744548286,-788,0.5
"('bb_middle_crossing', 'macd_max_4h', 'adx_4h')",XGBClassifier,0.2897196261682243,-45,0.2692307692307692,-12,0.6
"('adx_max_48', 'macd', 'bb_middle_crossing_4h')",XGBClassifier,0.17452830188679244,-4140,0.17487373737373738,-1030,0.5
"('bb_middle_crossing_4h', 'williams_limit_4h', 'adx')",XGBClassifier,0.1816009557945042,-2132,0.17763975155279504,-519,0.5
"('macd_convergence', 'rsi_break_4h', 'ema_10_50')",RandomForestClassifier,0.6818181818181818,8,0.2857142857142857,-3,0.45
"('cci', 'macd_max_4h', 'williams_limit_4h')",XGBClassifier,0.22096317280453256,-394,0.20348837209302326,-102,0.55
"('cci_4h', 'rsi_break_4h', 'macd_slope')",XGBClassifier,0.1793070413539837,-4017,0.1769521410579345,-1026,0.5
"('cci', 'rsi_convergence', 'macd_max_4h')",XGBClassifier,0.20181219110378912,-724,0.2442528735632184,-178,0.55
"('macd_zero', 'rsi_convergence', 'ema_10_50')",XGBClassifier,0.3469387755102041,-15,0.6666666666666666,4,0.6
"('macd_zero', 'rsi_break_4h', 'adx')",XGBClassifier,0.17921059083108606,-5234,0.1841726618705036,-1317,0.5
"('cci', 'cci_4h', 'bb_middle_crossing_4h')",XGBClassifier,0.17055427251732103,-5706,0.18335619570187472,-1385,0.5
"('macd_max', 'adx_4h', 'williams_limit_4h')",XGBClassifier,0.18314424635332252,-3519,0.19057971014492753,-854,0.5
"('cci_4h', 'squeeze_momentum', 'ema_20_channel')",XGBClassifier,0.18037974683544303,-2424,0.17330462863293863,-607,0.5
"('rsi_limit_4h', 'bb_middle_crossing', 'adx_max_21')",XGBClassifier,0.3684210526315789,-10,0.0,-6,0.6
"('macd_zero', 'bb_sqeeze_both_direction_4h', 'rsi')",XGBClassifier,0.1866569978245105,-4321,0.18742985409652077,-1114,0.5
"('macd_zero', 'rsi_break_4h', 'macd_max_4h')",XGBClassifier,0.17969963749352666,-4948,0.18435754189944134,-1243,0.5
"('bb_middle_crossing', 'squeeze_momentum', 'ema_20_channel')",XGBClassifier,0.22735346358792186,-614,0.22033898305084745,-165,0.55
"('macd_zero', 'cci_4h', 'adx_max_21')",XGBClassifier,0.17874753451676528,-5212,0.18173076923076922,-1324,0.5
"('macd_convergence', 'rsi_convergence', 'adx_4h')",XGBClassifier,0.2507204610951009,-346,0.2682926829268293,-95,0.55
"('adx_slope', 'macd_max_4h', 'macd_slope_4h')",XGBClassifier,0.2029598308668076,-1405,0.19759450171821305,-352,0.55
"('macd_convergence', 'candle_4h', 'bb_sqeeze_both_direction')",XGBClassifier,0.24528301886792453,-297,0.25766871165644173,-79,0.6
"('cci', 'macd_max_4h', 'williams_break')",XGBClassifier,0.26541554959785524,-175,0.1827956989247312,-59,0.55
"('ema_20_channel', 'macd_slope_4h', 'adx')",XGBClassifier,0.2099391480730223,-572,0.16595744680851063,-157,0.55
"('adx_slope', 'adx_max_48', 'macd')",XGBClassifier,0.2052401746724891,-1080,0.2039911308203991,-267,0.55
"('macd_max_4h', 'adx_max_4h', 'adx')",XGBClassifier,0.20512820512820512,-276,0.26229508196721313,-58,0.55
"('macd_zero', 'squeeze_momentum', 'adx_max_4h')",XGBClassifier,0.21141479099678456,-718,0.21671826625386997,-183,0.55
"('adx_slope', 'ema_20_channel', 'williams_limit_4h')",XGBClassifier,0.3076923076923077,-40,0.14814814814814814,-19,0.55
"('adx_slope', 'adx_max_48', 'adx_max_4h')",XGBClassifier,0.24074074074074073,-56,0.3055555555555556,-14,0.6
"('cci', 'ema_20_channel', 'adx')",XGBClassifier,0.2727272727272727,-65,0.19230769230769232,-32,0.55
"('rsi_limit_4h', 'ema_10_50', 'bb_sqeeze_both_direction')",XGBClassifier,0.20575329107752316,-1207,0.1960431654676259,-338,0.55
"('cci', 'rsi_break_4h', 'squeeze_momentum')",XGBClassifier,0.20036429872495445,-658,0.25773195876288657,-141,0.55
"('adx_slope', 'macd_convergence', 'cci')",XGBClassifier,0.2479740680713128,-311,0.29375,-66,0.55
"('rsi', 'williams_break', 'bb_middle_crossing_4h')",XGBClassifier,0.22011251758087202,-796,0.2153392330383481,-193,0.55
"('rsi', 'ema_20_channel', 'candle_4h')",XGBClassifier,0.24217462932454695,-313,0.17088607594936708,-104,0.55
"('cci_4h', 'rsi_convergence', 'adx')",XGBClassifier,0.2698412698412698,-29,0.23333333333333334,-16,0.55
"('rsi_limit_4h', 'bb_middle_crossing_4h', 'williams_limit_4h')",XGBClassifier,0.1815598358067572,-2017,0.17701453104359313,-489,0.5
"('macd_zero', 'adx_max_48', 'ema_10_50')",XGBClassifier,0.17874753451676528,-5212,0.18173076923076922,-1324,0.5
"('macd_max', 'williams_break', 'bb_sqeeze_both_direction')",XGBClassifier,0.23509174311926606,-462,0.24537037037037038,-110,0.6
"('macd_max', 'ema_10_50', 'candle_4h')",XGBClassifier,0.18117383735389206,-5128,0.18813806514341275,-1283,0.5
"('rsi', 'adx_max_48', 'macd')",XGBClassifier,0.21324717285945072,-710,0.19756838905775076,-199,0.55
"('ema_20_channel', 'adx_max_4h', 'williams_limit_4h')",XGBClassifier,0.22552447552447552,-314,0.176,-81,0.55
"('macd_max', 'adx_slope', 'adx')",XGBClassifier,0.20869803063457332,-2130,0.22111111111111112,-502,0.5
"('cci', 'adx_max_21', 'adx_max_4h')",XGBClassifier,0.17582049564634963,-1936,0.20161290322580644,-444,0.5
"('macd_max_4h', 'bb_middle_crossing_4h', 'williams_limit_4h')",XGBClassifier,0.18170347003154574,-2018,0.17701453104359313,-489,0.5
"('macd', 'rsi_convergence', 'bb_middle_crossing_4h')",XGBClassifier,0.3333333333333333,-11,0.23076923076923078,-7,0.6
"('adx_slope', 'ema_10_50', 'bb_middle_crossing_4h')",XGBClassifier,0.2556390977443609,-65,0.1724137931034483,-19,0.6
"('squeeze_momentum', 'adx_max_21', 'adx_max_4h')",XGBClassifier,0.2159090909090909,-250,0.23,-54,0.55
"('bb_sqeeze_both_direction', 'williams_limit_4h', 'adx')",XGBClassifier,0.21364744110479286,-705,0.24468085106382978,-144,0.55
"('bb_sqeeze_both_direction_4h', 'adx_4h', 'adx')",XGBClassifier,0.20526723470178157,-761,0.22082018927444794,-177,0.55
"('macd_max_4h', 'williams_break', 'adx_4h')",XGBClassifier,0.24437781109445278,-341,0.23958333333333334,-100,0.6
"('bb_sqeeze_both_direction_4h', 'rsi_convergence', 'ema_20_channel')",XGBClassifier,0.2692307692307692,-60,0.2962962962962963,-11,0.55
"('adx_slope', 'macd_max_4h', 'ema_10_50')",XGBClassifier,0.2088192419825073,-1598,0.21185185185185185,-389,0.55
"('bb_middle_crossing', 'macd_max_4h', 'adx')",XGBClassifier,0.22735346358792186,-614,0.22033898305084745,-165,0.55
"('adx_max_48', 'squeeze_momentum', 'ema_10_50')",XGBClassifier,0.17431706224809673,-5818,0.1792411687745312,-1471,0.5
"('macd_max_4h', 'adx_4h', 'macd_slope_4h')",XGBClassifier,0.20749542961608775,-1280,0.2130841121495327,-307,0.5
"('bb_middle_crossing', 'bb_middle_crossing_4h', 'rsi_convergence5_40')",XGBClassifier,0.25333333333333335,-74,0.25806451612903225,-15,0.6
"('cci_4h', 'adx_max_4h', 'macd_slope')",XGBClassifier,0.2079207920792079,-236,0.20408163265306123,-58,0.55
"('cci_4h', 'adx_4h', 'candle_4h')",XGBClassifier,0.17842557386283622,-4567,0.18115942028985507,-1144,0.5
"('bb_sqeeze_both_direction_4h', 'squeeze_momentum', 'bb_middle_crossing_4h')",XGBClassifier,0.17579732510288065,-5042,0.1816809260191243,-1265,0.5
"('adx_slope', 'rsi', 'bb_middle_crossing')",XGBClassifier,0.30319148936170215,-74,0.3488372093023256,-13,0.6
"('macd_zero', 'bb_middle_crossing', 'rsi_convergence')",XGBClassifier,0.39080459770114945,-19,0.32,-9,0.6
"('cci_4h', 'rsi_limit_4h', 'ema_20_channel')",XGBClassifier,0.22295081967213115,-338,0.14864864864864866,-104,0.55
"('rsi_convergence', 'macd_max_4h', 'candle_4h')",XGBClassifier,0.20319432120674358,-669,0.24924924924924924,-167,0.55
"('rsi_convergence', 'squeeze_momentum', 'ema_20_channel')",XGBClassifier,0.2692307692307692,-60,0.2962962962962963,-11,0.6
"('macd_zero', 'bb_sqeeze_both_direction_4h', 'rsi_break_4h')",XGBClassifier,0.21764705882352942,-96,0.16071428571428573,-38,0.55
"('cci', 'rsi_convergence', 'macd_slope')",XGBClassifier,0.20510894064613072,-785,0.2356020942408377,-202,0.55
"('macd_max', 'squeeze_momentum', 'adx_4h')",XGBClassifier,0.17316319409829528,-6557,0.18570287539936103,-1574,0.5
"('rsi_convergence', 'squeeze_momentum', 'adx_4h')",XGBClassifier,0.2627551020408163,-186,0.2764227642276423,-55,0.55
"('macd_zero', 'macd_slope_4h', 'adx')",XGBClassifier,0.17874753451676528,-5212,0.18173076923076922,-1324,0.5
"('ema_10_50', 'bb_sqeeze_both_direction', 'macd_slope')",XGBClassifier,0.18142347650798574,-4109,0.18545454545454546,-1038,0.5
"('rsi', 'adx_max_48', 'williams_break')",XGBClassifier,0.19734904270986744,-1644,0.19054878048780488,-406,0.5
"('squeeze_momentum', 'williams_break', 'adx')",XGBClassifier,0.26126126126126126,-53,0.32,-9,0.6
"('macd_convergence', 'rsi', 'adx_4h')",XGBClassifier,0.33962264150943394,-68,0.3333333333333333,-21,0.6
"('squeeze_momentum', 'candle_4h', 'williams_limit_4h')",XGBClassifier,0.1721019457385585,-4786,0.17769272826681246,-1179,0.5
"('cci_4h', 'squeeze_momentum', 'adx_4h')",XGBClassifier,0.2175141242937853,-200,0.25301204819277107,-41,0.55
"('adx_slope', 'cci_4h', 'rsi_convergence')",XGBClassifier,0.26855123674911663,-131,0.36904761904761907,-22,0.6
"('squeeze_momentum', 'candle_4h', 'macd_slope_4h')",XGBClassifier,0.25738396624472576,-115,0.2413793103448276,-30,0.6
"('rsi_break_4h', 'rsi', 'squeeze_momentum')",XGBClassifier,0.17043182726909237,-6594,0.18077983458054353,-1621,0.5
"('bb_middle_crossing', 'rsi_convergence', 'williams_break')",XGBClassifier,0.36283185840707965,-31,0.3103448275862069,-11,0.6
"('macd_max', 'macd_max_4h', 'adx_max_21')",XGBClassifier,0.21575984990619138,-303,0.24817518248175183,-69,0.55
"('bb_middle_crossing', 'macd_max_4h', 'williams_break')",XGBClassifier,0.2433234421364985,-346,0.22093023255813954,-96,0.6
"('cci_4h', 'rsi_break_4h', 'macd')",XGBClassifier,0.218562874251497,-376,0.19428571428571428,-107,0.55
"('macd', 'bb_sqeeze_both_direction', 'macd_slope_4h')",XGBClassifier,0.21860019175455417,-587,0.21722846441947566,-151,0.55
"('macd_zero', 'bb_middle_crossing', 'adx_4h')",XGBClassifier,0.2541436464088398,-178,0.24561403508771928,-58,0.6
"('macd_max', 'rsi', 'adx')",XGBClassifier,0.17316319409829528,-6557,0.18570287539936103,-1574,0.45
"('macd_max', 'macd_zero', 'cci')",XGBClassifier,0.23376623376623376,-246,0.2127659574468085,-81,0.55
"('macd_max', 'adx_slope', 'rsi_convergence')",XGBClassifier,0.25485436893203883,-202,0.3620689655172414,-32,0.6
"('bb_sqeeze_both_direction_4h', 'bb_middle_crossing', 'bb_sqeeze_both_direction')",XGBClassifier,0.24758454106280192,-418,0.23857868020304568,-103,0.55
"('rsi', 'candle_4h', 'bb_sqeeze_both_direction')",XGBClassifier,0.18296868296868296,-2956,0.1837270341207349,-723,0.5
"('adx_max_48', 'macd_max_4h', 'macd_slope_4h')",XGBClassifier,0.1722495634227655,-4129,0.17556270096463023,-1009,0.5
"('macd_zero', 'macd_convergence', 'adx')",XGBClassifier,0.1893664767823235,-3599,0.18880647336480108,-923,0.5
"('bb_middle_crossing', 'macd_max_4h', 'bb_middle_crossing_4h')",XGBClassifier,0.2897196261682243,-45,0.2692307692307692,-12,0.6
"('squeeze_momentum', 'candle_4h', 'bb_sqeeze_both_direction')",XGBClassifier,0.2962962962962963,-11,0.0,-3,0.55
"('macd_max', 'cci_4h', 'williams_break')",XGBClassifier,0.4166666666666667,-2,0.0,-2,0.6
"('cci', 'rsi_break_4h', 'macd_max_4h')",XGBClassifier,0.17678631331767863,-1927,0.1979565772669221,-473,0.5
"('ema_10_50', 'adx_4h', 'macd_slope_4h')",XGBClassifier,0.2080436941410129,-1176,0.19959677419354838,-298,0.55
"('macd_max', 'macd_zero', 'bb_sqeeze_both_direction')",XGBClassifier,0.19880119880119881,-3015,0.19732704402515724,-770,0.5
"('rsi_break_4h', 'adx_max_21', 'adx_max_4h')",XGBClassifier,0.19640971488912354,-575,0.21304347826086956,-132,0.5
"('bb_sqeeze_both_direction_4h', 'adx_4h', 'rsi_convergence5_40')",XGBClassifier,0.23291139240506328,-211,0.2540983606557377,-60,0.55
"('squeeze_momentum', 'williams_break', 'rsi_convergence5_40')",XGBClassifier,0.26755852842809363,-139,0.2727272727272727,-30,0.6
"('macd_max', 'rsi_break_4h', 'rsi_convergence5_40')",XGBClassifier,0.17387360145146658,-6471,0.1877782274382841,-1543,0.45
"('macd_convergence', 'adx_max_48', 'bb_sqeeze_both_direction')",XGBClassifier,0.2476525821596244,-430,0.26666666666666666,-112,0.55
"('rsi_break_4h', 'macd', 'bb_sqeeze_both_direction')",XGBClassifier,0.17867100371747213,-2766,0.1813953488372093,-685,0.5
"('macd_max_4h', 'ema_20_channel', 'candle_4h')",XGBClassifier,0.2727272727272727,-40,0.3333333333333333,-5,0.55
"('macd_max', 'rsi_break_4h', 'ema_10_50')",XGBClassifier,0.18117383735389206,-5128,0.18813806514341275,-1283,0.5
"('adx_max_48', 'bb_middle_crossing_4h', 'rsi_convergence5_40')",XGBClassifier,0.18146383715894326,-1471,0.1832191780821918,-370,0.5
"('macd_zero', 'bb_sqeeze_both_direction_4h', 'bb_middle_crossing_4h')",XGBClassifier,0.18917302228203978,-4157,0.18531267928858292,-1097,0.5
"('macd_convergence', 'macd', 'bb_sqeeze_both_direction')",XGBClassifier,0.22651448639157157,-623,0.2367601246105919,-169,0.55
"('rsi_limit_4h', 'macd', 'macd_slope_4h')",XGBClassifier,0.2090183184593706,-1239,0.2147887323943662,-324,0.55
"('macd_zero', 'adx_slope', 'squeeze_momentum')",XGBClassifier,0.2909090909090909,-69,0.3142857142857143,-13,0.6
"('bb_sqeeze_both_direction_4h', 'bb_middle_crossing', 'adx_max_21')",RandomForestClassifier,0.5454545454545454,1,0.3333333333333333,-1,0.45
"('macd_max', 'macd_convergence', 'adx_4h')",XGBClassifier,0.25738396624472576,-230,0.2714285714285714,-64,0.6
"('cci_4h', 'rsi', 'macd_max_4h')",XGBClassifier,0.24,-130,0.3181818181818182,-24,0.55
"('macd_convergence', 'cci', 'bb_middle_crossing_4h')",RandomForestClassifier,0.5625,4,0.4444444444444444,-1,0.45
"('macd', 'macd_slope_4h', 'adx_max_4h')",XGBClassifier,0.23178807947019867,-162,0.21052631578947367,-44,0.55
"('macd_convergence', 'bb_middle_crossing', 'williams_limit_4h')",XGBClassifier,0.3352941176470588,-56,0.3469387755102041,-15,0.6
"('bb_middle_crossing', 'adx_4h', 'adx_max_21')",XGBClassifier,0.5333333333333333,1,0.3333333333333333,-1,0.6
"('cci_4h', 'rsi', 'adx')",XGBClassifier,0.42857142857142855,-1,0.6666666666666666,1,0.55
"('rsi_break_4h', 'williams_break', 'macd_slope')",XGBClassifier,0.27314814814814814,-98,0.28888888888888886,-19,0.6
"('macd_max', 'bb_sqeeze_both_direction', 'adx_max_4h')",XGBClassifier,0.20745542949756887,-361,0.25925925925925924,-65,0.55
"('adx_max_48', 'bb_middle_crossing', 'ema_10_50')",XGBClassifier,0.2452153110047847,-426,0.2288135593220339,-128,0.55
"('rsi_limit_4h', 'macd_max_4h', 'macd_slope')",XGBClassifier,0.17947832095353256,-3711,0.17842323651452283,-930,0.5
"('cci', 'rsi_limit_4h', 'adx_max_4h')",XGBClassifier,0.19953863898500576,-521,0.22325581395348837,-119,0.55
"('rsi_break_4h', 'ema_10_50', 'bb_sqeeze_both_direction')",XGBClassifier,0.18142347650798574,-4109,0.18545454545454546,-1038,0.5
"('macd_convergence', 'rsi_break_4h', 'rsi')",XGBClassifier,0.3829787234042553,-11,0.25,-8,0.6
"('adx_slope', 'squeeze_momentum', 'adx')",XGBClassifier,0.24060150375939848,-69,0.16,-17,0.6
"('macd_max', 'adx_slope', 'cci')",XGBClassifier,0.20869803063457332,-2130,0.22111111111111112,-502,0.5
"('cci_4h', 'bb_middle_crossing', 'candle_4h')",RandomForestClassifier,0.5789473684210527,3,0.5,0,0.45
"('ema_20_channel', 'adx_max_21', 'adx_max_4h')",XGBClassifier,0.3150684931506849,-27,0.3157894736842105,-7,0.6
"('bb_middle_crossing', 'ema_20_channel', 'adx')",XGBClassifier,0.22735346358792186,-614,0.22033898305084745,-165,0.55
"('bb_sqeeze_both_direction_4h', 'williams_break', 'ema_20_channel')",XGBClassifier,0.23041894353369763,-592,0.23107569721115537,-135,0.55
"('macd_zero', 'squeeze_momentum', 'adx_max_21')",XGBClassifier,0.25806451612903225,-75,0.08571428571428572,-29,0.6
"('macd_zero', 'rsi', 'candle_4h')",XGBClassifier,0.18844138834315652,-3806,0.18702770780856423,-994,0.5
"('rsi_convergence', 'rsi_convergence5_40', 'adx_max_21')",XGBClassifier,0.22817460317460317,-274,0.2732919254658385,-73,0.55
"('macd_max', 'rsi_limit_4h', 'williams_limit_4h')",XGBClassifier,0.17316319409829528,-6557,0.18570287539936103,-1574,0.45
"('rsi_limit_4h', 'rsi_convergence', 'williams_limit_4h')",XGBClassifier,0.22060957910014514,-385,0.24528301886792453,-108,0.55
"('cci_4h', 'ema_20_channel', 'macd_slope_4h')",XGBClassifier,0.2513089005235602,-95,0.16279069767441862,-29,0.55
"('bb_middle_crossing', 'squeeze_momentum', 'adx_max_21')",XGBClassifier,0.22735346358792186,-614,0.22033898305084745,-165,0.55
"('cci_4h', 'bb_sqeeze_both_direction_4h', 'rsi_break_4h')",XGBClassifier,0.17825960419091968,-4422,0.1825938566552901,-1116,0.5
"('cci_4h', 'adx_max_4h', 'williams_limit_4h')",XGBClassifier,0.3055555555555556,-14,0.2727272727272727,-5,0.6
"('macd_max', 'rsi_break_4h', 'bb_sqeeze_both_direction')",XGBClassifier,0.4,-1,0.0,0,0.55
"('macd_convergence', 'rsi', 'macd')",XGBClassifier,0.240128068303095,-487,0.25735294117647056,-132,0.55
"('cci_4h', 'rsi_limit_4h', 'bb_sqeeze_both_direction')",XGBClassifier,0.17756292203806015,-4202,0.1918568784700802,-999,0.5
"('macd', 'williams_break', 'macd_slope_4h')",XGBClassifier,0.19761668321747766,-2436,0.20333988212180745,-604,0.5
"('cci_4h', 'macd', 'macd_max_4h')",XGBClassifier,0.24396135265700483,-212,0.2336448598130841,-57,0.6
"('squeeze_momentum', 'rsi_convergence5_40', 'macd_slope_4h')",XGBClassifier,0.23872679045092837,-197,0.23958333333333334,-50,0.55
"('adx_max_48', 'squeeze_momentum', 'adx')",XGBClassifier,0.1714021000617665,-4256,0.17541692402717726,-1051,0.5
"('cci', 'rsi_convergence', 'ema_10_50')",XGBClassifier,0.23219814241486067,-346,0.23655913978494625,-98,0.55
"('rsi', 'adx_max_48', 'rsi_convergence5_40')",XGBClassifier,0.2857142857142857,-54,0.05714285714285714,-31,0.55
"('cci', 'macd', 'adx_max_21')",XGBClassifier,0.2727272727272727,-20,0.1,-8,0.55
"('bb_sqeeze_both_direction_4h', 'squeeze_momentum', 'rsi_convergence5_40')",XGBClassifier,0.17240459033893782,-4910,0.18282988871224165,-1197,0.5
"('macd_zero', 'rsi_limit_4h', 'adx_max_21')",XGBClassifier,0.2021878536401358,-1579,0.18518518518518517,-442,0.55
"('squeeze_momentum', 'adx_4h', 'bb_sqeeze_both_direction')",XGBClassifier,0.20220264317180617,-1352,0.22108843537414966,-328,0.5
"('adx_slope', 'ema_10_50', 'adx_max_4h')",XGBClassifier,0.2055573097568677,-1865,0.2065081351689612,-469,0.55
"('bb_middle_crossing', 'rsi_convergence', 'bb_sqeeze_both_direction')",XGBClassifier,0.36283185840707965,-31,0.3103448275862069,-11,0.55
"('bb_middle_crossing_4h', 'bb_sqeeze_both_direction', 'adx_max_21')",XGBClassifier,0.3333333333333333,-5,0.25,-2,0.55
"('adx_slope', 'macd_max_4h', 'ema_20_channel')",XGBClassifier,0.24924012158054712,-165,0.25316455696202533,-39,0.55
"('macd_zero', 'bb_middle_crossing_4h', 'williams_limit_4h')",XGBClassifier,0.21036948748510131,-972,0.19592875318066158,-239,0.55
"('bb_sqeeze_both_direction_4h', 'rsi_convergence5_40', 'macd_slope_4h')",XGBClassifier,0.1800421375215476,-3341,0.1831306990881459,-834,0.5
"('ema_20_channel', 'bb_sqeeze_both_direction', 'adx')",XGBClassifier,0.2222222222222222,-160,0.14516129032258066,-44,0.55
"('adx_slope', 'macd', 'adx_max_4h')",XGBClassifier,0.20588235294117646,-1560,0.19903691813804172,-375,0.55
"('cci', 'squeeze_momentum', 'ema_10_50')",XGBClassifier,0.24091778202676864,-271,0.24074074074074073,-84,0.55
"('ema_20_channel', 'adx_4h', 'macd_slope_4h')",XGBClassifier,0.20889202540578689,-1650,0.19681620839363242,-419,0.5
"('rsi_break_4h', 'ema_10_50', 'ema_20_channel')",XGBClassifier,0.25316455696202533,-117,0.15384615384615385,-45,0.55
"('bb_sqeeze_both_direction_4h', 'rsi_break_4h', 'macd_slope')",XGBClassifier,0.21052631578947367,-209,0.1206896551724138,-88,0.55
"('cci', 'rsi_convergence', 'adx')",XGBClassifier,0.22198275862068967,-258,0.2357142857142857,-74,0.55
"('adx_slope', 'adx_max_48', 'macd_slope')",XGBClassifier,0.20025188916876574,-1428,0.1969178082191781,-354,0.55
"('rsi_break_4h', 'bb_middle_crossing_4h', 'adx_max_21')",XGBClassifier,0.30303030303030304,-13,0.125,-6,0.55
"('williams_break', 'adx_max_4h', 'williams_limit_4h')",XGBClassifier,0.2786885245901639,-54,0.4090909090909091,-4,0.6
"('williams_break', 'adx_max_21', 'macd_slope')",XGBClassifier,0.2712765957446808,-86,0.2972972972972973,-15,0.6
"('bb_middle_crossing', 'candle_4h', 'macd_slope')",XGBClassifier,0.36666666666666664,-16,0.3,-4,0.6
"('bb_sqeeze_both_direction_4h', 'adx_max_48', 'adx_4h')",XGBClassifier,0.19198149575944487,-1598,0.20950965824665677,-391,0.5
"('rsi_break_4h', 'candle_4h', 'adx_max_4h')",XGBClassifier,0.2,-249,0.16326530612244897,-66,0.55
"('macd_convergence', 'bb_sqeeze_both_direction', 'macd_slope_4h')",XGBClassifier,0.2551867219917012,-236,0.2706766917293233,-61,0.6
"('ema_20_channel', 'bb_sqeeze_both_direction', 'macd_slope')",XGBClassifier,0.2336448598130841,-114,0.32653061224489793,-17,0.55
"('adx_slope', 'cci', 'ema_10_50')",XGBClassifier,0.2532051282051282,-154,0.26136363636363635,-42,0.6
"('cci_4h', 'squeeze_momentum', 'adx_max_4h')",XGBClassifier,0.22131147540983606,-136,0.23214285714285715,-30,0.55
"('macd_zero', 'adx_max_48', 'williams_limit_4h')",XGBClassifier,0.17874753451676528,-5212,0.18173076923076922,-1324,0.5
"('adx_slope', 'ema_20_channel', 'adx_max_4h')",XGBClassifier,0.25523012552301255,-117,0.23076923076923078,-35,0.55
"('macd_convergence', 'adx_4h', 'bb_sqeeze_both_direction')",XGBClassifier,0.2926829268292683,-153,0.2807017543859649,-50,0.55
"('bb_sqeeze_both_direction_4h', 'rsi_break_4h', 'adx_max_48')",XGBClassifier,0.17089041095890412,-5766,0.17684305744007237,-1429,0.5
"('adx_max_48', 'macd', 'macd_slope')",XGBClassifier,0.20298507462686566,-199,0.21052631578947367,-44,0.55
"('candle_4h', 'adx_max_21', 'adx_max_4h')",XGBClassifier,0.21940928270042195,-266,0.21296296296296297,-62,0.55
"('adx_slope', 'squeeze_momentum', 'macd_slope_4h')",XGBClassifier,0.288,-53,0.3225806451612903,-11,0.55
"('bb_middle_crossing', 'rsi_convergence', 'bb_middle_crossing_4h')",XGBClassifier,0.36283185840707965,-31,0.3103448275862069,-11,0.55
"('cci', 'adx_max_48', 'bb_middle_crossing')",XGBClassifier,0.2702702702702703,-102,0.25806451612903225,-30,0.6
"('adx_slope', 'bb_sqeeze_both_direction_4h', 'macd_max_4h')",XGBClassifier,0.19106382978723405,-2904,0.20477815699658702,-692,0.5
"('squeeze_momentum', 'bb_sqeeze_both_direction', 'macd_slope_4h')",XGBClassifier,0.3181818181818182,-8,0.2,-3,0.55
"('ema_10_50', 'candle_4h', 'adx_max_4h')",XGBClassifier,0.18243849883282456,-3537,0.18394886363636365,-890,0.5
"('rsi_break_4h', 'squeeze_momentum', 'adx_max_4h')",XGBClassifier,1.0,1,0.0,0,0.55
"('rsi_convergence5_40', 'adx_max_21', 'adx')",XGBClassifier,0.2702702702702703,-17,0.38461538461538464,-3,0.55
"('adx_max_48', 'bb_sqeeze_both_direction', 'adx')",XGBClassifier,0.17285965352749183,-5212,0.19111776447105788,-1238,0.5
"('rsi', 'adx_max_4h', 'macd_slope')",XGBClassifier,0.22297297297297297,-246,0.21296296296296297,-62,0.55
"('rsi', 'bb_middle_crossing', 'ema_10_50')",XGBClassifier,0.25874125874125875,-276,0.20359281437125748,-99,0.6
"('adx_slope', 'adx_max_48', 'ema_10_50')",XGBClassifier,0.2055573097568677,-1865,0.2065081351689612,-469,0.5
"('rsi_break_4h', 'ema_20_channel', 'adx_4h')",XGBClassifier,0.29213483146067415,-37,0.21212121212121213,-19,0.55
"('macd', 'rsi_convergence5_40', 'macd_slope')",XGBClassifier,0.1841701381276036,-2881,0.17698343504795117,-741,0.5
"('macd', 'rsi_convergence', 'squeeze_momentum')",XGBClassifier,0.3253012048192771,-29,0.29411764705882354,-7,0.6
"('cci', 'macd_max_4h', 'macd_slope_4h')",XGBClassifier,0.28735632183908044,-37,0.32,-9,0.55
"('adx_slope', 'rsi_convergence', 'adx_max_4h')",XGBClassifier,0.24242424242424243,-221,0.2982456140350877,-46,0.6
"('rsi_convergence', 'ema_10_50', 'macd_slope')",XGBClassifier,0.1748342931652722,-5985,0.1814720812182741,-1506,0.45
"('squeeze_momentum', 'macd_max_4h', 'adx_4h')",XGBClassifier,0.21052631578947367,-99,0.38095238095238093,-10,0.55
"('cci_4h', 'bb_middle_crossing_4h', 'adx_max_21')",XGBClassifier,0.16943412715752676,-6052,0.18032076289553534,-1475,0.5
"('rsi_convergence', 'squeeze_momentum', 'bb_middle_crossing_4h')",XGBClassifier,0.20772058823529413,-636,0.2523364485981308,-159,0.55
"('rsi_convergence5_40', 'bb_sqeeze_both_direction', 'adx_max_21')",XGBClassifier,0.17056562328390995,-5999,0.18165938864628822,-1458,0.5
"('candle_4h', 'rsi_convergence5_40', 'adx_max_21')",XGBClassifier,0.20140845070422536,-424,0.1559633027522936,-150,0.55
"('cci_4h', 'squeeze_momentum', 'adx_max_21')",XGBClassifier,0.23529411764705882,-90,0.075,-34,0.55
"('rsi_break_4h', 'squeeze_momentum', 'ema_20_channel')",XGBClassifier,0.2517985611510791,-69,0.17073170731707318,-27,0.55
"('cci', 'candle_4h', 'macd_slope_4h')",XGBClassifier,0.27419354838709675,-28,0.23076923076923078,-14,0.55
"('rsi', 'bb_middle_crossing', 'williams_limit_4h')",XGBClassifier,0.2209183673469388,-1094,0.2052313883299799,-293,0.5
"('bb_middle_crossing', 'ema_10_50', 'rsi_convergence5_40')",XGBClassifier,0.17436564736499674,-6006,0.179421768707483,-1508,0.5
"('bb_sqeeze_both_direction_4h', 'macd', 'adx_4h')",XGBClassifier,0.21335379892555642,-747,0.22023809523809523,-188,0.55
"('adx_slope', 'cci_4h', 'rsi')",XGBClassifier,0.20499419279907086,-2032,0.20530565167243367,-511,0.5
"('bb_middle_crossing', 'bb_middle_crossing_4h', 'macd_slope')",XGBClassifier,0.2835820895522388,-58,0.28125,-14,0.6
"('adx_slope', 'macd', 'bb_sqeeze_both_direction')",XGBClassifier,0.18995327102803738,-2654,0.195357833655706,-630,0.5
"('macd_max', 'rsi_limit_4h', 'adx_max_4h')",RandomForestClassifier,0.0,0,0.0,0,0.5
"('rsi', 'adx_max_48', 'ema_10_50')",XGBClassifier,0.19643652561247216,-1363,0.19249592169657423,-377,0.55
"('cci', 'ema_20_channel', 'williams_limit_4h')",XGBClassifier,0.2727272727272727,-65,0.19230769230769232,-32,0.6
"('adx_slope', 'rsi_limit_4h', 'ema_10_50')",XGBClassifier,0.24785100286532952,-352,0.20454545454545456,-104,0.55
"('adx_slope', 'candle_4h', 'williams_limit_4h')",XGBClassifier,0.26150121065375304,-197,0.21978021978021978,-51,0.55
"('rsi', 'ema_10_50', 'bb_sqeeze_both_direction')",XGBClassifier,0.1806547218105887,-4741,0.18105263157894738,-1212,0.5
"('macd_zero', 'rsi_limit_4h', 'squeeze_momentum')",XGBClassifier,0.20375079465988558,-1864,0.18531889290012032,-523,0.5
"('adx_4h', 'bb_middle_crossing_4h', 'adx_max_21')",RandomForestClassifier,0.5384615384615384,1,0.4,-1,0.45
"('cci_4h', 'adx_4h', 'adx_max_4h')",XGBClassifier,0.19760479041916168,-404,0.18292682926829268,-104,0.55
"('macd_zero', 'bb_sqeeze_both_direction', 'macd_slope')",XGBClassifier,0.18791593695271452,-3564,0.18668496911461907,-913,0.5
"('macd_zero', 'bb_sqeeze_both_direction', 'adx_max_21')",XGBClassifier,0.21120689655172414,-134,0.28378378378378377,-32,0.55
"('adx_max_48', 'macd', 'squeeze_momentum')",XGBClassifier,0.32222222222222224,-32,0.3157894736842105,-7,0.55
"('squeeze_momentum', 'williams_break', 'bb_sqeeze_both_direction')",XGBClassifier,0.17811130296188074,-4847,0.1893048128342246,-1162,0.5
"('cci_4h', 'ema_10_50', 'williams_break')",XGBClassifier,0.23361034164358263,-577,0.2209737827715356,-149,0.55
"('macd_zero', 'adx_slope', 'macd')",XGBClassifier,0.26277372262773724,-260,0.27672955974842767,-71,0.55
"('macd', 'ema_20_channel', 'candle_4h')",XGBClassifier,0.21271676300578035,-497,0.18518518518518517,-136,0.55
"('macd_zero', 'rsi', 'rsi_convergence5_40')",XGBClassifier,0.20224719101123595,-1484,0.2027231467473525,-393,0.55
"('cci', 'macd_slope', 'williams_limit_4h')",XGBClassifier,0.35135135135135137,-11,0.0,-5,0.6
"('cci', 'rsi_limit_4h', 'macd_slope_4h')",XGBClassifier,0.2647058823529412,-32,0.2631578947368421,-9,0.55
"('squeeze_momentum', 'macd_max_4h', 'bb_sqeeze_both_direction')",XGBClassifier,0.6666666666666666,1,0.0,0,0.55
"('macd_zero', 'adx_max_48', 'macd_max_4h')",XGBClassifier,0.24629080118694363,-171,0.2457627118644068,-60,0.55
"('macd_convergence', 'rsi_limit_4h', 'macd_max_4h')",XGBClassifier,0.2503681885125184,-339,0.25252525252525254,-98,0.55
"('macd_zero', 'rsi', 'williams_break')",XGBClassifier,0.24587706146926536,-339,0.22988505747126436,-94,0.6
"('macd_zero', 'adx_max_4h', 'adx')",XGBClassifier,0.21171770972037285,-433,0.22340425531914893,-104,0.55
"('cci_4h', 'macd', 'williams_break')",XGBClassifier,0.22228088701161564,-1052,0.20512820512820512,-276,0.55
"('rsi_convergence', 'adx_4h', 'williams_limit_4h')",XGBClassifier,0.28879310344827586,-98,0.27631578947368424,-34,0.6
"('macd_max', 'rsi_limit_4h', 'bb_middle_crossing')",XGBClassifier,0.18565484446205666,-3173,0.18274509803921568,-809,0.5
"('macd_convergence', 'cci', 'williams_break')",XGBClassifier,0.2985781990521327,-85,0.3142857142857143,-26,0.6
"('macd_max_4h', 'candle_4h', 'macd_slope_4h')",XGBClassifier,0.18095482546201233,-2486,0.18181818181818182,-616,0.5
"('bb_sqeeze_both_direction_4h', 'adx_max_48', 'candle_4h')",XGBClassifier,0.18082936777702244,-2817,0.18238993710691823,-707,0.5
"('ema_10_50', 'candle_4h', 'adx')",XGBClassifier,0.17431706224809673,-5818,0.1792411687745312,-1471,0.45
"('rsi_limit_4h', 'rsi_convergence', 'candle_4h')",XGBClassifier,0.22060957910014514,-385,0.24528301886792453,-108,0.55
"('bb_sqeeze_both_direction_4h', 'bb_sqeeze_both_direction', 'adx_max_4h')",XGBClassifier,0.19816272965879264,-460,0.22099447513812154,-101,0.55
"('rsi_break_4h', 'candle_4h', 'adx')",XGBClassifier,0.17534246575342466,-3792,0.18707940780619112,-930,0.5
"('cci_4h', 'bb_sqeeze_both_direction_4h', 'macd_slope_4h')",XGBClassifier,0.25384615384615383,-64,0.1875,-20,0.6
"('macd_max_4h', 'williams_break', 'macd_slope')",XGBClassifier,0.25588235294117645,-166,0.27631578947368424,-34,0.6
"('rsi_break_4h', 'rsi_convergence5_40', 'macd_slope_4h')",XGBClassifier,0.17407785391456482,-4471,0.18054746651135703,-1097,0.5
"('bb_middle_crossing', 'williams_break', 'adx_max_21')",XGBClassifier,0.2433234421364985,-346,0.22093023255813954,-96,0.6
"('rsi_limit_4h', 'bb_middle_crossing', 'rsi_convergence5_40')",XGBClassifier,0.28888888888888886,-19,0.125,-12,0.6
"('bb_sqeeze_both_direction_4h', 'rsi', 'williams_limit_4h')",XGBClassifier,0.23709677419354838,-326,0.19375,-98,0.55
"('adx_slope', 'bb_middle_crossing', 'williams_break')",XGBClassifier,0.30319148936170215,-74,0.3488372093023256,-13,0.6
"('adx_max_48', 'adx_4h', 'adx_max_21')",XGBClassifier,0.2196969696969697,-74,0.21621621621621623,-21,0.55
"('macd_zero', 'macd', 'adx_4h')",XGBClassifier,0.25263157894736843,-329,0.23880597014925373,-105,0.55
"('adx_slope', 'cci', 'rsi_convergence')",XGBClassifier,0.23917525773195877,-253,0.3233082706766917,-47,0.55
"('cci_4h', 'squeeze_momentum', 'macd_slope')",XGBClassifier,0.27485380116959063,-77,0.2727272727272727,-15,0.55
"('rsi', 'candle_4h', 'macd_slope_4h')",XGBClassifier,0.18069201196070056,-2990,0.19385140905209222,-717,0.5
"('macd_convergence', 'rsi', 'squeeze_momentum')",XGBClassifier,0.2545454545454545,-324,0.2670157068062827,-89,0.6
"('adx_slope', 'bb_sqeeze_both_direction', 'macd_slope')",XGBClassifier,0.20439780109945027,-1183,0.1957894736842105,-289,0.55
"('macd_max', 'adx_max_4h', 'williams_limit_4h')",XGBClassifier,0.20424403183023873,-446,0.24855491329479767,-87,0.55
"('cci_4h', 'bb_sqeeze_both_direction_4h', 'squeeze_momentum')",XGBClassifier,0.17436679174484052,-5554,0.18288119738072967,-1356,0.5
"('adx_4h', 'bb_sqeeze_both_direction', 'macd_slope')",XGBClassifier,0.20163690476190477,-802,0.2116564417177914,-188,0.55
"('adx_slope', 'candle_4h', 'rsi_convergence5_40')",XGBClassifier,0.26174496644295303,-142,0.22826086956521738,-50,0.55
"('macd_max_4h', 'williams_break', 'bb_middle_crossing_4h')",XGBClassifier,0.273972602739726,-66,0.275,-18,0.6
"('macd_zero', 'rsi', 'macd_max_4h')",XGBClassifier,0.2535211267605634,-175,0.25,-54,0.55
"('macd_max', 'rsi', 'macd_slope_4h')",XGBClassifier,0.17333333333333334,-6566,0.18518518518518517,-1581,0.5
"('macd_max', 'rsi', 'ema_10_50')",XGBClassifier,0.18118639861007693,-5138,0.18853255587949466,-1282,0.5
"('macd_zero', 'williams_break', 'macd_slope')",XGBClassifier,0.27461139896373055,-87,0.2926829268292683,-17,0.55
"('squeeze_momentum', 'bb_middle_crossing_4h', 'adx_max_21')",XGBClassifier,0.6,1,0.0,-2,0.55
"('macd_zero', 'macd_max_4h', 'macd_slope')",XGBClassifier,0.2061752988047809,-590,0.21694915254237288,-167,0.55
"('cci_4h', 'bb_middle_crossing_4h', 'macd_slope_4h')",XGBClassifier,0.1708680403331872,-6006,0.18193604148660328,-1472,0.5
"('rsi_convergence', 'bb_middle_crossing_4h', 'rsi_convergence5_40')",XGBClassifier,0.22429906542056074,-236,0.28888888888888886,-57,0.55
"('rsi_convergence', 'adx_max_21', 'macd_slope_4h')",XGBClassifier,0.24611973392461198,-229,0.2537313432835821,-66,0.6
"('cci_4h', 'squeeze_momentum', 'rsi_convergence5_40')",XGBClassifier,0.16888063167673015,-7129,0.17896678966789667,-1740,0.45
"('cci_4h', 'bb_middle_crossing', 'macd_slope')",RandomForestClassifier,0.68,9,0.2,-3,0.45
"('bb_sqeeze_both_direction_4h', 'adx_max_48', 'bb_sqeeze_both_direction')",XGBClassifier,0.17235396182764604,-4532,0.19232970807097882,-1075,0.5
"('cci', 'bb_middle_crossing', 'candle_4h')",XGBClassifier,0.26558265582655827,-173,0.21739130434782608,-52,0.55
"('bb_sqeeze_both_direction_4h', 'adx_max_21', 'macd_slope_4h')",XGBClassifier,0.3333333333333333,-5,0.5,0,0.55
"('rsi_limit_4h', 'rsi_break_4h', 'bb_middle_crossing_4h')",XGBClassifier,0.173903743315508,-3049,0.1746166950596252,-764,0.5
"('cci_4h', 'squeeze_momentum', 'macd_max_4h')",XGBClassifier,0.24113475177304963,-73,0.18518518518518517,-17,0.55
"('rsi_limit_4h', 'adx_max_21', 'adx')",XGBClassifier,0.32,-9,0.5555555555555556,1,0.55
"('adx_slope', 'rsi_limit_4h', 'rsi_convergence5_40')",XGBClassifier,0.21788617886178863,-347,0.2345679012345679,-86,0.55
"('rsi_limit_4h', 'rsi_break_4h', 'macd_slope_4h')",XGBClassifier,0.17394455517303858,-3599,0.17877906976744187,-884,0.5
"('adx_slope', 'adx_max_48', 'bb_middle_crossing')",XGBClassifier,0.28157894736842104,-166,0.25842696629213485,-43,0.6
"('williams_break', 'adx_max_4h', 'adx')",XGBClassifier,0.30927835051546393,-37,0.4444444444444444,-2,0.6
"('rsi_break_4h', 'rsi_convergence', 'williams_limit_4h')",XGBClassifier,0.34782608695652173,-14,0.25,-6,0.55
"('adx_max_21', 'macd_slope_4h', 'adx')",XGBClassifier,0.36,-7,0.25,-2,0.55
"('macd_zero', 'ema_10_50', 'williams_break')",XGBClassifier,0.237,-526,0.2217741935483871,-138,0.55
"('bb_sqeeze_both_direction_4h', 'bb_middle_crossing', 'rsi_convergence5_40')",XGBClassifier,0.2007011393514461,-1366,0.20483870967741935,-366,0.5
"('williams_break', 'ema_20_channel', 'bb_sqeeze_both_direction')",XGBClassifier,0.23742138364779874,-334,0.24539877300613497,-83,0.6
"('cci', 'squeeze_momentum', 'williams_break')",XGBClassifier,0.20367534456355282,-1548,0.22943037974683544,-342,0.5
"('rsi_limit_4h', 'macd', 'rsi_convergence5_40')",XGBClassifier,0.18412408759124088,-3462,0.18920812894183603,-887,0.5
"('macd_max', 'bb_sqeeze_both_direction_4h', 'bb_middle_crossing_4h')",XGBClassifier,0.18009419930589984,-5162,0.18861386138613861,-1258,0.5
"('macd_max', 'bb_middle_crossing_4h', 'macd_slope_4h')",XGBClassifier,0.1817234190410007,-3664,0.18606271777003483,-901,0.5
"('macd_max_4h', 'ema_10_50', 'williams_break')",XGBClassifier,0.3064516129032258,-48,0.22580645161290322,-17,0.6
"('rsi_break_4h', 'williams_break', 'rsi_convergence5_40')",XGBClassifier,0.2832369942196532,-75,0.2894736842105263,-16,0.6
"('ema_10_50', 'rsi_convergence5_40', 'adx_max_21')",XGBClassifier,0.1746987951807229,-5724,0.17831858407079645,-1454,0.5
"('rsi_limit_4h', 'squeeze_momentum', 'macd_max_4h')",XGBClassifier,0.20242914979757085,-147,0.24193548387096775,-32,0.55
"('cci', 'ema_10_50', 'adx_4h')",XGBClassifier,0.2887700534759358,-79,0.25,-30,0.6
"('macd_max', 'cci_4h', 'bb_sqeeze_both_direction_4h')",XGBClassifier,0.17920818038804404,-4894,0.191129883843717,-1170,0.5
"('macd_convergence', 'macd', 'squeeze_momentum')",XGBClassifier,0.32222222222222224,-32,0.3157894736842105,-7,0.6
"('bb_sqeeze_both_direction_4h', 'adx_max_4h', 'adx')",XGBClassifier,0.19865319865319866,-537,0.21395348837209302,-123,0.55
"('bb_middle_crossing', 'ema_20_channel', 'macd_slope')",XGBClassifier,0.32608695652173914,-32,0.30434782608695654,-9,0.6
"('rsi_break_4h', 'adx_4h', 'adx')",XGBClassifier,0.19947229551451187,-1139,0.21428571428571427,-272,0.5
"('cci_4h', 'rsi_convergence', 'adx_max_21')",XGBClassifier,0.20841487279843443,-596,0.25597269624573377,-143,0.55
"('bb_middle_crossing', 'squeeze_momentum', 'macd_max_4h')",XGBClassifier,0.2897196261682243,-45,0.2692307692307692,-12,0.6
"('macd_max_4h', 'bb_middle_crossing_4h', 'macd_slope_4h')",XGBClassifier,0.17236089806163715,-4699,0.17439910564561206,-1165,0.5
"('rsi_convergence', 'macd_max_4h', 'bb_middle_crossing_4h')",XGBClassifier,0.20181219110378912,-724,0.2442528735632184,-178,0.55
"('adx_slope', 'macd_max_4h', 'rsi_convergence5_40')",XGBClassifier,0.19216931216931216,-2909,0.2076923076923077,-684,0.5
"('macd_zero', 'cci', 'macd')",XGBClassifier,0.24382716049382716,-166,0.21505376344086022,-53,0.6
"('macd_convergence', 'cci', 'macd_slope_4h')",XGBClassifier,0.21059190031152647,-929,0.23851203501094093,-239,0.55
"('adx_max_48', 'macd', 'ema_10_50')",XGBClassifier,0.17418792238936123,-5978,0.18057921635434412,-1500,0.45
"('macd_max', 'candle_4h', 'adx_max_4h')",XGBClassifier,0.20424403183023873,-446,0.24855491329479767,-87,0.55
"('cci', 'ema_20_channel', 'adx_max_21')",XGBClassifier,0.2831050228310502,-95,0.19047619047619047,-39,0.6
"('cci', 'bb_sqeeze_both_direction_4h', 'squeeze_momentum')",XGBClassifier,0.1747349008759797,-5644,0.17998163452708907,-1394,0.5
"('cci', 'adx_max_48', 'macd_max_4h')",XGBClassifier,0.17652717652717653,-2690,0.17916260954235638,-659,0.5
"('rsi_break_4h', 'rsi', 'candle_4h')",XGBClassifier,0.17485369746408938,-3667,0.18105263157894738,-909,0.5
"('macd', 'adx_max_21', 'adx_max_4h')",XGBClassifier,0.21581196581196582,-266,0.25,-52,0.55
"('adx_slope', 'rsi_convergence', 'adx_max_21')",XGBClassifier,0.23917525773195877,-253,0.3233082706766917,-47,0.55
"('rsi', 'adx_max_48', 'rsi_convergence')",XGBClassifier,0.22926093514328807,-359,0.2543352601156069,-85,0.55
"('adx_slope', 'cci', 'rsi_break_4h')",XGBClassifier,0.18829740431148262,-2834,0.20035460992907803,-676,0.5
"('macd_max', 'williams_break', 'rsi_convergence5_40')",XGBClassifier,0.26548672566371684,-106,0.23529411764705882,-27,0.55
"('adx_slope', 'bb_sqeeze_both_direction_4h', 'adx_4h')",XGBClassifier,0.23184079601990049,-539,0.248,-126,0.55
"('rsi_convergence', 'macd_max_4h', 'macd_slope')",XGBClassifier,0.20181219110378912,-724,0.2442528735632184,-178,0.55
"('adx_slope', 'bb_middle_crossing_4h', 'bb_sqeeze_both_direction')",XGBClassifier,0.2183288409703504,-209,0.14606741573033707,-63,0.55
"('rsi', 'bb_middle_crossing_4h', 'adx_max_21')",XGBClassifier,0.1684717208182912,-4408,0.17249555423829283,-1105,0.5
"('macd_zero', 'cci', 'adx_max_4h')",XGBClassifier,0.35714285714285715,-16,0.4166666666666667,-2,0.6
"('macd_zero', 'adx_4h', 'rsi_convergence5_40')",XGBClassifier,0.23399014778325122,-216,0.211864406779661,-68,0.6
"('rsi', 'macd', 'adx_max_4h')",XGBClassifier,0.25206611570247933,-120,0.2786885245901639,-27,0.55
"('rsi_limit_4h', 'ema_20_channel', 'adx_4h')",XGBClassifier,0.19454056132256825,-1589,0.18683001531393567,-409,0.5
"('rsi', 'macd', 'rsi_convergence')",XGBClassifier,0.2462686567164179,-204,0.2903225806451613,-52,0.55
"('macd', 'adx_4h', 'adx_max_21')",XGBClassifier,0.25862068965517243,-28,0.4166666666666667,-2,0.55
"('adx_slope', 'rsi_break_4h', 'ema_10_50')",XGBClassifier,0.2055573097568677,-1865,0.2065081351689612,-469,0.5
"('cci', 'rsi_limit_4h', 'macd_max_4h')",XGBClassifier,0.1709788029925187,-4222,0.18110236220472442,-1053,0.5
"('rsi', 'macd_slope', 'adx')",XGBClassifier,0.18633895398685338,-2195,0.17713004484304934,-576,0.5
"('cci_4h', 'bb_sqeeze_both_direction_4h', 'rsi_convergence5_40')",XGBClassifier,0.17457602964229726,-4567,0.18321043675553034,-1117,0.5
"('macd_convergence', 'ema_20_channel', 'candle_4h')",XGBClassifier,0.31932773109243695,-43,0.2727272727272727,-15,0.6
"('cci', 'rsi_limit_4h', 'williams_break')",XGBClassifier,0.2508833922261484,-141,0.21686746987951808,-47,0.6
"('williams_break', 'adx_4h', 'adx')",XGBClassifier,0.2925764192139738,-95,0.25862068965517243,-28,0.6
"('rsi_limit_4h', 'candle_4h', 'williams_limit_4h')",XGBClassifier,0.1736176935229068,-4132,0.1856594110115237,-982,0.5
"('rsi', 'adx_4h', 'macd_slope')",XGBClassifier,0.21754385964912282,-322,0.24,-78,0.55
"('adx_4h', 'candle_4h', 'bb_middle_crossing_4h')",XGBClassifier,0.17591269325711317,-4989,0.18373648996397324,-1229,0.5
"('bb_middle_crossing', 'adx_max_4h', 'williams_limit_4h')",RandomForestClassifier,0.52,1,0.0,-5,0.45
"('rsi_break_4h', 'macd_max_4h', 'candle_4h')",XGBClassifier,0.17502278942570648,-3565,0.18542568542568544,-872,0.5
"('rsi_convergence', 'ema_10_50', 'ema_20_channel')",RandomForestClassifier,0.5333333333333333,1,1.0,2,0.45
"('macd_convergence', 'cci', 'ema_20_channel')",RandomForestClassifier,0.6153846153846154,3,1.0,3,0.45
"('macd_convergence', 'adx_max_48', 'bb_middle_crossing')",XGBClassifier,0.3671875,-34,0.36585365853658536,-11,0.55
"('adx_slope', 'bb_middle_crossing', 'rsi_convergence5_40')",XGBClassifier,0.30319148936170215,-74,0.3488372093023256,-13,0.6
"('bb_sqeeze_both_direction_4h', 'rsi_limit_4h', 'rsi_convergence')",XGBClassifier,0.22060957910014514,-385,0.24528301886792453,-108,0.55
"('rsi_limit_4h', 'macd', 'adx')",XGBClassifier,0.19353899883585565,-2106,0.18653421633554085,-568,0.5
"('adx_max_48', 'macd_max_4h', 'adx')",XGBClassifier,0.2621359223300971,-49,0.23809523809523808,-22,0.55
"('bb_sqeeze_both_direction_4h', 'macd_slope_4h', 'adx_max_4h')",XGBClassifier,0.18303384872544923,-3034,0.1881856540084388,-739,0.5
"('bb_sqeeze_both_direction_4h', 'rsi', 'bb_middle_crossing')",XGBClassifier,0.2578512396694215,-293,0.2112676056338028,-82,0.6
"('williams_break', 'bb_middle_crossing_4h', 'williams_limit_4h')",XGBClassifier,0.21831955922865015,-818,0.21159420289855072,-199,0.55
"('adx_max_4h', 'macd_slope', 'williams_limit_4h')",XGBClassifier,0.20041753653444677,-287,0.21367521367521367,-67,0.55
"('cci', 'macd', 'williams_limit_4h')",XGBClassifier,0.20820863616930313,-1365,0.2,-339,0.5
"('adx_4h', 'bb_middle_crossing_4h', 'bb_sqeeze_both_direction')",XGBClassifier,0.19088225647753362,-1885,0.21059431524547803,-448,0.5
"('cci_4h', 'bb_sqeeze_both_direction_4h', 'rsi_convergence')",XGBClassifier,0.2777777777777778,-24,0.29411764705882354,-7,0.6
"('rsi_convergence', 'macd_max_4h', 'ema_10_50')",XGBClassifier,0.2040104620749782,-679,0.24629080118694363,-171,0.55
"('rsi_limit_4h', 'adx_max_48', 'rsi_convergence5_40')",XGBClassifier,0.17237963146423618,-3307,0.17651573292402148,-843,0.5
"('rsi_convergence', 'candle_4h', 'adx_max_21')",XGBClassifier,0.25,-42,0.05,-18,0.6
"('bb_sqeeze_both_direction_4h', 'rsi_break_4h', 'macd')",XGBClassifier,0.18591788981067858,-2953,0.173841059602649,-788,0.5
"('cci', 'ema_10_50', 'ema_20_channel')",XGBClassifier,0.2638888888888889,-102,0.18461538461538463,-41,0.6
"('rsi', 'macd', 'macd_slope_4h')",XGBClassifier,0.20484708597807272,-1023,0.21867881548974943,-247,0.55
"('rsi_break_4h', 'macd_max_4h', 'adx')",XGBClassifier,0.16976170912078883,-4019,0.173421926910299,-983,0.5
"('adx_max_48', 'bb_middle_crossing_4h', 'bb_sqeeze_both_direction')",XGBClassifier,0.17210846707249586,-4740,0.19091903719912473,-1130,0.5
"('macd_convergence', 'ema_10_50', 'bb_middle_crossing_4h')",RandomForestClassifier,0.5416666666666666,2,0.3333333333333333,-3,0.45
"('cci', 'macd', 'rsi_convergence5_40')",XGBClassifier,0.27906976744186046,-19,0.3333333333333333,-2,0.55
"('macd_max', 'rsi', 'williams_limit_4h')",XGBClassifier,0.21377672209026127,-482,0.18811881188118812,-126,0.55
"('adx_slope', 'bb_middle_crossing', 'ema_20_channel')",XGBClassifier,0.30319148936170215,-74,0.3488372093023256,-13,0.6
"('macd_convergence', 'rsi_break_4h', 'williams_limit_4h')",XGBClassifier,0.2581888246628131,-251,0.2868217054263566,-55,0.55
"('cci_4h', 'rsi_limit_4h', 'adx_max_21')",XGBClassifier,0.17974740640505188,-2840,0.17289313640312773,-753,0.5
"('macd_zero', 'bb_sqeeze_both_direction_4h', 'williams_limit_4h')",XGBClassifier,0.2219873150105708,-789,0.2,-210,0.55
"('macd_convergence', 'adx_max_48', 'macd_slope_4h')",XGBClassifier,0.2620545073375262,-227,0.3153846153846154,-48,0.6
"('rsi_convergence5_40', 'macd_slope_4h', 'adx_max_4h')",XGBClassifier,0.23666666666666666,-158,0.2537313432835821,-33,0.55
"('macd', 'bb_middle_crossing', 'williams_limit_4h')",XGBClassifier,0.21221737405791352,-1451,0.20607028753993611,-368,0.5
"('macd_zero', 'cci_4h', 'ema_10_50')",XGBClassifier,0.17908578584846588,-5125,0.18124392614188534,-1312,0.5
"('rsi_break_4h', 'candle_4h', 'macd_slope')",XGBClassifier,0.18414779499404052,-3180,0.17550702028081122,-832,0.5
"('rsi_limit_4h', 'adx_max_4h', 'macd_slope')",XGBClassifier,0.20041753653444677,-287,0.21367521367521367,-67,0.55
"('macd', 'squeeze_momentum', 'adx_max_21')",XGBClassifier,0.32222222222222224,-32,0.3157894736842105,-7,0.55
"('cci', 'macd_max_4h', 'adx_4h')",XGBClassifier,0.21568627450980393,-87,0.3235294117647059,-12,0.55
"('rsi_break_4h', 'rsi_convergence', 'williams_break')",XGBClassifier,0.30851063829787234,-72,0.3469387755102041,-15,0.55
"('adx_max_48', 'adx_4h', 'rsi_convergence5_40')",XGBClassifier,0.22202166064981949,-308,0.21686746987951808,-94,0.55
"('macd_zero', 'rsi_limit_4h', 'adx_max_4h')",XGBClassifier,0.20492307692307693,-1918,0.19343493552168817,-523,0.5
"('rsi', 'macd_slope_4h', 'macd_slope')",XGBClassifier,0.2140221402214022,-310,0.2644628099173554,-57,0.55
"('macd_convergence', 'cci', 'bb_sqeeze_both_direction')",XGBClassifier,0.22651448639157157,-623,0.2367601246105919,-169,0.55
"('squeeze_momentum', 'ema_20_channel', 'macd_slope')",XGBClassifier,0.17876406225920788,-4169,0.17597087378640777,-1068,0.5
"('cci', 'bb_sqeeze_both_direction_4h', 'adx_max_48')",XGBClassifier,0.22,-224,0.19801980198019803,-61,0.55
"('bb_middle_crossing', 'squeeze_momentum', 'candle_4h')",XGBClassifier,0.2581818181818182,-133,0.25,-34,0.6
"('cci_4h', 'bb_sqeeze_both_direction_4h', 'williams_break')",XGBClassifier,0.22277936962750716,-774,0.21364985163204747,-193,0.55
"('macd_max', 'macd', 'bb_middle_crossing')",XGBClassifier,0.22727272727272727,-612,0.22033898305084745,-165,0.55
"('adx_4h', 'adx_max_4h', 'williams_limit_4h')",XGBClassifier,0.1800933594338202,-4249,0.1876528117359413,-1022,0.5
"('adx_max_48', 'bb_middle_crossing_4h', 'macd_slope')",XGBClassifier,0.17712582365861312,-4116,0.1735330836454432,-1046,0.5
"('bb_sqeeze_both_direction_4h', 'rsi_limit_4h', 'bb_sqeeze_both_direction')",XGBClassifier,0.1709242916860195,-5668,0.1732766761095373,-1384,0.5
"('macd_max', 'cci_4h', 'candle_4h')",XGBClassifier,0.17698421582894885,-5771,0.18755555555555556,-1406,0.5
"('bb_sqeeze_both_direction_4h', 'rsi_break_4h', 'adx')",XGBClassifier,0.21100917431192662,-126,0.18840579710144928,-43,0.55
"('macd_convergence', 'adx_4h', 'macd_slope')",XGBClassifier,0.3037974683544304,-93,0.2857142857142857,-36,0.6
"('cci', 'williams_break', 'adx_max_21')",XGBClassifier,0.2508833922261484,-141,0.21686746987951808,-47,0.6
"('macd_zero', 'cci_4h', 'adx_max_48')",XGBClassifier,0.2166172106824926,-382,0.19318181818181818,-108,0.55
"('cci', 'rsi_limit_4h', 'adx')",XGBClassifier,0.18633791430881164,-1552,0.15625,-462,0.5
"('rsi_convergence', 'ema_20_channel', 'adx')",XGBClassifier,0.2692307692307692,-60,0.2962962962962963,-11,0.6
"('macd_zero', 'ema_20_channel', 'macd_slope_4h')",XGBClassifier,0.17887957224450116,-5285,0.18233618233618235,-1338,0.5
"('macd_convergence', 'williams_break', 'adx_4h')",XGBClassifier,0.25108979947689625,-571,0.23734177215189872,-166,0.55
"('macd_max', 'cci', 'bb_middle_crossing')",XGBClassifier,0.2694063926940639,-101,0.25806451612903225,-30,0.6
"('macd_max', 'rsi_limit_4h', 'bb_middle_crossing_4h')",XGBClassifier,0.17316319409829528,-6557,0.18570287539936103,-1574,0.45
"('rsi_convergence', 'bb_middle_crossing_4h', 'adx_max_21')",RandomForestClassifier,1.0,3,0.5,0,0.45
"('bb_sqeeze_both_direction_4h', 'ema_10_50', 'bb_sqeeze_both_direction')",XGBClassifier,0.17841006227866651,-5267,0.18452100047192072,-1337,0.5
"('bb_middle_crossing', 'bb_sqeeze_both_direction', 'adx_max_21')",XGBClassifier,0.2875,-34,0.2,-12,0.55
"('macd_zero', 'rsi', 'rsi_convergence')",XGBClassifier,0.25688073394495414,-212,0.291970802919708,-57,0.55
"('rsi_limit_4h', 'rsi_convergence', 'bb_sqeeze_both_direction')",XGBClassifier,0.17798816568047338,-2721,0.19521178637200737,-662,0.5
"('macd_max', 'williams_break', 'macd_slope')",XGBClassifier,0.26506024096385544,-117,0.24528301886792453,-27,0.6
"('candle_4h', 'bb_middle_crossing_4h', 'macd_slope')",XGBClassifier,0.1853629274145171,-3147,0.1828978622327791,-801,0.5
"('macd_convergence', 'adx_max_48', 'adx_max_21')",XGBClassifier,0.23288973384030418,-562,0.2549019607843137,-150,0.55
"('adx_slope', 'rsi_limit_4h', 'macd_max_4h')",XGBClassifier,0.21341463414634146,-94,0.19047619047619047,-26,0.55
"('cci_4h', 'rsi_break_4h', 'adx')",XGBClassifier,0.16943412715752676,-6052,0.18032076289553534,-1475,0.5
"('cci', 'macd_max_4h', 'ema_10_50')",XGBClassifier,0.23219814241486067,-346,0.23655913978494625,-98,0.55
"('macd_max', 'macd', 'williams_break')",XGBClassifier,0.3076923076923077,-10,0.0,-6,0.6
"('bb_sqeeze_both_direction_4h', 'adx_max_48', 'macd_slope_4h')",XGBClassifier,0.17990130103185284,-2854,0.18271827182718273,-705,0.5
"('rsi_convergence5_40', 'macd_slope_4h', 'macd_slope')",XGBClassifier,0.18179623370352488,-2636,0.1798076923076923,-666,0.5
"('ema_20_channel', 'adx_max_21', 'macd_slope_4h')",XGBClassifier,0.3333333333333333,-13,0.42857142857142855,-1,0.55
"('macd_zero', 'macd_convergence', 'macd_max_4h')",XGBClassifier,0.2663755458515284,-107,0.25806451612903225,-30,0.55
"('bb_sqeeze_both_direction_4h', 'rsi_limit_4h', 'rsi_convergence5_40')",XGBClassifier,0.1738936075100581,-2918,0.1763668430335097,-734,0.5
"('cci_4h', 'rsi_limit_4h', 'bb_middle_crossing_4h')",XGBClassifier,0.16943412715752676,-6052,0.18032076289553534,-1475,0.5
"('cci', 'cci_4h', 'williams_break')",XGBClassifier,0.2976190476190476,-68,0.19642857142857142,-34,0.55
"('rsi_break_4h', 'bb_middle_crossing', 'macd_slope_4h')",XGBClassifier,0.23751891074130105,-347,0.20253164556962025,-94,0.6
"('rsi_limit_4h', 'squeeze_momentum', 'adx_max_21')",XGBClassifier,0.18005709624796085,-3138,0.17642276422764228,-796,0.5
"('rsi_limit_4h', 'rsi', 'ema_20_channel')",XGBClassifier,0.24217462932454695,-313,0.17088607594936708,-104,0.55
"('bb_middle_crossing_4h', 'rsi_convergence5_40', 'adx_max_21')",XGBClassifier,0.17861975642760486,-2375,0.175564681724846,-632,0.5
"('macd_max', 'rsi', 'adx_max_4h')",XGBClassifier,0.22556390977443608,-219,0.21428571428571427,-56,0.55
"('squeeze_momentum', 'macd_slope', 'adx')",XGBClassifier,0.20714285714285716,-164,0.23529411764705882,-27,0.55
"('macd_max', 'adx_slope', 'rsi_limit_4h')",XGBClassifier,0.20869803063457332,-2130,0.22111111111111112,-502,0.5
"('rsi_limit_4h', 'williams_break', 'williams_limit_4h')",XGBClassifier,0.21831955922865015,-818,0.21159420289855072,-199,0.55
"('bb_sqeeze_both_direction_4h', 'rsi_convergence', 'adx_4h')",XGBClassifier,0.2627551020408163,-186,0.2764227642276423,-55,0.55
"('cci', 'rsi', 'rsi_convergence')",XGBClassifier,0.20933333333333334,-436,0.24882629107981222,-107,0.55
"('macd_zero', 'rsi_break_4h', 'macd_slope')",XGBClassifier,0.18000746918959293,-5141,0.18279047156052503,-1305,0.5
"('rsi_convergence', 'squeeze_momentum', 'ema_10_50')",XGBClassifier,0.22727272727272727,-96,0.3333333333333333,-16,0.55
"('bb_middle_crossing', 'squeeze_momentum', 'macd_slope_4h')",XGBClassifier,0.2512315270935961,-202,0.2336448598130841,-57,0.6
"('adx_max_48', 'williams_break', 'adx')",XGBClassifier,0.22082717872968982,-756,0.21036585365853658,-190,0.55
"('rsi_limit_4h', 'adx_max_48', 'bb_sqeeze_both_direction')",XGBClassifier,0.17309247775680778,-4850,0.19151193633952254,-1163,0.5
"('rsi_convergence', 'macd_max_4h', 'bb_sqeeze_both_direction')",XGBClassifier,0.2787878787878788,-73,0.3220338983050847,-21,0.55
"('bb_sqeeze_both_direction_4h', 'bb_middle_crossing_4h', 'bb_sqeeze_both_direction')",XGBClassifier,0.17221584385763491,-4568,0.17429067747539084,-1125,0.5
"('macd', 'williams_break', 'rsi_convergence5_40')",XGBClassifier,0.2623762376237624,-96,0.26666666666666666,-21,0.6
"('cci', 'cci_4h', 'macd')",XGBClassifier,0.2104670793472144,-1029,0.21861471861471862,-260,0.55
"('cci', 'rsi', 'williams_limit_4h')",XGBClassifier,0.21224218230206254,-865,0.2011173184357542,-214,0.5
"('cci', 'rsi', 'ema_20_channel')",XGBClassifier,0.2781954887218045,-59,0.19607843137254902,-31,0.6
"('rsi_break_4h', 'bb_middle_crossing', 'ema_10_50')",XGBClassifier,0.2452153110047847,-426,0.2288135593220339,-128,0.55
"('squeeze_momentum', 'williams_break', 'macd_slope')",XGBClassifier,0.2634730538922156,-158,0.2876712328767123,-31,0.6
"('macd', 'adx_4h', 'macd_slope_4h')",XGBClassifier,0.2637571157495256,-249,0.2805755395683453,-61,0.55
"('rsi', 'ema_10_50', 'adx_max_21')",XGBClassifier,0.1743406347787215,-5828,0.17959895379250218,-1470,0.5
"('macd_zero', 'adx_slope', 'rsi')",XGBClassifier,0.2918287937743191,-214,0.2698412698412698,-58,0.6
"('candle_4h', 'bb_middle_crossing_4h', 'williams_limit_4h')",XGBClassifier,0.1754935756816045,-4142,0.18012422360248448,-1030,0.5
"('macd_zero', 'macd_convergence', 'adx_max_21')",XGBClassifier,0.22424722662440572,-696,0.24929178470254956,-177,0.55
"('ema_10_50', 'adx_max_21', 'adx')",XGBClassifier,0.17442380845826808,-5820,0.17908496732026144,-1473,0.45
"('macd_max', 'ema_10_50', 'williams_limit_4h')",XGBClassifier,0.18117383735389206,-5128,0.18813806514341275,-1283,0.5
"('adx_max_48', 'adx_max_21', 'macd_slope_4h')",XGBClassifier,0.17207995003123047,-4200,0.17217716781035558,-1051,0.5
"('rsi_break_4h', 'candle_4h', 'bb_sqeeze_both_direction')",XGBClassifier,0.18445448062752556,-2655,0.18635926993275698,-653,0.5
"('adx_slope', 'bb_middle_crossing', 'adx_4h')",XGBClassifier,0.30319148936170215,-74,0.3488372093023256,-13,0.55
"('macd_max', 'ema_10_50', 'macd_slope')",XGBClassifier,0.18117383735389206,-5128,0.18813806514341275,-1283,0.5
"('adx_max_48', 'macd', 'adx_4h')",XGBClassifier,0.1735775016350556,-4991,0.17833074131674442,-1241,0.5
"('squeeze_momentum', 'macd_max_4h', 'adx')",XGBClassifier,0.391304347826087,-5,1.0,1,0.55
"('bb_sqeeze_both_direction_4h', 'macd_slope_4h', 'williams_limit_4h')",XGBClassifier,0.22297297297297297,-492,0.1943127962085308,-129,0.55
"('rsi_convergence5_40', 'adx_max_4h', 'macd_slope')",XGBClassifier,0.20363636363636364,-978,0.188470066518847,-281,0.55
"('rsi_break_4h', 'bb_sqeeze_both_direction', 'adx_max_4h')",XGBClassifier,0.17029627753861737,-5208,0.18573627501282708,-1225,0.5
"('macd_max', 'ema_10_50', 'bb_sqeeze_both_direction')",XGBClassifier,0.42857142857142855,-1,0.0,-1,0.55
"('rsi_convergence5_40', 'bb_sqeeze_both_direction', 'williams_limit_4h')",XGBClassifier,0.18740057270124086,-1965,0.19975031210986266,-481,0.5
"('cci', 'macd_max_4h', 'candle_4h')",XGBClassifier,0.17529215358931552,-4668,0.18400876232201532,-1154,0.5
"('macd_zero', 'macd_convergence', 'bb_sqeeze_both_direction_4h')",XGBClassifier,0.4714285714285714,-4,0.5,0,0.55
"('macd', 'adx_max_21', 'macd_slope_4h')",XGBClassifier,0.23949579831932774,-124,0.13043478260869565,-51,0.6
"('rsi_limit_4h', 'bb_middle_crossing', 'williams_limit_4h')",XGBClassifier,0.2629757785467128,-137,0.18666666666666668,-47,0.6
"('cci_4h', 'bb_middle_crossing_4h', 'williams_limit_4h')",XGBClassifier,0.18507560815253124,-1916,0.1782312925170068,-473,0.5
"('macd_zero', 'macd_convergence', 'bb_middle_crossing')",XGBClassifier,0.3352941176470588,-56,0.3469387755102041,-15,0.6
"('rsi_limit_4h', 'ema_20_channel', 'macd_slope')",XGBClassifier,0.17984126984126983,-4034,0.17434620174346202,-1046,0.5
"('rsi_convergence', 'adx_4h', 'bb_middle_crossing_4h')",XGBClassifier,0.2627551020408163,-186,0.2764227642276423,-55,0.55
"('rsi_limit_4h', 'rsi_convergence5_40', 'macd_slope_4h')",XGBClassifier,0.17258222077499186,-4022,0.17815344603381014,-990,0.5
"('cci', 'macd_max_4h', 'adx')",XGBClassifier,0.2356687898089172,-83,0.2,-30,0.55
"('rsi_break_4h', 'squeeze_momentum', 'williams_limit_4h')",XGBClassifier,0.1863330843913368,-1680,0.18495297805642633,-402,0.5
"('adx_max_48', 'adx_max_4h', 'adx')",XGBClassifier,0.22857142857142856,-114,0.22413793103448276,-32,0.55
"('williams_break', 'ema_20_channel', 'macd_slope')",XGBClassifier,0.26222222222222225,-107,0.2708333333333333,-22,0.6
"('rsi_convergence', 'candle_4h', 'macd_slope')",XGBClassifier,0.20181219110378912,-724,0.2442528735632184,-178,0.55
"('rsi', 'bb_middle_crossing', 'adx_4h')",XGBClassifier,0.19980119284294234,-1812,0.19895968790637192,-463,0.5
"('macd_max', 'macd_convergence', 'rsi_break_4h')",XGBClassifier,0.17465492881208564,-5987,0.19041394335511982,-1421,0.5
"('ema_10_50', 'candle_4h', 'adx_max_21')",XGBClassifier,0.17431706224809673,-5818,0.1792411687745312,-1471,0.45
"('bb_middle_crossing', 'bb_sqeeze_both_direction', 'adx')",XGBClassifier,0.242274412855377,-417,0.2641509433962264,-100,0.55
"('macd_max', 'ema_20_channel', 'adx')",XGBClassifier,1.0,1,0.0,0,0.6
"('cci', 'adx_max_21', 'macd_slope')",XGBClassifier,0.22962962962962963,-73,0.14285714285714285,-30,0.55
"('macd_convergence', 'rsi', 'adx_max_48')",XGBClassifier,0.2982791586998088,-211,0.3006993006993007,-57,0.55
"('rsi_limit_4h', 'macd', 'macd_slope')",XGBClassifier,0.21217292377701935,-1012,0.1885245901639344,-304,0.55
"('macd_convergence', 'rsi_limit_4h', 'adx_max_48')",XGBClassifier,0.2694394213381555,-255,0.27647058823529413,-76,0.55
"('macd', 'ema_10_50', 'williams_break')",XGBClassifier,0.23361034164358263,-577,0.2209737827715356,-149,0.55
"('macd_zero', 'rsi', 'macd_slope_4h')",XGBClassifier,0.20224719101123595,-1484,0.2027231467473525,-393,0.55
"('macd_zero', 'macd_slope_4h', 'macd_slope')",XGBClassifier,0.18467457518435396,-3934,0.18238213399503722,-1024,0.5
"('adx_slope', 'cci_4h', 'bb_sqeeze_both_direction_4h')",XGBClassifier,0.1961301671064204,-2764,0.18761061946902655,-706,0.5
"('macd_convergence', 'ema_20_channel', 'macd_slope_4h')",XGBClassifier,0.2694610778443114,-77,0.2608695652173913,-22,0.6
"('cci', 'bb_middle_crossing_4h', 'adx')",XGBClassifier,0.17184265010351968,-4121,0.16427232979387882,-1075,0.5
"('cci', 'ema_10_50', 'adx_max_21')",XGBClassifier,0.26136363636363635,-42,0.23809523809523808,-11,0.6
"('cci_4h', 'rsi_limit_4h', 'bb_middle_crossing')",XGBClassifier,0.22735346358792186,-614,0.22033898305084745,-165,0.55
"('cci_4h', 'rsi_break_4h', 'williams_limit_4h')",XGBClassifier,0.18220946915351507,-2215,0.1770956316410862,-547,0.5
"('macd_convergence', 'rsi_limit_4h', 'rsi_convergence')",XGBClassifier,0.24101198402130491,-389,0.25,-110,0.55
"('cci_4h', 'rsi_convergence', 'macd_slope')",XGBClassifier,0.180945208058746,-3389,0.1947097722263042,-831,0.5
"('cci', 'rsi', 'squeeze_momentum')",XGBClassifier,0.2328767123287671,-234,0.20512820512820512,-69,0.55
"('ema_20_channel', 'adx_max_4h', 'macd_slope')",XGBClassifier,0.20041753653444677,-287,0.21367521367521367,-67,0.55
"('macd_zero', 'adx_slope', 'adx_max_48')",XGBClassifier,0.2130479102956167,-1689,0.2098092643051771,-426,0.5
"('ema_10_50', 'ema_20_channel', 'candle_4h')",XGBClassifier,0.25190839694656486,-65,0.16129032258064516,-21,0.6
"('macd', 'macd_max_4h', 'bb_sqeeze_both_direction')",XGBClassifier,0.24761904761904763,-106,0.29850746268656714,-27,0.55
"('adx_4h', 'candle_4h', 'adx_max_21')",XGBClassifier,0.2196969696969697,-74,0.21621621621621623,-21,0.55
"('cci', 'macd', 'macd_max_4h')",XGBClassifier,0.17423771001866833,-5235,0.17914171656686625,-1286,0.5
"('cci_4h', 'macd_slope_4h', 'williams_limit_4h')",XGBClassifier,0.2482758620689655,-73,0.18181818181818182,-21,0.6
"('macd_zero', 'ema_10_50', 'adx_4h')",XGBClassifier,0.17922045369093872,-5119,0.17839687194525905,-1316,0.5
"('adx_slope', 'cci', 'adx_max_4h')",XGBClassifier,0.18775589783583543,-3203,0.19731649565903708,-767,0.5
"('macd_convergence', 'macd', 'macd_max_4h')",XGBClassifier,0.21469740634005763,-792,0.23697916666666666,-202,0.55
"('rsi_limit_4h', 'rsi_break_4h', 'candle_4h')",XGBClassifier,0.17502278942570648,-3565,0.18542568542568544,-872,0.5
"('rsi_limit_4h', 'rsi_break_4h', 'rsi_convergence5_40')",XGBClassifier,0.17346938775510204,-3072,0.1802030456852792,-756,0.5
"('macd_zero', 'bb_middle_crossing', 'candle_4h')",XGBClassifier,0.2359081419624217,-506,0.22433460076045628,-145,0.55
"('cci', 'ema_20_channel', 'adx_max_4h')",RandomForestClassifier,0.46153846153846156,-1,1.0,1,0.45
"('bb_middle_crossing', 'candle_4h', 'adx_max_21')",XGBClassifier,0.25,-138,0.20967741935483872,-36,0.6
"('rsi_limit_4h', 'adx_max_48', 'rsi_convergence')",XGBClassifier,0.22060957910014514,-385,0.24528301886792453,-108,0.55
"('macd_max', 'ema_20_channel', 'adx_max_4h')",XGBClassifier,1.0,1,0.0,0,0.6
"('bb_sqeeze_both_direction_4h', 'squeeze_momentum', 'macd_max_4h')",XGBClassifier,0.17240459033893782,-4910,0.18282988871224165,-1197,0.5
"('adx_slope', 'rsi_break_4h', 'rsi')",XGBClassifier,0.19653179190751446,-1470,0.1986863711001642,-367,0.55
"('macd', 'rsi_convergence', 'rsi_convergence5_40')",XGBClassifier,0.21905805038335158,-513,0.26838235294117646,-126,0.55
"('cci_4h', 'macd_max_4h', 'macd_slope_4h')",XGBClassifier,0.27639751552795033,-144,0.22666666666666666,-41,0.55
"('macd_zero', 'macd', 'squeeze_momentum')",XGBClassifier,0.32222222222222224,-32,0.3157894736842105,-7,0.6
"('macd_max', 'adx_4h', 'bb_sqeeze_both_direction')",XGBClassifier,0.18369074492099322,-4484,0.19760137064534553,-1059,0.5
"('rsi_limit_4h', 'adx_max_48', 'ema_10_50')",XGBClassifier,0.1850765038775938,-3005,0.18003273322422259,-782,0.5
"('williams_break', 'williams_limit_4h', 'adx')",XGBClassifier,0.21831955922865015,-818,0.21159420289855072,-199,0.55
"('rsi_limit_4h', 'adx_max_48', 'macd_max_4h')",XGBClassifier,0.17293906810035842,-2920,0.17764298093587522,-744,0.5
"('ema_20_channel', 'candle_4h', 'bb_sqeeze_both_direction')",XGBClassifier,0.1892744479495268,-3152,0.18615751789976134,-789,0.5
"('macd_zero', 'bb_sqeeze_both_direction', 'williams_limit_4h')",XGBClassifier,0.22583333333333333,-658,0.22789115646258504,-160,0.55
"('rsi', 'squeeze_momentum', 'ema_10_50')",XGBClassifier,0.19680851063829788,-1938,0.1926605504587156,-536,0.5
"('macd_max', 'squeeze_momentum', 'ema_20_channel')",XGBClassifier,1.0,1,0.0,0,0.55
"('macd_zero', 'adx_4h', 'adx_max_4h')",XGBClassifier,0.2682926829268293,-19,0.6666666666666666,4,0.55
"('macd_convergence', 'cci_4h', 'ema_20_channel')",RandomForestClassifier,0.5555555555555556,1,0.5,0,0.45
"('macd_convergence', 'bb_sqeeze_both_direction_4h', 'ema_20_channel')",XGBClassifier,0.2694610778443114,-77,0.2608695652173913,-22,0.6
"('rsi_limit_4h', 'ema_10_50', 'adx')",XGBClassifier,0.20573870573870573,-964,0.16478555304740405,-297,0.55
"('rsi_break_4h', 'rsi_convergence', 'adx')",XGBClassifier,0.5,0,0.2857142857142857,-3,0.55
"('bb_middle_crossing', 'adx_max_4h', 'adx')",XGBClassifier,0.3595505617977528,-25,0.3125,-6,0.6
"('bb_sqeeze_both_direction_4h', 'rsi_limit_4h', 'ema_20_channel')",XGBClassifier,0.22295081967213115,-338,0.14864864864864866,-104,0.55
"('adx_slope', 'macd_convergence', 'adx_4h')",XGBClassifier,0.33516483516483514,-60,0.3829787234042553,-11,0.6
"('cci', 'adx_4h', 'macd_slope_4h')",XGBClassifier,0.2982456140350877,-23,0.36363636363636365,-6,0.6
"('bb_sqeeze_both_direction_4h', 'rsi_limit_4h', 'williams_limit_4h')",XGBClassifier,0.19359267734553776,-1339,0.18461538461538463,-328,0.5
"('ema_20_channel', 'adx_max_21', 'adx')",XGBClassifier,0.2755102040816326,-44,0.2608695652173913,-11,0.55
"('macd', 'ema_10_50', 'adx_4h')",XGBClassifier,0.21467391304347827,-630,0.2087227414330218,-187,0.55
"('macd_convergence', 'bb_sqeeze_both_direction_4h', 'adx_max_48')",XGBClassifier,0.1863317757009346,-2148,0.20185614849187936,-514,0.5
"('macd_max', 'adx_slope', 'adx_max_21')",XGBClassifier,0.20869803063457332,-2130,0.22111111111111112,-502,0.5
"('macd', 'williams_break', 'adx_max_4h')",XGBClassifier,0.2786885245901639,-54,0.4090909090909091,-4,0.6
"('cci_4h', 'bb_sqeeze_both_direction', 'macd_slope_4h')",XGBClassifier,0.27835051546391754,-43,0.16,-17,0.6
"('cci', 'macd_max_4h', 'bb_middle_crossing_4h')",XGBClassifier,0.17678631331767863,-1927,0.1979565772669221,-473,0.5
"('macd_max_4h', 'candle_4h', 'bb_sqeeze_both_direction')",XGBClassifier,0.22916666666666666,-52,0.2857142857142857,-18,0.55
"('rsi', 'williams_break', 'adx')",XGBClassifier,0.234251968503937,-270,0.19658119658119658,-71,0.6
"('adx_slope', 'squeeze_momentum', 'adx_4h')",XGBClassifier,0.23000824402308326,-655,0.22818791946308725,-162,0.55
"('rsi_break_4h', 'macd_max_4h', 'adx_4h')",XGBClassifier,0.17595419847328245,-3396,0.18810408921933086,-839,0.5
"('macd_convergence', 'bb_middle_crossing_4h', 'macd_slope_4h')",XGBClassifier,0.3888888888888889,-12,0.3,-8,0.6
"('rsi', 'rsi_convergence', 'rsi_convergence5_40')",XGBClassifier,0.21253985122210414,-541,0.24822695035460993,-142,0.55
"('squeeze_momentum', 'macd_max_4h', 'adx_max_4h')",XGBClassifier,0.2096317280453258,-205,0.26666666666666666,-49,0.55
"('bb_middle_crossing', 'ema_10_50', 'adx_max_21')",XGBClassifier,0.2452153110047847,-426,0.2288135593220339,-128,0.55
"('ema_10_50', 'adx_max_4h', 'williams_limit_4h')",XGBClassifier,0.19991419991419992,-1399,0.1875,-360,0.55
"('ema_10_50', 'ema_20_channel', 'adx_max_21')",XGBClassifier,0.25663716814159293,-110,0.20754716981132076,-31,0.55
"('macd_convergence', 'macd', 'ema_10_50')",XGBClassifier,0.3333333333333333,-20,0.46153846153846156,-1,0.6
"('cci', 'rsi', 'ema_10_50')",XGBClassifier,0.1743406347787215,-5828,0.17959895379250218,-1470,0.5
"('ema_20_channel', 'bb_sqeeze_both_direction', 'adx_max_4h')",XGBClassifier,0.17055267702936097,-6104,0.1762652705061082,-1484,0.5
"('cci_4h', 'adx_4h', 'bb_sqeeze_both_direction')",XGBClassifier,0.20385304659498207,-1322,0.22631578947368422,-312,0.5
"('rsi', 'ema_10_50', 'macd_slope_4h')",XGBClassifier,0.2098273572377158,-437,0.27218934911242604,-77,0.55
"('macd_convergence', 'bb_middle_crossing_4h', 'adx')",XGBClassifier,0.32926829268292684,-28,0.2608695652173913,-11,0.6
"('adx_4h', 'adx_max_4h', 'macd_slope')",XGBClassifier,0.1775723668207249,-5302,0.18421052631578946,-1320,0.5
"('ema_10_50', 'rsi_convergence5_40', 'williams_limit_4h')",XGBClassifier,0.19596827495042962,-1840,0.18309859154929578,-495,0.5
"('ema_10_50', 'ema_20_channel', 'adx_max_4h')",XGBClassifier,0.25190839694656486,-65,0.16129032258064516,-21,0.6
"('macd_max', 'bb_sqeeze_both_direction_4h', 'macd_max_4h')",XGBClassifier,0.17920818038804404,-4894,0.191129883843717,-1170,0.5
"('rsi', 'bb_middle_crossing', 'adx')",XGBClassifier,0.22735346358792186,-614,0.22033898305084745,-165,0.55
"('bb_middle_crossing', 'ema_10_50', 'bb_middle_crossing_4h')",XGBClassifier,0.2507002801120448,-356,0.23243243243243245,-99,0.6
"('cci', 'candle_4h', 'williams_limit_4h')",XGBClassifier,0.2569444444444444,-70,0.09090909090909091,-18,0.6
"('ema_20_channel', 'adx_4h', 'adx')",XGBClassifier,0.2573099415204678,-83,0.13043478260869565,-34,0.55
"('macd_zero', 'adx_slope', 'williams_limit_4h')",XGBClassifier,0.2873303167420814,-188,0.25,-48,0.55
"('bb_sqeeze_both_direction_4h', 'candle_4h', 'adx_max_21')",XGBClassifier,0.18200224971878515,-2827,0.18181818181818182,-714,0.5
"('ema_10_50', 'adx_max_4h', 'macd_slope')",XGBClassifier,0.21428571428571427,-208,0.19318181818181818,-54,0.55
"('adx_max_48', 'macd_max_4h', 'adx_max_4h')",XGBClassifier,0.22857142857142856,-114,0.22413793103448276,-32,0.55
"('bb_middle_crossing', 'adx_max_21', 'williams_limit_4h')",XGBClassifier,0.4230769230769231,-4,0.0,-8,0.6
"('bb_sqeeze_both_direction_4h', 'adx_4h', 'bb_middle_crossing_4h')",XGBClassifier,0.19517464890169248,-1693,0.20861372812920592,-433,0.5
"('macd_max_4h', 'ema_10_50', 'adx_4h')",XGBClassifier,0.23376623376623376,-82,0.3076923076923077,-15,0.55
"('cci', 'squeeze_momentum', 'adx_4h')",XGBClassifier,0.18059450364554122,-3417,0.1920777279521674,-824,0.5
"('rsi', 'macd', 'rsi_convergence5_40')",XGBClassifier,0.20638455827765403,-791,0.207492795389049,-203,0.55
"('macd_max', 'adx_max_48', 'rsi_convergence5_40')",XGBClassifier,0.17316319409829528,-6557,0.18570287539936103,-1574,0.45
"('williams_break', 'macd_slope_4h', 'adx_max_4h')",XGBClassifier,0.2786885245901639,-54,0.4090909090909091,-4,0.6
"('macd_max_4h', 'bb_middle_crossing_4h', 'rsi_convergence5_40')",XGBClassifier,0.17764471057884232,-2261,0.18984547461368653,-562,0.5
"('macd_convergence', 'ema_20_channel', 'rsi_convergence5_40')",XGBClassifier,0.3508771929824561,-17,0.4,-2,0.6
"('bb_sqeeze_both_direction_4h', 'ema_20_channel', 'candle_4h')",XGBClassifier,0.21829855537720708,-351,0.1736111111111111,-94,0.55
"('macd_max', 'rsi_limit_4h', 'macd')",XGBClassifier,0.18722378465247086,-3114,0.20218579234972678,-763,0.5
"('adx_slope', 'rsi', 'williams_limit_4h')",XGBClassifier,0.2867132867132867,-122,0.23809523809523808,-33,0.6
"('adx_slope', 'williams_break', 'adx_max_21')",XGBClassifier,0.26299694189602446,-155,0.2702702702702703,-34,0.6
"('squeeze_momentum', 'bb_sqeeze_both_direction', 'adx_max_4h')",XGBClassifier,0.17591169484420846,-4639,0.18946188340807174,-1108,0.5
"('bb_middle_crossing_4h', 'adx_max_4h', 'adx')",RandomForestClassifier,1.0,2,0.0,0,0.45
"('rsi', 'bb_sqeeze_both_direction', 'adx')",XGBClassifier,0.17663565204548812,-4379,0.19485078993563487,-1043,0.5
"('macd_zero', 'ema_20_channel', 'adx')",XGBClassifier,0.20260223048327136,-320,0.17293233082706766,-87,0.55
"('cci', 'adx_max_48', 'adx_max_4h')",XGBClassifier,0.22857142857142856,-114,0.22413793103448276,-32,0.55
"('rsi', 'rsi_convergence5_40', 'adx_max_21')",XGBClassifier,0.2894736842105263,-16,0.3333333333333333,-3,0.55
"('macd_max', 'bb_middle_crossing', 'candle_4h')",XGBClassifier,0.25748502994011974,-81,0.18181818181818182,-21,0.6
"('rsi_limit_4h', 'rsi_break_4h', 'adx_max_21')",XGBClassifier,0.30303030303030304,-13,0.125,-6,0.55
"('adx_slope', 'squeeze_momentum', 'macd_slope')",XGBClassifier,0.26666666666666666,-49,0.3333333333333333,-6,0.55
"('rsi_convergence', 'williams_break', 'bb_middle_crossing_4h')",XGBClassifier,0.30718954248366015,-59,0.358974358974359,-11,0.6
"('cci_4h', 'adx_max_48', 'macd')",XGBClassifier,0.2166172106824926,-382,0.19318181818181818,-108,0.55
"('rsi_break_4h', 'candle_4h', 'rsi_convergence5_40')",XGBClassifier,0.20127388535031848,-469,0.1724137931034483,-152,0.55
"('adx_slope', 'rsi_limit_4h', 'adx_4h')",XGBClassifier,0.21756225425950196,-862,0.21798365122615804,-207,0.55
"('williams_break', 'adx_4h', 'rsi_convergence5_40')",XGBClassifier,0.2481536189069424,-341,0.24861878453038674,-91,0.6
"('cci_4h', 'williams_break', 'adx_max_21')",XGBClassifier,0.22540983606557377,-670,0.21232876712328766,-168,0.55
"('cci', 'adx_max_48', 'squeeze_momentum')",XGBClassifier,0.20890937019969277,-758,0.21875,-180,0.5
"('bb_sqeeze_both_direction_4h', 'rsi_convergence', 'adx')",XGBClassifier,0.2762836185819071,-183,0.26717557251908397,-61,0.55
"('macd_max', 'rsi', 'macd')",XGBClassifier,0.25,-6,0.0,-1,0.55
"('macd', 'ema_20_channel', 'adx_max_21')",RandomForestClassifier,0.5,0,0.4,-1,0.45
"('adx_slope', 'cci_4h', 'adx_max_4h')",XGBClassifier,0.2036613272311213,-2331,0.20426829268292682,-582,0.5
"('macd_zero', 'rsi_convergence5_40', 'adx_max_4h')",XGBClassifier,0.20912322274881517,-982,0.19389978213507625,-281,0.55
"('rsi_convergence', 'ema_20_channel', 'adx_max_21')",XGBClassifier,0.27232142857142855,-102,0.2916666666666667,-20,0.6
"('bb_middle_crossing', 'williams_break', 'ema_20_channel')",XGBClassifier,0.2433234421364985,-346,0.22093023255813954,-96,0.6
"('rsi_break_4h', 'rsi', 'williams_limit_4h')",XGBClassifier,0.2202970297029703,-452,0.1919191919191919,-122,0.55
"('bb_middle_crossing', 'macd_slope', 'adx')",XGBClassifier,0.3611111111111111,-20,0.25,-8,0.6
"('bb_middle_crossing', 'ema_10_50', 'adx_4h')",XGBClassifier,0.2815533980582524,-135,0.22115384615384615,-58,0.6
"('adx_slope', 'rsi', 'adx_max_4h')",XGBClassifier,0.18775589783583543,-3203,0.19731649565903708,-767,0.5
"('cci_4h', 'macd', 'ema_20_channel')",XGBClassifier,0.2135258358662614,-754,0.18789808917197454,-196,0.55
"('macd_convergence', 'williams_break', 'adx_max_21')",XGBClassifier,0.3131868131868132,-68,0.3275862068965517,-20,0.6
"('macd_max', 'williams_break', 'williams_limit_4h')",XGBClassifier,0.21831955922865015,-818,0.21159420289855072,-199,0.55
"('rsi_break_4h', 'williams_break', 'adx')",XGBClassifier,0.21831955922865015,-818,0.21159420289855072,-199,0.5
"('bb_sqeeze_both_direction_4h', 'ema_10_50', 'ema_20_channel')",XGBClassifier,0.18095371276744512,-4563,0.17972602739726026,-1169,0.5
"('macd_zero', 'macd_max_4h', 'adx_max_21')",XGBClassifier,0.24634655532359082,-243,0.2446043165467626,-71,0.6
"('rsi_convergence', 'adx_max_21', 'adx_max_4h')",XGBClassifier,0.20737647877522616,-841,0.236318407960199,-212,0.55
"('adx_slope', 'cci_4h', 'bb_middle_crossing')",XGBClassifier,0.2846975088967972,-121,0.2903225806451613,-26,0.6
"('macd_max', 'macd_zero', 'macd_convergence')",XGBClassifier,0.24583333333333332,-122,0.29508196721311475,-25,0.6
"('cci_4h', 'macd_slope', 'williams_limit_4h')",XGBClassifier,0.2005792903692976,-827,0.1875,-220,0.55
"('cci', 'rsi_break_4h', 'rsi')",XGBClassifier,0.1690610569522832,-5160,0.18334179786693752,-1247,0.5
"('bb_middle_crossing', 'adx_4h', 'williams_limit_4h')",XGBClassifier,0.22735346358792186,-614,0.22033898305084745,-165,0.55
"('rsi_convergence', 'ema_10_50', 'macd_slope_4h')",XGBClassifier,0.22011385199240988,-295,0.24516129032258063,-79,0.55
"('rsi_limit_4h', 'squeeze_momentum', 'bb_sqeeze_both_direction')",XGBClassifier,0.22448979591836735,-27,0.3333333333333333,-3,0.55
"('rsi', 'macd_max_4h', 'adx')",XGBClassifier,0.22826086956521738,-50,0.175,-26,0.55
"('rsi', 'macd', 'williams_limit_4h')",XGBClassifier,0.214832254267216,-969,0.1963470319634703,-266,0.55
"('bb_sqeeze_both_direction_4h', 'adx_max_21', 'adx')",XGBClassifier,0.3125,-6,0.4,-1,0.55
"('rsi_break_4h', 'ema_10_50', 'bb_middle_crossing_4h')",XGBClassifier,0.20556745182012848,-275,0.1721311475409836,-80,0.55
"('adx_slope', 'macd_convergence', 'macd')",XGBClassifier,0.2479740680713128,-311,0.29375,-66,0.6
"('macd_max_4h', 'adx_4h', 'candle_4h')",XGBClassifier,0.23404255319148937,-75,0.38461538461538464,-9,0.55
"('macd_convergence', 'bb_sqeeze_both_direction_4h', 'macd_slope_4h')",XGBClassifier,0.29457364341085274,-53,0.3157894736842105,-14,0.6
"('rsi_limit_4h', 'bb_sqeeze_both_direction', 'adx')",XGBClassifier,0.17902021489710435,-3525,0.18705035971223022,-870,0.5
"('adx_slope', 'adx_4h', 'rsi_convergence5_40')",XGBClassifier,0.2722772277227723,-92,0.24561403508771928,-29,0.55
"('rsi_break_4h', 'adx_max_21', 'williams_limit_4h')",XGBClassifier,0.3684210526315789,-5,0.16666666666666666,-4,0.55
"('macd_max', 'cci', 'williams_limit_4h')",XGBClassifier,0.17316319409829528,-6557,0.18570287539936103,-1574,0.45
"('ema_10_50', 'bb_middle_crossing_4h', 'williams_limit_4h')",XGBClassifier,0.19991419991419992,-1399,0.1875,-360,0.55
"('cci_4h', 'bb_sqeeze_both_direction_4h', 'williams_limit_4h')",XGBClassifier,0.17482993197278912,-4780,0.18206521739130435,-1170,0.5
"('rsi', 'adx_4h', 'bb_middle_crossing_4h')",XGBClassifier,0.17916566192428263,-2661,0.192197906755471,-647,0.5
"('adx_slope', 'cci', 'adx_max_48')",XGBClassifier,0.1917390283970899,-2627,0.19866920152091255,-634,0.5
"('cci', 'rsi_limit_4h', 'adx_max_21')",XGBClassifier,0.1698140828575611,-4511,0.17647058823529413,-1133,0.5
"('macd', 'squeeze_momentum', 'williams_limit_4h')",RandomForestClassifier,0.48,-1,0.42857142857142855,-1,0.45
"('adx_slope', 'cci_4h', 'adx_max_21')",XGBClassifier,0.20477716283134284,-2027,0.20509849362688296,-509,0.5
"('williams_break', 'rsi_convergence5_40', 'macd_slope_4h')",XGBClassifier,0.2623762376237624,-96,0.26666666666666666,-21,0.55
"('macd_zero', 'adx_slope', 'adx')",XGBClassifier,0.2131554452373565,-1849,0.2140221402214022,-465,0.5
"('adx_max_48', 'ema_10_50', 'macd_slope')",XGBClassifier,0.1780472239948947,-5045,0.1819080573405833,-1287,0.5
"('cci_4h', 'bb_middle_crossing_4h', 'rsi_convergence5_40')",XGBClassifier,0.16983215547703182,-5980,0.18270079435127978,-1438,0.5
"('bb_sqeeze_both_direction_4h', 'adx_max_48', 'rsi_convergence')",XGBClassifier,0.1725398450065799,-4479,0.17875499714448886,-1125,0.5
"('cci', 'bb_sqeeze_both_direction_4h', 'macd_slope_4h')",XGBClassifier,0.21785714285714286,-316,0.2185430463576159,-85,0.55
"('macd_max_4h', 'bb_sqeeze_both_direction', 'adx')",XGBClassifier,0.2550335570469799,-73,0.3617021276595745,-13,0.6
"('adx_slope', 'rsi_limit_4h', 'bb_middle_crossing_4h')",XGBClassifier,0.2692307692307692,-36,0.2777777777777778,-8,0.55
"('rsi_convergence', 'ema_20_channel', 'macd_slope')",XGBClassifier,0.36363636363636365,-15,0.3076923076923077,-5,0.6
"('adx_slope', 'bb_sqeeze_both_direction_4h', 'squeeze_momentum')",XGBClassifier,0.20034013605442177,-1762,0.2126514131897712,-427,0.55
"('macd', 'squeeze_momentum', 'bb_middle_crossing_4h')",RandomForestClassifier,1.0,4,0.0,0,0.45
"('macd_convergence', 'cci_4h', 'bb_middle_crossing')",XGBClassifier,0.3352941176470588,-56,0.3469387755102041,-15,0.55
"('adx_slope', 'rsi_limit_4h', 'bb_sqeeze_both_direction')",XGBClassifier,0.182482912096646,-3995,0.18931101094655506,-965,0.5
"('macd_convergence', 'rsi_convergence', 'bb_sqeeze_both_direction')",XGBClassifier,0.22273936170212766,-834,0.2358490566037736,-224,0.5
"('rsi', 'ema_10_50', 'candle_4h')",XGBClassifier,0.18159526900331746,-4415,0.18378678511937813,-1139,0.5
"('macd_zero', 'williams_break', 'adx_max_4h')",XGBClassifier,0.3142857142857143,-39,0.42105263157894735,-3,0.6
"('macd_convergence', 'cci_4h', 'adx')",XGBClassifier,0.21869488536155202,-638,0.23780487804878048,-172,0.55
"('bb_sqeeze_both_direction_4h', 'rsi', 'adx_max_48')",XGBClassifier,0.17092271024855293,-5799,0.17760791366906475,-1434,0.5
"('cci_4h', 'candle_4h', 'macd_slope')",XGBClassifier,0.17877320419693302,-4776,0.18201170835550826,-1195,0.5
"('rsi', 'adx_max_48', 'adx')",XGBClassifier,0.20521172638436483,-181,0.15625,-44,0.55
"('macd_max', 'rsi', 'rsi_convergence5_40')",XGBClassifier,0.17316319409829528,-6557,0.18570287539936103,-1574,0.45
"('rsi_break_4h', 'ema_20_channel', 'bb_sqeeze_both_direction')",XGBClassifier,0.2878787878787879,-28,0.16666666666666666,-12,0.6
"('macd_convergence', 'macd_max_4h', 'ema_10_50')",XGBClassifier,0.28125,-98,0.3125,-24,0.6
"('macd_max', 'adx_4h', 'bb_middle_crossing_4h')",XGBClassifier,0.17316319409829528,-6557,0.18570287539936103,-1574,0.45
"('macd_max_4h', 'candle_4h', 'adx')",XGBClassifier,0.1812098501070664,-2382,0.18125,-612,0.5
"('rsi_limit_4h', 'rsi_break_4h', 'adx_max_4h')",XGBClassifier,0.5,0,0.0,0,0.55
"('macd_zero', 'cci', 'bb_sqeeze_both_direction')",XGBClassifier,0.2765957446808511,-105,0.19402985074626866,-41,0.55
"('rsi_limit_4h', 'macd', 'macd_max_4h')",XGBClassifier,0.26737967914438504,-87,0.2545454545454545,-27,0.55
"('bb_middle_crossing', 'macd_max_4h', 'ema_10_50')",XGBClassifier,0.3181818181818182,-32,0.22727272727272727,-12,0.55
"('adx_4h', 'bb_sqeeze_both_direction', 'adx')",XGBClassifier,0.18512272812441447,-3361,0.21021465581051074,-783,0.5
"('cci', 'candle_4h', 'adx_max_4h')",XGBClassifier,0.20614828209764918,-325,0.27007299270072993,-63,0.55
"('macd_convergence', 'cci', 'candle_4h')",XGBClassifier,0.24472573839662448,-121,0.27692307692307694,-29,0.6
"('adx_max_48', 'rsi_convergence5_40', 'bb_sqeeze_both_direction')",XGBClassifier,0.1727410259936735,-4759,0.19237057220708448,-1129,0.5
"('macd_zero', 'adx_max_48', 'ema_20_channel')",XGBClassifier,0.17887957224450116,-5285,0.18233618233618235,-1338,0.5
"('macd_max_4h', 'adx_max_4h', 'macd_slope')",XGBClassifier,0.2204724409448819,-142,0.25806451612903225,-30,0.55
"('rsi_limit_4h', 'williams_break', 'adx_max_21')",XGBClassifier,0.21831955922865015,-818,0.21159420289855072,-199,0.55
"('cci', 'bb_sqeeze_both_direction_4h', 'bb_sqeeze_both_direction')",XGBClassifier,0.1696025293586269,-5852,0.18099547511312217,-1410,0.5
"('macd_zero', 'cci', 'ema_10_50')",XGBClassifier,0.23190348525469168,-400,0.24299065420560748,-110,0.55
"('macd_convergence', 'macd', 'rsi_convergence5_40')",XGBClassifier,0.26956521739130435,-53,0.36666666666666664,-8,0.6
"('adx_slope', 'ema_10_50', 'adx')",XGBClassifier,0.22706065318818042,-351,0.20930232558139536,-100,0.55
"('cci', 'rsi', 'adx')",XGBClassifier,0.3333333333333333,-4,0.0,-2,0.55
"('bb_middle_crossing', 'ema_20_channel', 'adx_4h')",XGBClassifier,0.24736842105263157,-96,0.22950819672131148,-33,0.6
"('ema_20_channel', 'candle_4h', 'rsi_convergence5_40')",XGBClassifier,0.1809492953183217,-3939,0.18199233716475097,-996,0.5
"('cci_4h', 'rsi_limit_4h', 'macd')",XGBClassifier,0.18358092259577796,-4047,0.19142512077294685,-1022,0.5
"('rsi_break_4h', 'williams_break', 'adx_max_21')",RandomForestClassifier,0.6,3,0.0,-1,0.45
"('rsi_limit_4h', 'macd', 'ema_10_50')",XGBClassifier,0.20837390457643623,-1198,0.18,-352,0.55
"('ema_10_50', 'adx_max_21', 'macd_slope_4h')",XGBClassifier,0.17431706224809673,-5818,0.1792411687745312,-1471,0.5
"('macd', 'bb_sqeeze_both_direction', 'macd_slope')",XGBClassifier,0.19292201691199498,-1961,0.187422934648582,-507,0.5
"('adx_slope', 'cci', 'squeeze_momentum')",XGBClassifier,0.19401671799384074,-2782,0.2052401746724891,-675,0.5
"('macd_max', 'bb_sqeeze_both_direction_4h', 'adx')",XGBClassifier,0.17844380403458213,-5579,0.1884526558891455,-1349,0.5
"('rsi_break_4h', 'adx_max_21', 'adx')",XGBClassifier,0.30303030303030304,-13,0.125,-6,0.55
"('macd_convergence', 'cci', 'cci_4h')",XGBClassifier,0.35135135135135137,-22,0.47368421052631576,-1,0.6
"('rsi', 'adx_4h', 'adx')",XGBClassifier,0.17916566192428263,-2661,0.192197906755471,-647,0.5
"('macd_zero', 'cci_4h', 'adx_4h')",XGBClassifier,0.2205607476635514,-299,0.176056338028169,-92,0.55
"('bb_sqeeze_both_direction_4h', 'macd_max_4h', 'macd_slope_4h')",XGBClassifier,0.17886822318955284,-3246,0.18094475580464373,-797,0.5
"('cci', 'adx_max_48', 'bb_middle_crossing_4h')",XGBClassifier,0.17343829355002538,-2572,0.18514644351464435,-602,0.5
"('macd_zero', 'rsi_convergence', 'bb_sqeeze_both_direction')",XGBClassifier,0.2618629173989455,-271,0.30113636363636365,-70,0.55
"('macd_max_4h', 'williams_limit_4h', 'adx')",XGBClassifier,0.18337850045167117,-2103,0.17799752781211373,-521,0.5
"('rsi_break_4h', 'williams_break', 'bb_middle_crossing_4h')",XGBClassifier,0.21831955922865015,-818,0.21159420289855072,-199,0.5
"('rsi_limit_4h', 'rsi_convergence', 'adx_4h')",XGBClassifier,0.2627551020408163,-186,0.2764227642276423,-55,0.55
"('bb_sqeeze_both_direction_4h', 'rsi_convergence5_40', 'adx_max_21')",XGBClassifier,0.17983963344788087,-1677,0.17189631650750342,-481,0.5
"('macd_zero', 'macd', 'rsi_convergence')",XGBClassifier,0.2647058823529412,-48,0.3076923076923077,-15,0.6
"('cci_4h', 'macd', 'adx_max_21')",XGBClassifier,0.17334343871805977,-6034,0.18244406196213425,-1476,0.5
"('cci', 'squeeze_momentum', 'adx_max_4h')",XGBClassifier,0.2372093023255814,-113,0.2765957446808511,-21,0.55
"('macd_max_4h', 'williams_break', 'williams_limit_4h')",XGBClassifier,0.273972602739726,-66,0.275,-18,0.6
"('macd_zero', 'candle_4h', 'adx_max_4h')",XGBClassifier,0.189622838091269,-2979,0.18278688524590164,-774,0.5
"('macd_max', 'macd_zero', 'ema_20_channel')",XGBClassifier,1.0,1,0.0,0,0.55
"('bb_sqeeze_both_direction_4h', 'squeeze_momentum', 'adx')",XGBClassifier,0.1717553014322194,-5913,0.18101933216168717,-1452,0.5
"('macd_zero', 'adx_4h', 'macd_slope_4h')",XGBClassifier,0.20792588780236748,-1135,0.2070393374741201,-283,0.55
"('cci_4h', 'rsi_break_4h', 'rsi_convergence5_40')",XGBClassifier,0.1700507614213198,-5980,0.1819377466023674,-1451,0.5
"('adx_slope', 'bb_sqeeze_both_direction_4h', 'ema_20_channel')",XGBClassifier,0.265625,-90,0.23636363636363636,-29,0.6
"('squeeze_momentum', 'candle_4h', 'rsi_convergence5_40')",XGBClassifier,0.20523415977961432,-428,0.16363636363636364,-148,0.55
"('bb_middle_crossing', 'squeeze_momentum', 'williams_break')",XGBClassifier,0.2433234421364985,-346,0.22093023255813954,-96,0.6
"('macd_zero', 'macd_convergence', 'bb_sqeeze_both_direction')",XGBClassifier,0.226768968456948,-641,0.23708206686930092,-173,0.55
"('macd_max', 'adx_slope', 'bb_middle_crossing_4h')",XGBClassifier,0.2283464566929134,-207,0.16129032258064516,-63,0.55
"('rsi_convergence', 'adx_max_21', 'williams_limit_4h')",XGBClassifier,0.2536231884057971,-68,0.08108108108108109,-31,0.6
"('macd_zero', 'macd_convergence', 'adx_max_4h')",XGBClassifier,0.2525,-198,0.29292929292929293,-41,0.6
"('rsi_limit_4h', 'squeeze_momentum', 'williams_limit_4h')",XGBClassifier,0.21367521367521367,-67,0.14285714285714285,-15,0.55
"('macd_slope_4h', 'adx_max_4h', 'macd_slope')",XGBClassifier,0.22310756972111553,-139,0.27450980392156865,-23,0.55
"('adx_max_48', 'squeeze_momentum', 'adx_max_4h')",XGBClassifier,0.25862068965517243,-84,0.22641509433962265,-29,0.6
"('macd_max_4h', 'ema_20_channel', 'adx_4h')",RandomForestClassifier,0.5,0,0.6666666666666666,1,0.45
"('cci_4h', 'rsi_convergence5_40', 'adx')",XGBClassifier,0.22086956521739132,-321,0.17801047120418848,-123,0.55
"('rsi_limit_4h', 'rsi_convergence', 'adx')",XGBClassifier,0.22060957910014514,-385,0.24528301886792453,-108,0.55
"('adx_slope', 'bb_sqeeze_both_direction_4h', 'adx_max_48')",XGBClassifier,0.1868654136962627,-2899,0.19720767888307156,-694,0.5
"('cci_4h', 'candle_4h', 'williams_limit_4h')",XGBClassifier,0.17536630036630035,-4254,0.18315018315018314,-1038,0.5
"('adx_slope', 'bb_sqeeze_both_direction', 'adx_max_21')",XGBClassifier,0.2361111111111111,-38,0.2857142857142857,-12,0.55
"('bb_sqeeze_both_direction_4h', 'adx_max_48', 'adx_max_4h')",XGBClassifier,0.23414634146341465,-109,0.22413793103448276,-32,0.55
"('adx_max_48', 'rsi_convergence5_40', 'adx')",XGBClassifier,0.19413092550790068,-542,0.17374517374517376,-169,0.5
"('cci_4h', 'rsi_limit_4h', 'macd_slope')",XGBClassifier,0.17771808285027568,-4559,0.17760180995475114,-1140,0.5
"('rsi', 'williams_break', 'adx_max_4h')",XGBClassifier,0.2786885245901639,-54,0.4090909090909091,-4,0.55
"('ema_10_50', 'candle_4h', 'bb_sqeeze_both_direction')",XGBClassifier,0.18142347650798574,-4109,0.18545454545454546,-1038,0.5
"('squeeze_momentum', 'rsi_convergence5_40', 'macd_slope')",XGBClassifier,0.22466960352422907,-125,0.21951219512195122,-23,0.55
"('cci_4h', 'rsi_convergence', 'ema_20_channel')",XGBClassifier,0.2692307692307692,-60,0.2962962962962963,-11,0.6
"('macd', 'rsi_convergence5_40', 'adx')",XGBClassifier,0.22473867595818817,-316,0.15517241379310345,-120,0.55
"('rsi_limit_4h', 'rsi', 'macd_slope_4h')",XGBClassifier,0.17256944444444444,-3772,0.17692307692307693,-924,0.5
"('bb_sqeeze_both_direction_4h', 'macd', 'bb_middle_crossing_4h')",XGBClassifier,0.18583509513742072,-2972,0.1761786600496278,-783,0.5
"('macd_zero', 'bb_sqeeze_both_direction_4h', 'adx_max_21')",XGBClassifier,0.3225806451612903,-11,0.4,-1,0.55
"('macd_zero', 'rsi_break_4h', 'rsi')",XGBClassifier,0.20224719101123595,-1484,0.2027231467473525,-393,0.55
"('rsi', 'bb_middle_crossing_4h', 'williams_limit_4h')",XGBClassifier,0.21526908635794745,-455,0.19289340101522842,-121,0.55
"('rsi_limit_4h', 'bb_middle_crossing_4h', 'adx_max_21')",XGBClassifier,0.25,-14,0.1111111111111111,-7,0.55
"('bb_middle_crossing', 'bb_middle_crossing_4h', 'adx')",XGBClassifier,0.23578947368421052,-251,0.2777777777777778,-48,0.6
"('adx_slope', 'macd', 'candle_4h')",XGBClassifier,0.2067106051527861,-979,0.19458128078817735,-248,0.55
"('williams_break', 'rsi_convergence5_40', 'williams_limit_4h')",XGBClassifier,0.2962962962962963,-44,0.1935483870967742,-19,0.55
"('macd_convergence', 'bb_middle_crossing', 'ema_10_50')",XGBClassifier,0.4727272727272727,-3,0.5,0,0.6
"('rsi_limit_4h', 'adx_max_48', 'macd')",XGBClassifier,0.2114837976122797,-1015,0.20084566596194503,-283,0.55
"('cci_4h', 'rsi_break_4h', 'bb_middle_crossing')",XGBClassifier,0.2782608695652174,-51,0.18181818181818182,-14,0.6
"('macd_convergence', 'williams_break', 'bb_middle_crossing_4h')",XGBClassifier,0.3319838056680162,-83,0.32,-27,0.6
"('bb_sqeeze_both_direction_4h', 'rsi', 'williams_break')",XGBClassifier,0.24212034383954154,-360,0.21686746987951808,-94,0.6
"('squeeze_momentum', 'williams_break', 'bb_middle_crossing_4h')",XGBClassifier,0.4090909090909091,-4,0.625,2,0.6
"('rsi', 'macd', 'bb_middle_crossing_4h')",XGBClassifier,0.3333333333333333,-6,0.0,-3,0.55
"('macd_convergence', 'cci', 'bb_sqeeze_both_direction_4h')",XGBClassifier,0.4878048780487805,-1,0.5833333333333334,2,0.6
"('bb_sqeeze_both_direction_4h', 'rsi_break_4h', 'bb_sqeeze_both_direction')",XGBClassifier,0.17119408160906255,-5689,0.17744154057771663,-1407,0.5
"('macd_max', 'cci_4h', 'macd_slope_4h')",XGBClassifier,0.1772301859969198,-5449,0.18865248226950354,-1317,0.5
"('cci_4h', 'adx_max_21', 'adx')",XGBClassifier,0.24390243902439024,-21,0.45454545454545453,-1,0.55
"('macd_convergence', 'rsi_limit_4h', 'ema_20_channel')",XGBClassifier,0.3157894736842105,-35,0.28,-11,0.6
"('cci', 'bb_middle_crossing', 'williams_break')",XGBClassifier,0.2702702702702703,-102,0.25806451612903225,-30,0.55
"('rsi_break_4h', 'bb_middle_crossing', 'squeeze_momentum')",XGBClassifier,0.2556390977443609,-65,0.27906976744186046,-19,0.6
"('bb_middle_crossing', 'ema_20_channel', 'adx_max_4h')",XGBClassifier,0.3595505617977528,-25,0.3125,-6,0.6
"('rsi_break_4h', 'adx_max_4h', 'adx')",XGBClassifier,0.19344262295081968,-561,0.21621621621621623,-126,0.5
"('rsi_convergence', 'adx_4h', 'adx_max_21')",XGBClassifier,0.2627551020408163,-186,0.2764227642276423,-55,0.55
"('bb_middle_crossing', 'ema_10_50', 'bb_sqeeze_both_direction')",XGBClassifier,0.25517241379310346,-213,0.2578125,-62,0.55
"('adx_max_48', 'adx_4h', 'bb_middle_crossing_4h')",XGBClassifier,0.2127659574468085,-54,0.35714285714285715,-8,0.55
"('cci_4h', 'adx_max_48', 'macd_slope_4h')",XGBClassifier,0.2727272727272727,-40,0.13043478260869565,-17,0.6
"('macd_max', 'bb_sqeeze_both_direction_4h', 'squeeze_momentum')",XGBClassifier,0.17920818038804404,-4894,0.191129883843717,-1170,0.5
"('rsi_break_4h', 'rsi_convergence5_40', 'adx_max_21')",XGBClassifier,0.30303030303030304,-13,0.125,-6,0.55
"('macd_max', 'adx_max_48', 'rsi_convergence')",XGBClassifier,0.20732797140303844,-655,0.25696594427244585,-157,0.55
"('candle_4h', 'bb_middle_crossing_4h', 'bb_sqeeze_both_direction')",XGBClassifier,0.18472505091649694,-3096,0.18837018837018837,-761,0.5
"('rsi_limit_4h', 'macd_slope', 'adx')",XGBClassifier,0.20470756062767476,-828,0.17195767195767195,-248,0.55
"('macd_convergence', 'cci_4h', 'macd_slope')",XGBClassifier,0.24848484848484848,-249,0.2534246575342466,-72,0.6
"('macd', 'rsi_convergence5_40', 'macd_slope_4h')",XGBClassifier,0.22704081632653061,-214,0.18518518518518517,-68,0.55
"('bb_middle_crossing_4h', 'macd_slope', 'williams_limit_4h')",XGBClassifier,0.17683952883585743,-4225,0.17446808510638298,-1071,0.5
"('macd', 'macd_max_4h', 'adx_4h')",XGBClassifier,0.2222222222222222,-60,0.2727272727272727,-10,0.55
"('rsi_break_4h', 'bb_middle_crossing', 'adx')",XGBClassifier,0.22735346358792186,-614,0.22033898305084745,-165,0.5
"('bb_sqeeze_both_direction_4h', 'squeeze_momentum', 'ema_20_channel')",XGBClassifier,0.2088167053364269,-502,0.14705882352941177,-144,0.55
"('adx_slope', 'adx_4h', 'adx_max_21')",XGBClassifier,0.21752837326607818,-896,0.22020725388601037,-216,0.55
"('bb_middle_crossing', 'rsi_convergence', 'macd_slope')",XGBClassifier,0.36283185840707965,-31,0.3103448275862069,-11,0.6
"('adx_4h', 'macd_slope', 'adx')",XGBClassifier,0.1827438370846731,-3552,0.1870202372644801,-897,0.5
"('macd_max', 'cci_4h', 'adx_max_21')",XGBClassifier,0.17651170919259002,-5553,0.18822438572090866,-1345,0.5
"('macd_zero', 'bb_sqeeze_both_direction_4h', 'adx')",XGBClassifier,0.1866352664115396,-4258,0.1861793260993718,-1099,0.5
"('cci', 'rsi_break_4h', 'rsi_convergence5_40')",XGBClassifier,0.1791326209930861,-2042,0.17583732057416268,-542,0.5
"('ema_10_50', 'adx_4h', 'bb_sqeeze_both_direction')",XGBClassifier,0.1792214693769098,-4829,0.18025974025974026,-1231,0.5
"('adx_slope', 'macd_max_4h', 'adx_4h')",XGBClassifier,0.19086357947434293,-2964,0.20669456066945607,-701,0.5
"('bb_sqeeze_both_direction_4h', 'williams_break', 'candle_4h')",XGBClassifier,0.2524752475247525,-100,0.30612244897959184,-19,0.6
"('macd_convergence', 'rsi_convergence5_40', 'bb_sqeeze_both_direction')",XGBClassifier,0.25170068027210885,-146,0.3170731707317073,-30,0.6
"('rsi_break_4h', 'squeeze_momentum', 'macd_slope_4h')",XGBClassifier,0.2459016393442623,-186,0.24468085106382978,-48,0.55
"('cci', 'adx_max_4h', 'macd_slope')",XGBClassifier,0.21452702702702703,-338,0.20261437908496732,-91,0.55
"('adx_slope', 'macd_max_4h', 'bb_middle_crossing_4h')",XGBClassifier,0.5,0,0.0,0,0.6
"('bb_sqeeze_both_direction_4h', 'rsi_limit_4h', 'macd_slope_4h')",XGBClassifier,0.17990130103185284,-2854,0.18271827182718273,-705,0.5
"('macd_max', 'macd_convergence', 'williams_limit_4h')",XGBClassifier,0.2542016806722689,-234,0.29914529914529914,-47,0.55
"('macd_convergence', 'bb_middle_crossing', 'adx_max_4h')",RandomForestClassifier,0.55,2,0.4,-1,0.45
"('rsi', 'rsi_convergence', 'macd_slope_4h')",XGBClassifier,0.2839506172839506,-70,0.3469387755102041,-15,0.55
"('cci_4h', 'candle_4h', 'adx_max_4h')",XGBClassifier,0.20679012345679013,-190,0.1527777777777778,-50,0.55
"('rsi', 'squeeze_momentum', 'macd_slope_4h')",XGBClassifier,0.23015873015873015,-272,0.22556390977443608,-73,0.55
"('macd_zero', 'macd', 'bb_middle_crossing_4h')",XGBClassifier,0.22666666666666666,-82,0.2222222222222222,-25,0.55
"('rsi_break_4h', 'squeeze_momentum', 'williams_break')",XGBClassifier,0.3684210526315789,-5,0.5,0,0.6
"('bb_middle_crossing', 'rsi_convergence', 'macd_max_4h')",RandomForestClassifier,0.5,0,0.0,-2,0.45
"('cci', 'cci_4h', 'squeeze_momentum')",XGBClassifier,0.21518987341772153,-450,0.25,-104,0.55
"('cci', 'bb_middle_crossing', 'squeeze_momentum')",XGBClassifier,0.2636363636363636,-156,0.25252525252525254,-49,0.6
"('adx_slope', 'bb_sqeeze_both_direction_4h', 'rsi_convergence5_40')",XGBClassifier,0.2823529411764706,-37,0.2692307692307692,-12,0.6
"('cci', 'williams_break', 'adx_4h')",XGBClassifier,0.24517906336088155,-370,0.23039215686274508,-110,0.55
"('macd_convergence', 'ema_20_channel', 'adx_4h')",XGBClassifier,0.359375,-18,0.23809523809523808,-11,0.6
"('cci_4h', 'williams_break', 'adx')",XGBClassifier,0.22540983606557377,-670,0.21232876712328766,-168,0.55
"('ema_10_50', 'bb_middle_crossing_4h', 'adx')",XGBClassifier,0.20556745182012848,-275,0.1721311475409836,-80,0.55
"('rsi_convergence', 'rsi_convergence5_40', 'adx_max_4h')",XGBClassifier,0.2073104200763775,-1073,0.23721881390593047,-257,0.55
"('macd_convergence', 'rsi', 'macd_slope')",XGBClassifier,0.2605633802816901,-204,0.2803738317757009,-47,0.6
"('rsi', 'rsi_convergence', 'adx')",XGBClassifier,0.18018632129061576,-2815,0.18165467625899281,-708,0.5
"('bb_sqeeze_both_direction_4h', 'macd', 'adx_max_4h')",XGBClassifier,0.2222222222222222,-250,0.24489795918367346,-50,0.55
"('squeeze_momentum', 'macd_max_4h', 'williams_limit_4h')",XGBClassifier,0.23684210526315788,-60,0.2222222222222222,-15,0.55
"('adx_max_48', 'bb_middle_crossing', 'bb_middle_crossing_4h')",XGBClassifier,0.22735346358792186,-614,0.22033898305084745,-165,0.5
"('macd_max_4h', 'adx_4h', 'adx_max_21')",XGBClassifier,0.17941761620546212,-3545,0.18678977272727273,-882,0.5
"('rsi', 'adx_4h', 'adx_max_4h')",XGBClassifier,0.20606060606060606,-291,0.19083969465648856,-81,0.55
"('macd_zero', 'ema_10_50', 'adx_max_4h')",XGBClassifier,0.3333333333333333,-6,0.6,1,0.6
"('bb_sqeeze_both_direction_4h', 'squeeze_momentum', 'ema_10_50')",XGBClassifier,0.24299065420560748,-55,0.26666666666666666,-14,0.55
"('rsi_limit_4h', 'adx_max_48', 'bb_middle_crossing_4h')",XGBClassifier,0.17019173749752917,-3337,0.16771653543307086,-844,0.5
"('macd_max', 'bb_middle_crossing', 'bb_sqeeze_both_direction')",XGBClassifier,0.24486301369863014,-298,0.26282051282051283,-74,0.6
"('macd_max_4h', 'adx_max_4h', 'williams_limit_4h')",XGBClassifier,0.21015514809590974,-411,0.24277456647398843,-89,0.55
"('adx_max_48', 'macd_max_4h', 'rsi_convergence5_40')",XGBClassifier,0.1830601092896175,-1160,0.18317757009345795,-339,0.5
"('bb_sqeeze_both_direction_4h', 'squeeze_momentum', 'williams_break')",XGBClassifier,0.25961538461538464,-50,0.3,-8,0.6
"('macd_max', 'bb_sqeeze_both_direction_4h', 'candle_4h')",XGBClassifier,0.17920818038804404,-4894,0.191129883843717,-1170,0.5
"('macd_zero', 'adx_max_48', 'macd_slope_4h')",XGBClassifier,0.17874753451676528,-5212,0.18173076923076922,-1324,0.5
"('adx_slope', 'squeeze_momentum', 'williams_break')",XGBClassifier,0.26128266033254155,-201,0.26595744680851063,-44,0.6
"('rsi', 'adx_max_48', 'williams_limit_4h')",XGBClassifier,0.2127659574468085,-486,0.18932038834951456,-128,0.55
"('rsi_limit_4h', 'rsi_convergence5_40', 'macd_slope')",XGBClassifier,0.17635658914728683,-3674,0.1768377253814147,-932,0.5
"('cci_4h', 'macd', 'bb_middle_crossing_4h')",XGBClassifier,0.17336108220603538,-6278,0.1834635952283011,-1539,0.5
"('bb_middle_crossing', 'williams_break', 'macd_slope_4h')",XGBClassifier,0.18045546266935716,-4434,0.17956120092378752,-1110,0.5
"('rsi_limit_4h', 'ema_10_50', 'ema_20_channel')",XGBClassifier,0.5,0,0.25,-2,0.6
"('williams_break', 'ema_20_channel', 'williams_limit_4h')",XGBClassifier,0.28804347826086957,-78,0.15151515151515152,-23,0.6
"('rsi_break_4h', 'ema_20_channel', 'bb_middle_crossing_4h')",XGBClassifier,0.3150684931506849,-27,0.17857142857142858,-18,0.55
"('cci_4h', 'rsi_convergence', 'macd_slope_4h')",XGBClassifier,0.3333333333333333,-16,0.3,-4,0.6
"('macd_max_4h', 'ema_20_channel', 'adx_max_21')",XGBClassifier,0.3253968253968254,-44,0.32142857142857145,-10,0.55
"('macd_max', 'macd_max_4h', 'bb_middle_crossing_4h')",XGBClassifier,0.17316319409829528,-6557,0.18570287539936103,-1574,0.45
"('macd_zero', 'candle_4h', 'bb_sqeeze_both_direction')",XGBClassifier,0.18791593695271452,-3564,0.18668496911461907,-913,0.5
"('macd_zero', 'bb_middle_crossing', 'rsi_convergence5_40')",XGBClassifier,0.2359081419624217,-506,0.22433460076045628,-145,0.55
"('bb_middle_crossing_4h', 'macd_slope_4h', 'adx')",XGBClassifier,0.17298797409805736,-4242,0.17643467643467645,-1060,0.5
"('macd_zero', 'bb_sqeeze_both_direction_4h', 'rsi_convergence')",XGBClassifier,0.2249488752556237,-538,0.2629757785467128,-137,0.55
"('macd_zero', 'rsi_break_4h', 'williams_break')",XGBClassifier,0.22844827586206898,-630,0.23049645390070922,-152,0.55
"('rsi_limit_4h', 'squeeze_momentum', 'ema_10_50')",XGBClassifier,0.1971223021582734,-1684,0.17264276228419656,-493,0.55
"('adx_slope', 'squeeze_momentum', 'candle_4h')",XGBClassifier,0.20038722168441434,-1238,0.20985401459854014,-318,0.55
"('macd', 'adx_4h', 'williams_limit_4h')",XGBClassifier,0.20487195502810743,-945,0.1925133689839572,-230,0.55
"('adx_slope', 'macd_convergence', 'cci_4h')",XGBClassifier,0.27204030226700254,-181,0.3181818181818182,-40,0.6
"('rsi_break_4h', 'rsi_convergence', 'ema_20_channel')",XGBClassifier,0.2874251497005988,-71,0.2972972972972973,-15,0.6
"('macd_convergence', 'bb_sqeeze_both_direction', 'adx')",XGBClassifier,0.28,-176,0.2711864406779661,-54,0.6
"('cci_4h', 'macd', 'adx')",XGBClassifier,0.2378167641325536,-269,0.2032520325203252,-73,0.55
"('squeeze_momentum', 'ema_20_channel', 'williams_limit_4h')",XGBClassifier,0.4117647058823529,-3,0.4,-1,0.6
"('adx_max_48', 'macd', 'williams_limit_4h')",XGBClassifier,0.20487195502810743,-945,0.1925133689839572,-230,0.55
"('cci_4h', 'rsi_break_4h', 'ema_20_channel')",XGBClassifier,0.265625,-60,0.15384615384615385,-27,0.6
"('macd_max', 'ema_20_channel', 'williams_limit_4h')",XGBClassifier,1.0,1,0.0,0,0.6
"('bb_sqeeze_both_direction_4h', 'rsi_convergence5_40', 'adx_max_4h')",XGBClassifier,0.19873817034700317,-1146,0.1975806451612903,-300,0.5
"('adx_max_48', 'bb_middle_crossing', 'williams_limit_4h')",XGBClassifier,0.2903225806451613,-39,0.125,-12,0.6
"('adx_slope', 'bb_sqeeze_both_direction', 'adx')",XGBClassifier,0.18714703018500486,-3213,0.1998407643312102,-754,0.5
"('rsi_convergence', 'candle_4h', 'adx')",XGBClassifier,0.22198275862068967,-258,0.2357142857142857,-74,0.55
"('ema_10_50', 'bb_middle_crossing_4h', 'rsi_convergence5_40')",XGBClassifier,0.20924574209245742,-239,0.1958762886597938,-59,0.55
"('squeeze_momentum', 'ema_10_50', 'adx_max_4h')",XGBClassifier,0.1984924623115578,-480,0.20725388601036268,-113,0.55
"('adx_slope', 'squeeze_momentum', 'ema_10_50')",XGBClassifier,0.2055573097568677,-1865,0.2065081351689612,-469,0.55
"('adx_slope', 'rsi_limit_4h', 'macd_slope_4h')",XGBClassifier,0.27294685990338163,-188,0.21238938053097345,-65,0.55
"('macd_zero', 'cci', 'macd_slope')",XGBClassifier,0.23172905525846701,-301,0.2037037037037037,-96,0.55
"('macd_max_4h', 'rsi_convergence5_40', 'williams_limit_4h')",XGBClassifier,0.22340425531914893,-52,0.21052631578947367,-11,0.55
"('macd_convergence', 'bb_sqeeze_both_direction_4h', 'squeeze_momentum')",RandomForestClassifier,0.5526315789473685,4,0.3076923076923077,-5,0.45
"('macd', 'squeeze_momentum', 'rsi_convergence5_40')",XGBClassifier,0.34210526315789475,-24,0.25,-8,0.6
"('bb_sqeeze_both_direction_4h', 'bb_middle_crossing_4h', 'macd_slope_4h')",XGBClassifier,0.1818370739817124,-3062,0.17996742671009772,-786,0.5
"('macd_max_4h', 'adx_4h', 'adx_max_4h')",XGBClassifier,0.18141681717840658,-3175,0.1923383878691141,-771,0.5
"('williams_break', 'adx_4h', 'bb_middle_crossing_4h')",XGBClassifier,0.24408014571949,-281,0.24528301886792453,-81,0.6
"('cci', 'bb_middle_crossing_4h', 'adx_max_4h')",XGBClassifier,0.5,0,0.5,0,0.55
"('cci_4h', 'adx_max_48', 'adx_max_4h')",XGBClassifier,0.2732919254658385,-73,0.2,-27,0.6
"('adx_max_48', 'bb_middle_crossing_4h', 'williams_limit_4h')",XGBClassifier,0.21428571428571427,-40,0.32,-9,0.55
"('adx_slope', 'rsi_limit_4h', 'rsi')",XGBClassifier,0.2549019607843137,-150,0.19318181818181818,-54,0.55
"('rsi_limit_4h', 'williams_break', 'macd_slope')",XGBClassifier,0.29239766081871343,-71,0.34285714285714286,-11,0.6
"('macd_convergence', 'macd_max_4h', 'adx_4h')",XGBClassifier,0.24855491329479767,-261,0.26143790849673204,-73,0.6
"('macd_zero', 'cci', 'rsi')",XGBClassifier,0.23404255319148937,-225,0.21212121212121213,-76,0.6
"('adx_slope', 'cci_4h', 'adx_4h')",XGBClassifier,0.22885572139303484,-654,0.21232876712328766,-168,0.55
"('adx_slope', 'cci_4h', 'adx_max_48')",XGBClassifier,0.21138845553822153,-1480,0.20746268656716418,-392,0.55
"('rsi', 'bb_middle_crossing', 'ema_20_channel')",XGBClassifier,0.1818326439707286,-4000,0.17770897832817337,-1041,0.5
"('bb_middle_crossing_4h', 'adx_max_4h', 'williams_limit_4h')",XGBClassifier,0.5,0,0.5,0,0.55
"('macd_convergence', 'bb_middle_crossing_4h', 'rsi_convergence5_40')",XGBClassifier,0.32926829268292684,-28,0.2608695652173913,-11,0.6
"('macd_max', 'bb_sqeeze_both_direction_4h', 'macd_slope_4h')",XGBClassifier,0.17920818038804404,-4894,0.191129883843717,-1170,0.5
"('macd_zero', 'rsi_convergence', 'bb_middle_crossing_4h')",XGBClassifier,0.34375,-10,0.2727272727272727,-5,0.6
"('macd_zero', 'macd_slope', 'williams_limit_4h')",XGBClassifier,0.21434138737334374,-733,0.19873817034700317,-191,0.55
"('macd_zero', 'macd_max_4h', 'bb_middle_crossing_4h')",XGBClassifier,0.2061752988047809,-590,0.21694915254237288,-167,0.55
"('cci_4h', 'candle_4h', 'adx')",XGBClassifier,0.17374727668845316,-4792,0.18381564844587353,-1180,0.5
"('adx_4h', 'bb_middle_crossing_4h', 'macd_slope')",XGBClassifier,0.17694300518134715,-4988,0.1856561546286877,-1236,0.5
"('bb_sqeeze_both_direction_4h', 'adx_max_48', 'adx_max_21')",XGBClassifier,0.34782608695652173,-7,0.4,-1,0.55
"('cci', 'williams_break', 'bb_middle_crossing_4h')",XGBClassifier,0.2948717948717949,-32,0.2,-12,0.6
"('rsi_convergence', 'squeeze_momentum', 'macd_slope_4h')",XGBClassifier,0.2401129943502825,-184,0.2441860465116279,-44,0.6
"('macd_zero', 'macd_convergence', 'cci_4h')",XGBClassifier,0.36363636363636365,-27,0.34782608695652173,-7,0.6
"('rsi_break_4h', 'ema_10_50', 'adx_4h')",XGBClassifier,0.1970636215334421,-1857,0.1964956195244055,-485,0.5
"('rsi_limit_4h', 'williams_break', 'macd_slope_4h')",XGBClassifier,0.19892653471989266,-1795,0.18673883626522328,-463,0.5
"('macd_zero', 'rsi_convergence5_40', 'macd_slope_4h')",XGBClassifier,0.17884686008079323,-5247,0.18207816968541468,-1334,0.5
"('cci_4h', 'williams_break', 'rsi_convergence5_40')",XGBClassifier,0.275,-72,0.2631578947368421,-18,0.6
"('macd_zero', 'squeeze_momentum', 'macd_max_4h')",XGBClassifier,0.264,-59,0.18181818181818182,-14,0.6
"('macd_zero', 'ema_10_50', 'ema_20_channel')",XGBClassifier,0.2608695652173913,-33,0.10526315789473684,-15,0.6
"('cci', 'bb_middle_crossing', 'rsi_convergence')",XGBClassifier,0.2976588628762542,-121,0.27380952380952384,-38,0.6
"('cci_4h', 'rsi_convergence', 'williams_break')",XGBClassifier,0.4024390243902439,-16,0.45,-2,0.6
"('adx_max_48', 'macd_max_4h', 'ema_20_channel')",RandomForestClassifier,0.5517241379310345,3,0.5714285714285714,1,0.45
"('macd_convergence', 'cci', 'williams_limit_4h')",XGBClassifier,0.2419127988748242,-367,0.2833333333333333,-78,0.55
"('adx_slope', 'rsi_limit_4h', 'macd_slope')",XGBClassifier,0.2361111111111111,-304,0.21568627450980393,-87,0.55
"('rsi_limit_4h', 'adx_max_48', 'adx_max_4h')",XGBClassifier,0.3235294117647059,-12,0.4,-2,0.55
"('rsi_break_4h', 'adx_4h', 'adx_max_21')",RandomForestClassifier,0.5384615384615384,1,0.3333333333333333,-1,0.45
"('cci', 'macd', 'adx_4h')",XGBClassifier,0.17302277962631174,-5110,0.1762917933130699,-1278,0.5
"('cci', 'bb_middle_crossing', 'macd_slope')",XGBClassifier,0.27146814404432135,-165,0.26666666666666666,-42,0.6
"('macd_convergence', 'williams_break', 'macd_slope')",XGBClassifier,0.272264631043257,-179,0.2980769230769231,-42,0.6
"('macd_zero', 'rsi', 'bb_middle_crossing_4h')",XGBClassifier,0.4,-1,0.0,-2,0.6
"('macd_max', 'macd', 'rsi_convergence')",XGBClassifier,0.22121604139715395,-431,0.26146788990825687,-104,0.55
"('squeeze_momentum', 'bb_middle_crossing_4h', 'williams_limit_4h')",XGBClassifier,0.21374045801526717,-75,0.26666666666666666,-14,0.55
"('cci', 'bb_sqeeze_both_direction_4h', 'bb_middle_crossing')",XGBClassifier,0.25395033860045146,-436,0.23853211009174313,-114,0.55
"('rsi_convergence', 'macd_slope', 'williams_limit_4h')",XGBClassifier,0.20181219110378912,-724,0.2442528735632184,-178,0.55
"('macd_zero', 'macd_convergence', 'macd')",XGBClassifier,0.2320754716981132,-284,0.25161290322580643,-77,0.55
"('rsi', 'rsi_convergence', 'ema_10_50')",XGBClassifier,0.1748562750840655,-5995,0.1814720812182741,-1506,0.5
"('adx_max_48', 'squeeze_momentum', 'adx_max_21')",XGBClassifier,0.1692450854949401,-5687,0.17742663656884877,-1429,0.5
"('adx_slope', 'rsi_break_4h', 'bb_middle_crossing')",XGBClassifier,0.35172413793103446,-43,0.4411764705882353,-4,0.55
"('macd_max_4h', 'williams_break', 'candle_4h')",XGBClassifier,0.273972602739726,-66,0.275,-18,0.55
"('macd_max_4h', 'macd_slope_4h', 'adx_max_4h')",XGBClassifier,0.17830253251197808,-3760,0.1799719887955182,-914,0.5
"('rsi_break_4h', 'rsi', 'macd_max_4h')",XGBClassifier,0.16949455259867832,-3701,0.17618040873854826,-919,0.5
"('macd_convergence', 'rsi_break_4h', 'adx_max_48')",XGBClassifier,0.27692307692307694,-29,0.23809523809523808,-11,0.6
"('macd_convergence', 'rsi_break_4h', 'adx')",XGBClassifier,0.27692307692307694,-29,0.23809523809523808,-11,0.6
"('cci', 'rsi_convergence', 'bb_middle_crossing_4h')",XGBClassifier,0.19655172413793104,-1056,0.2254697286012526,-263,0.5
"('adx_max_48', 'rsi_convergence5_40', 'macd_slope')",XGBClassifier,0.17556384877494727,-3999,0.18123803446075304,-999,0.5
"('candle_4h', 'rsi_convergence5_40', 'adx_max_4h')",XGBClassifier,0.209478672985782,-613,0.1598639455782313,-200,0.55
"('bb_sqeeze_both_direction_4h', 'rsi_break_4h', 'squeeze_momentum')",XGBClassifier,0.1749271137026239,-4906,0.18073537027446918,-1233,0.5
"('rsi_break_4h', 'adx_4h', 'adx_max_4h')",XGBClassifier,0.18141681717840658,-3175,0.1923383878691141,-771,0.5
"('rsi_break_4h', 'macd', 'adx_max_4h')",XGBClassifier,0.21581196581196582,-266,0.25,-52,0.55
"('macd_convergence', 'macd', 'adx_4h')",XGBClassifier,0.30851063829787234,-72,0.3333333333333333,-19,0.6
"('bb_sqeeze_both_direction_4h', 'ema_20_channel', 'macd_slope_4h')",XGBClassifier,0.2146814404432133,-412,0.15384615384615385,-117,0.55
"('adx_max_48', 'ema_20_channel', 'adx_max_21')",XGBClassifier,0.5,0,0.3333333333333333,-3,0.55
"('cci', 'macd', 'macd_slope')",XGBClassifier,0.22962962962962963,-73,0.14285714285714285,-30,0.55
"('candle_4h', 'bb_sqeeze_both_direction', 'adx_max_4h')",XGBClassifier,0.20616113744075829,-248,0.16071428571428573,-76,0.55
"('adx_max_48', 'macd', 'bb_middle_crossing')",XGBClassifier,0.22735346358792186,-614,0.22033898305084745,-165,0.55
"('macd', 'macd_max_4h', 'rsi_convergence5_40')",XGBClassifier,0.17286686718378977,-4133,0.17137355584082156,-1024,0.5
"('adx_max_48', 'adx_max_21', 'macd_slope')",XGBClassifier,0.20326678765880218,-327,0.20134228187919462,-89,0.55
"('adx_slope', 'bb_middle_crossing', 'macd_slope')",XGBClassifier,0.28846153846153844,-132,0.3150684931506849,-27,0.6
"('cci', 'rsi_break_4h', 'ema_20_channel')",XGBClassifier,0.2727272727272727,-65,0.19230769230769232,-32,0.6
"('ema_20_channel', 'bb_middle_crossing_4h', 'macd_slope')",XGBClassifier,0.2846153846153846,-56,0.2,-21,0.55
"('macd_convergence', 'macd', 'williams_limit_4h')",XGBClassifier,0.25363825363825365,-237,0.2916666666666667,-50,0.6
"('bb_middle_crossing', 'williams_break', 'bb_middle_crossing_4h')",XGBClassifier,0.25254237288135595,-292,0.22727272727272727,-84,0.55
"('macd_max', 'adx_max_48', 'williams_break')",XGBClassifier,0.3888888888888889,-4,0.0,-5,0.6
"('macd_convergence', 'cci', 'macd_max_4h')",XGBClassifier,0.2828282828282828,-86,0.32727272727272727,-19,0.6
"('rsi_break_4h', 'bb_middle_crossing', 'macd_max_4h')",XGBClassifier,0.2897196261682243,-45,0.2692307692307692,-12,0.6
"('adx_max_48', 'rsi_convergence', 'macd_slope')",XGBClassifier,0.20181219110378912,-724,0.2442528735632184,-178,0.55
"('macd_convergence', 'cci', 'rsi_convergence5_40')",XGBClassifier,0.2099337748344371,-876,0.23404255319148937,-225,0.55
"('rsi', 'bb_middle_crossing', 'candle_4h')",XGBClassifier,0.2909090909090909,-46,0.19047619047619047,-13,0.6
"('rsi_limit_4h', 'adx_4h', 'bb_sqeeze_both_direction')",XGBClassifier,0.18007730147575546,-3642,0.1847445766270119,-901,0.5
"('macd_max_4h', 'rsi_convergence5_40', 'bb_sqeeze_both_direction')",XGBClassifier,0.24761904761904763,-106,0.29850746268656714,-27,0.55
"('cci_4h', 'bb_middle_crossing', 'williams_limit_4h')",XGBClassifier,0.35294117647058826,-10,0.0,-8,0.6
"('macd_max', 'macd_zero', 'williams_limit_4h')",XGBClassifier,0.20751720487030176,-1105,0.1875,-280,0.55
"('rsi', 'adx_max_48', 'squeeze_momentum')",XGBClassifier,0.2598870056497175,-85,0.14285714285714285,-25,0.6
"('cci', 'bb_sqeeze_both_direction_4h', 'adx_4h')",XGBClassifier,0.2159090909090909,-250,0.18421052631578946,-72,0.55
"('rsi_limit_4h', 'squeeze_momentum', 'adx_max_4h')",XGBClassifier,0.18241637726192653,-3475,0.1836587129428778,-875,0.5
"('rsi_convergence', 'ema_10_50', 'candle_4h')",XGBClassifier,0.1828312728539091,-3643,0.1955345060893099,-900,0.5
"('rsi_break_4h', 'williams_break', 'adx_4h')",XGBClassifier,0.24408014571949,-281,0.24528301886792453,-81,0.6
"('macd', 'ema_10_50', 'bb_middle_crossing_4h')",XGBClassifier,0.2491349480968858,-145,0.20987654320987653,-47,0.55
"('cci', 'rsi', 'rsi_convergence5_40')",XGBClassifier,0.21951219512195122,-23,0.2222222222222222,-5,0.55
"('rsi_limit_4h', 'bb_middle_crossing', 'macd_max_4h')",XGBClassifier,0.2897196261682243,-45,0.2692307692307692,-12,0.6
"('adx_slope', 'macd', 'adx_max_21')",XGBClassifier,0.20167014613778705,-1429,0.19130434782608696,-355,0.55
"('macd_zero', 'bb_sqeeze_both_direction_4h', 'macd_max_4h')",XGBClassifier,0.207,-586,0.21768707482993196,-166,0.55
"('bb_sqeeze_both_direction_4h', 'bb_middle_crossing_4h', 'macd_slope')",XGBClassifier,0.18692372170997484,-2988,0.17585089141004862,-800,0.5
"('macd_zero', 'cci', 'adx_max_48')",XGBClassifier,0.25874125874125875,-138,0.21875,-54,0.55
"('adx_max_48', 'ema_10_50', 'williams_limit_4h')",XGBClassifier,0.17431706224809673,-5818,0.1792411687745312,-1471,0.5
"('macd_zero', 'rsi_convergence', 'rsi_convergence5_40')",XGBClassifier,0.2398753894080997,-167,0.2727272727272727,-50,0.6
"('macd_convergence', 'ema_10_50', 'ema_20_channel')",RandomForestClassifier,0.6190476190476191,5,0.6,1,0.45
"('macd_max_4h', 'williams_break', 'rsi_convergence5_40')",XGBClassifier,0.2599388379204893,-157,0.2631578947368421,-36,0.6
"('bb_middle_crossing', 'rsi_convergence', 'candle_4h')",XGBClassifier,0.36283185840707965,-31,0.3103448275862069,-11,0.6
"('macd_convergence', 'cci_4h', 'ema_10_50')",XGBClassifier,0.3617021276595745,-26,0.46153846153846156,-2,0.6
"('ema_10_50', 'adx_4h', 'williams_limit_4h')",XGBClassifier,0.21585903083700442,-516,0.18454935622317598,-147,0.55
"('rsi', 'ema_10_50', 'bb_middle_crossing_4h')",XGBClassifier,0.22287390029325513,-189,0.19801980198019803,-61,0.55
"('macd_max', 'bb_middle_crossing', 'rsi_convergence5_40')",XGBClassifier,0.22727272727272727,-612,0.22033898305084745,-165,0.55
"('rsi_limit_4h', 'rsi', 'bb_middle_crossing_4h')",XGBClassifier,0.16792472339985523,-6423,0.17472118959107807,-1575,0.5
"('williams_break', 'ema_20_channel', 'adx_max_4h')",XGBClassifier,0.2786885245901639,-54,0.4090909090909091,-4,0.6
"('adx_slope', 'rsi_break_4h', 'adx')",XGBClassifier,0.28431372549019607,-44,0.16,-17,0.6
"('rsi_limit_4h', 'rsi', 'williams_break')",XGBClassifier,0.21831955922865015,-818,0.21159420289855072,-199,0.55
"('macd_convergence', 'rsi_convergence', 'ema_10_50')",XGBClassifier,0.24584717607973422,-153,0.2987012987012987,-31,0.6
"('macd', 'rsi_convergence5_40', 'bb_sqeeze_both_direction')",XGBClassifier,0.20600272851296045,-431,0.16831683168316833,-134,0.55
"('macd_convergence', 'cci_4h', 'adx_max_4h')",XGBClassifier,0.2457627118644068,-60,0.36363636363636365,-9,0.6
"('rsi_convergence5_40', 'bb_sqeeze_both_direction', 'macd_slope_4h')",XGBClassifier,0.17929232961291855,-2701,0.18023255813953487,-660,0.5
"('macd_max', 'rsi', 'williams_break')",XGBClassifier,0.3076923076923077,-10,0.0,-6,0.55
"('macd_max', 'bb_sqeeze_both_direction', 'adx_max_21')",XGBClassifier,0.20318725099601595,-149,0.27848101265822783,-35,0.55
"('macd_max', 'macd', 'bb_sqeeze_both_direction')",XGBClassifier,0.18360146768275473,-4484,0.1977142857142857,-1058,0.5
"('adx_4h', 'candle_4h', 'bb_sqeeze_both_direction')",XGBClassifier,0.20811808118081182,-791,0.2303206997084548,-185,0.55
"('cci_4h', 'bb_sqeeze_both_direction_4h', 'adx')",XGBClassifier,0.17532917532917533,-4685,0.18277194919933737,-1149,0.5
"('rsi_break_4h', 'adx_max_48', 'bb_middle_crossing')",XGBClassifier,0.22735346358792186,-614,0.22033898305084745,-165,0.5
"('macd_zero', 'macd_max_4h', 'williams_limit_4h')",XGBClassifier,0.27835051546391754,-43,0.20833333333333334,-14,0.55
"('macd_max', 'macd', 'rsi_convergence5_40')",XGBClassifier,0.17455343152616734,-6231,0.18243243243243243,-1504,0.5
"('macd_max', 'macd_max_4h', 'ema_20_channel')",XGBClassifier,0.2808988764044944,-39,0.3333333333333333,-5,0.55
"('rsi_limit_4h', 'ema_20_channel', 'adx')",XGBClassifier,0.24087591240875914,-142,0.125,-48,0.55
"('bb_sqeeze_both_direction_4h', 'macd_max_4h', 'williams_limit_4h')",XGBClassifier,0.19359267734553776,-1339,0.18461538461538463,-328,0.5
"('rsi', 'macd', 'adx_4h')",XGBClassifier,0.23417085427135678,-529,0.2471042471042471,-131,0.55
"('bb_sqeeze_both_direction_4h', 'bb_middle_crossing', 'macd_slope_4h')",XGBClassifier,0.25982905982905985,-281,0.2116788321167883,-79,0.55
"('macd_convergence', 'bb_sqeeze_both_direction_4h', 'adx')",XGBClassifier,0.2099337748344371,-876,0.23404255319148937,-225,0.5
"('williams_break', 'candle_4h', 'adx_max_21')",XGBClassifier,0.21831955922865015,-818,0.21159420289855072,-199,0.55
"('adx_slope', 'bb_sqeeze_both_direction_4h', 'rsi_break_4h')",XGBClassifier,0.1881918819188192,-2873,0.19794344473007713,-705,0.5
"('bb_sqeeze_both_direction_4h', 'adx_max_4h', 'williams_limit_4h')",XGBClassifier,0.1947296372347707,-1784,0.19480519480519481,-423,0.5
"('macd', 'macd_slope', 'adx')",XGBClassifier,0.18005354752342703,-3824,0.1789199739752765,-987,0.5
"('bb_sqeeze_both_direction_4h', 'bb_middle_crossing', 'ema_20_channel')",XGBClassifier,0.2206721623335447,-881,0.20887728459530025,-223,0.5
"('macd_zero', 'adx_4h', 'macd_slope')",XGBClassifier,0.2169811320754717,-600,0.23745819397993312,-157,0.55
"('bb_sqeeze_both_direction', 'adx_max_4h', 'williams_limit_4h')",XGBClassifier,0.19834710743801653,-73,0.1891891891891892,-23,0.55
"('adx_max_48', 'adx_max_4h', 'williams_limit_4h')",XGBClassifier,0.36363636363636365,-6,0.42857142857142855,-1,0.55
"('cci', 'cci_4h', 'macd_slope_4h')",XGBClassifier,0.2482758620689655,-73,0.18181818181818182,-21,0.6
"('rsi_break_4h', 'rsi', 'ema_20_channel')",XGBClassifier,0.24217462932454695,-313,0.17088607594936708,-104,0.55
"('macd_max', 'bb_middle_crossing', 'adx_max_4h')",XGBClassifier,0.36363636363636365,-24,0.3125,-6,0.6
"('adx_max_48', 'macd', 'bb_sqeeze_both_direction')",XGBClassifier,0.1765542462413653,-3184,0.18795768917819367,-767,0.5
"('macd_max', 'cci_4h', 'rsi_limit_4h')",XGBClassifier,0.17540260539542518,-6329,0.18703855619360132,-1526,0.45
"('macd_max', 'candle_4h', 'adx_max_21')",XGBClassifier,0.18180173661360347,-3518,0.1833810888252149,-884,0.5
"('macd_convergence', 'cci', 'rsi_convergence')",XGBClassifier,0.25,-62,0.3793103448275862,-7,0.6
"('cci_4h', 'rsi_convergence5_40', 'bb_sqeeze_both_direction')",XGBClassifier,0.17756292203806015,-4202,0.1918568784700802,-999,0.5
"('candle_4h', 'bb_sqeeze_both_direction', 'macd_slope_4h')",XGBClassifier,0.18445448062752556,-2655,0.18635926993275698,-653,0.5
"('bb_middle_crossing', 'adx_max_21', 'adx')",XGBClassifier,0.22739018087855298,-633,0.22549019607843138,-168,0.5
"('macd_convergence', 'rsi_convergence5_40', 'adx_max_4h')",XGBClassifier,0.23636363636363636,-87,0.37777777777777777,-11,0.55
"('macd_convergence', 'adx_max_21', 'adx')",XGBClassifier,0.22448979591836735,-702,0.24788732394366197,-179,0.55
"('macd_max', 'ema_10_50', 'adx')",XGBClassifier,0.18117383735389206,-5128,0.18813806514341275,-1283,0.5
"('adx_4h', 'rsi_convergence5_40', 'bb_sqeeze_both_direction')",XGBClassifier,0.24929178470254956,-177,0.25,-52,0.55
"('rsi_break_4h', 'rsi', 'macd')",XGBClassifier,0.20666666666666667,-968,0.2109004739336493,-244,0.55
"('adx_slope', 'macd_convergence', 'williams_limit_4h')",XGBClassifier,0.3484848484848485,-40,0.42857142857142855,-5,0.6
"('cci', 'bb_sqeeze_both_direction', 'macd_slope_4h')",XGBClassifier,0.2265625,-70,0.2857142857142857,-18,0.55
"('adx_max_48', 'candle_4h', 'macd_slope_4h')",XGBClassifier,0.1812159924296191,-2695,0.18129770992366412,-668,0.5
"('adx_slope', 'rsi_limit_4h', 'williams_break')",XGBClassifier,0.25,-190,0.23595505617977527,-47,0.55
"('macd_max', 'bb_sqeeze_both_direction_4h', 'rsi_limit_4h')",XGBClassifier,0.17725409836065573,-5670,0.1858974358974359,-1372,0.5
"('cci_4h', 'squeeze_momentum', 'adx')",XGBClassifier,0.17085184469770137,-6816,0.17947732513451192,-1668,0.45
"('cci', 'candle_4h', 'bb_middle_crossing_4h')",XGBClassifier,0.17584776076691944,-4531,0.18403171007927518,-1116,0.5
"('macd_zero', 'rsi_limit_4h', 'ema_20_channel')",XGBClassifier,0.1792302993280391,-5251,0.1819047619047619,-1336,0.5
"('rsi_limit_4h', 'bb_middle_crossing', 'williams_break')",XGBClassifier,0.21481092436974789,-1086,0.21367521367521367,-268,0.5
"('adx_slope', 'williams_break', 'macd_slope_4h')",XGBClassifier,0.25,-190,0.23595505617977527,-47,0.6
"('macd', 'squeeze_momentum', 'ema_20_channel')",XGBClassifier,0.32051282051282054,-28,0.3333333333333333,-6,0.6
"('rsi_break_4h', 'rsi', 'macd_slope')",XGBClassifier,0.1782909205152372,-4096,0.17334978408389884,-1059,0.5
"('candle_4h', 'rsi_convergence5_40', 'macd_slope')",XGBClassifier,0.20893371757925072,-404,0.1553398058252427,-142,0.55
"('cci', 'cci_4h', 'adx_4h')",XGBClassifier,0.20670897552130554,-647,0.23426573426573427,-152,0.55
"('macd_convergence', 'rsi_convergence', 'adx_max_4h')",XGBClassifier,0.23636363636363636,-87,0.37777777777777777,-11,0.55
"('cci', 'candle_4h', 'adx')",XGBClassifier,0.17758768177929854,-3769,0.1797752808988764,-969,0.5
"('macd_convergence', 'macd', 'candle_4h')",XGBClassifier,0.24022346368715083,-186,0.2621359223300971,-49,0.6
"('macd_zero', 'williams_break', 'bb_sqeeze_both_direction')",XGBClassifier,0.18915094339622643,-3954,0.18659987476518472,-1001,0.5
"('macd_convergence', 'cci', 'macd')",XGBClassifier,0.2099337748344371,-876,0.23404255319148937,-225,0.55
"('macd_convergence', 'rsi_break_4h', 'adx_max_4h')",XGBClassifier,0.2835820895522388,-29,0.23809523809523808,-11,0.6
"('rsi_break_4h', 'macd', 'adx_max_21')",XGBClassifier,0.3333333333333333,-9,0.125,-6,0.55
"('macd_max_4h', 'rsi_convergence5_40', 'adx')",XGBClassifier,0.22641509433962265,-87,0.19298245614035087,-35,0.55
"('cci', 'rsi', 'macd_slope_4h')",XGBClassifier,0.2265625,-70,0.2857142857142857,-18,0.55
"('macd_max', 'williams_break', 'ema_20_channel')",XGBClassifier,0.23163841807909605,-285,0.15789473684210525,-78,0.55
"('macd_zero', 'rsi_break_4h', 'adx_max_48')",XGBClassifier,0.17874753451676528,-5212,0.18173076923076922,-1324,0.5
"('ema_20_channel', 'candle_4h', 'macd_slope')",XGBClassifier,0.22102009273570325,-361,0.15384615384615385,-117,0.55
"('macd_zero', 'ema_20_channel', 'williams_limit_4h')",XGBClassifier,0.2263779527559055,-278,0.1565217391304348,-79,0.55
"('rsi', 'ema_10_50', 'rsi_convergence5_40')",XGBClassifier,0.1743406347787215,-5828,0.17959895379250218,-1470,0.45
"('macd_convergence', 'rsi_convergence', 'macd_slope')",XGBClassifier,0.21961805555555555,-646,0.2314540059347181,-181,0.55
"('rsi_limit_4h', 'rsi_break_4h', 'squeeze_momentum')",XGBClassifier,0.18357603246598234,-2651,0.1840843720038351,-659,0.5
"('adx_4h', 'rsi_convergence5_40', 'adx_max_4h')",XGBClassifier,0.21593625498007968,-713,0.21084337349397592,-192,0.55
"('cci', 'bb_middle_crossing', 'adx')",XGBClassifier,0.2702702702702703,-102,0.25806451612903225,-30,0.6
"('cci', 'rsi_convergence', 'squeeze_momentum')",XGBClassifier,0.24401913875598086,-107,0.2777777777777778,-24,0.55
"('macd_max', 'cci_4h', 'rsi')",XGBClassifier,0.1761165282292043,-5381,0.1892668902731193,-1297,0.5
"('cci_4h', 'bb_sqeeze_both_direction_4h', 'macd')",XGBClassifier,0.17813812412505833,-5518,0.18435498627630376,-1380,0.5
"('cci', 'adx_max_48', 'candle_4h')",XGBClassifier,0.17779433681073026,-4324,0.18165784832451498,-1083,0.5
"('cci_4h', 'rsi_convergence', 'rsi_convergence5_40')",XGBClassifier,0.23333333333333334,-160,0.2777777777777778,-48,0.55
"('cci', 'bb_sqeeze_both_direction_4h', 'macd_slope')",XGBClassifier,0.18788501026694046,-3040,0.1784,-804,0.5
"('cci_4h', 'rsi', 'macd_slope')",XGBClassifier,0.175375,-5194,0.1807348560079444,-1286,0.5
"('adx_slope', 'rsi_limit_4h', 'adx_max_4h')",XGBClassifier,0.20385674931129477,-215,0.23076923076923078,-49,0.55
"('cci_4h', 'adx_max_48', 'rsi_convergence5_40')",XGBClassifier,0.17327074416678173,-4733,0.17767042404723565,-1201,0.5
"('macd_max_4h', 'bb_sqeeze_both_direction', 'macd_slope_4h')",XGBClassifier,0.2871287128712871,-43,0.42105263157894735,-3,0.6
"('cci', 'bb_sqeeze_both_direction_4h', 'candle_4h')",XGBClassifier,0.2288135593220339,-192,0.18947368421052632,-59,0.55
"('bb_sqeeze_both_direction_4h', 'macd_max_4h', 'bb_middle_crossing_4h')",XGBClassifier,0.1700317604355717,-5818,0.17541498429789143,-1447,0.5
"('macd_zero', 'ema_20_channel', 'bb_sqeeze_both_direction')",XGBClassifier,0.2014519056261343,-329,0.2318840579710145,-74,0.55
"('rsi_convergence5_40', 'adx_max_21', 'macd_slope')",XGBClassifier,0.2039573820395738,-389,0.1702127659574468,-124,0.55
"('adx_slope', 'adx_max_48', 'squeeze_momentum')",XGBClassifier,0.1957871995679179,-2253,0.20811099252934898,-547,0.5
"('bb_sqeeze_both_direction_4h', 'rsi', 'ema_10_50')",XGBClassifier,0.18035574156421658,-4888,0.18209562563580875,-1250,0.5
"('macd_convergence', 'bb_middle_crossing', 'candle_4h')",XGBClassifier,0.2961783439490446,-128,0.2894736842105263,-32,0.6
"('macd_convergence', 'macd', 'williams_break')",XGBClassifier,0.2985781990521327,-85,0.3142857142857143,-26,0.6
"('rsi_break_4h', 'adx_max_48', 'macd_slope_4h')",XGBClassifier,0.173369652299311,-4077,0.17155612244897958,-1030,0.5
"('macd_zero', 'cci_4h', 'rsi_convergence')",XGBClassifier,0.28125,-84,0.3333333333333333,-18,0.55
"('macd_convergence', 'rsi_convergence5_40', 'williams_limit_4h')",XGBClassifier,0.2708333333333333,-154,0.2808988764044944,-39,0.6
"('cci_4h', 'adx_max_48', 'macd_max_4h')",XGBClassifier,0.24615384615384617,-132,0.2840909090909091,-38,0.55
"('rsi_break_4h', 'rsi', 'ema_10_50')",XGBClassifier,0.5,0,0.0,0,0.6
"('rsi_break_4h', 'bb_middle_crossing', 'williams_break')",XGBClassifier,0.2531446540880503,-314,0.20666666666666667,-88,0.55
"('cci_4h', 'ema_20_channel', 'candle_4h')",XGBClassifier,0.21271676300578035,-497,0.18518518518518517,-136,0.55
"('ema_10_50', 'bb_sqeeze_both_direction', 'adx_max_21')",XGBClassifier,0.20704845814977973,-133,0.2972972972972973,-30,0.55
"('cci', 'adx_max_48', 'williams_limit_4h')",XGBClassifier,0.22540983606557377,-268,0.2,-63,0.55
"('cci', 'adx_4h', 'bb_sqeeze_both_direction')",XGBClassifier,0.20087336244541484,-137,0.20588235294117646,-40,0.55
"('bb_sqeeze_both_direction_4h', 'rsi', 'adx_max_21')",XGBClassifier,0.3333333333333333,-7,0.5,0,0.55
"('adx_slope', 'macd_max_4h', 'adx')",XGBClassifier,0.22171428571428572,-487,0.22807017543859648,-124,0.55
"('rsi', 'rsi_convergence5_40', 'williams_limit_4h')",XGBClassifier,0.2127659574468085,-486,0.18932038834951456,-128,0.55
"('ema_10_50', 'williams_limit_4h', 'adx')",XGBClassifier,0.18066847335140018,-4242,0.17893476959904248,-1073,0.5
"('bb_sqeeze_both_direction_4h', 'bb_middle_crossing', 'squeeze_momentum')",XGBClassifier,0.24758454106280192,-418,0.23857868020304568,-103,0.55
"('macd_max', 'macd_max_4h', 'ema_10_50')",XGBClassifier,0.21377672209026127,-482,0.2317596566523605,-125,0.55
"('macd_max', 'cci', 'bb_sqeeze_both_direction_4h')",XGBClassifier,0.228287841191067,-219,0.19047619047619047,-65,0.55
"('macd_max_4h', 'williams_break', 'ema_20_channel')",XGBClassifier,0.273972602739726,-66,0.275,-18,0.6
"('bb_sqeeze_both_direction', 'adx_max_21', 'macd_slope_4h')",XGBClassifier,0.22727272727272727,-72,0.32,-18,0.55
"('bb_middle_crossing_4h', 'bb_sqeeze_both_direction', 'williams_limit_4h')",XGBClassifier,0.19480519480519481,-1363,0.20848708487084872,-316,0.5
"('rsi_break_4h', 'adx_max_48', 'williams_limit_4h')",XGBClassifier,0.19370698131760078,-1246,0.1955193482688391,-299,0.5
"('rsi_break_4h', 'ema_10_50', 'rsi_convergence5_40')",XGBClassifier,0.17458352093651508,-5782,0.1800614844093105,-1457,0.5
"('rsi_break_4h', 'adx_max_48', 'adx')",XGBClassifier,0.16984191325496553,-3258,0.1791290057518488,-781,0.5
"('macd_zero', 'rsi_limit_4h', 'rsi_convergence')",XGBClassifier,0.24793388429752067,-244,0.2781456953642384,-67,0.6
"('macd_zero', 'adx_slope', 'macd_slope')",XGBClassifier,0.22236024844720498,-447,0.23300970873786409,-110,0.55
"('adx_slope', 'bb_middle_crossing', 'rsi_convergence')",RandomForestClassifier,0.5,0,0.8,3,0.45
"('macd_max', 'rsi', 'adx_max_21')",XGBClassifier,0.17316319409829528,-6557,0.18570287539936103,-1574,0.5
"('rsi', 'squeeze_momentum', 'adx')",XGBClassifier,0.17528373266078184,-4120,0.1774294670846395,-1029,0.5
"('macd_convergence', 'squeeze_momentum', 'candle_4h')",XGBClassifier,0.1804604853764779,-4108,0.18928788800973828,-1021,0.5
"('macd_max', 'adx_slope', 'rsi')",XGBClassifier,0.20869803063457332,-2130,0.22111111111111112,-502,0.5
"('adx_slope', 'adx_4h', 'macd_slope')",XGBClassifier,0.21756225425950196,-862,0.21798365122615804,-207,0.55
"('rsi', 'adx_4h', 'candle_4h')",XGBClassifier,0.17728447620495666,-4245,0.1841631673665267,-1053,0.5
"('cci', 'rsi_limit_4h', 'adx_max_48')",XGBClassifier,0.17343032159264932,-3412,0.17490494296577946,-855,0.5
"('cci_4h', 'macd', 'squeeze_momentum')",XGBClassifier,0.3333333333333333,-25,0.3125,-6,0.55
"('adx_slope', 'macd_convergence', 'adx')",XGBClassifier,0.3333333333333333,-44,0.2903225806451613,-13,0.6
"('rsi_limit_4h', 'candle_4h', 'bb_sqeeze_both_direction')",XGBClassifier,0.17756474459865504,-4507,0.18208430913348947,-1086,0.5
"('williams_break', 'bb_middle_crossing_4h', 'adx_max_4h')",RandomForestClassifier,0.6666666666666666,1,0.0,-1,0.45
"('adx_max_48', 'rsi_convergence', 'candle_4h')",XGBClassifier,0.20181219110378912,-724,0.2442528735632184,-178,0.55
"('williams_break', 'adx_max_21', 'williams_limit_4h')",XGBClassifier,0.38461538461538464,-6,0.2,-3,0.6
"('adx_slope', 'rsi_break_4h', 'macd')",XGBClassifier,0.18759521218715997,-2871,0.19824561403508772,-688,0.5
"('cci', 'bb_sqeeze_both_direction_4h', 'bb_middle_crossing_4h')",XGBClassifier,0.2159090909090909,-250,0.18421052631578946,-72,0.55
"('macd_zero', 'bb_middle_crossing', 'macd_slope_4h')",XGBClassifier,0.24695121951219512,-332,0.20441988950276244,-107,0.6
"('macd_convergence', 'bb_middle_crossing', 'ema_20_channel')",XGBClassifier,0.3352941176470588,-56,0.3469387755102041,-15,0.6
"('macd_convergence', 'cci_4h', 'rsi')",XGBClassifier,0.2912621359223301,-172,0.28,-55,0.55
"('macd_convergence', 'bb_sqeeze_both_direction_4h', 'adx_4h')",XGBClassifier,0.24855491329479767,-261,0.26143790849673204,-73,0.55
"('rsi_limit_4h', 'bb_middle_crossing', 'adx_max_4h')",XGBClassifier,0.3595505617977528,-25,0.3125,-6,0.6
"('rsi_limit_4h', 'candle_4h', 'macd_slope')",XGBClassifier,0.2011104256631709,-969,0.1883720930232558,-268,0.55
"('rsi_limit_4h', 'rsi_convergence5_40', 'bb_sqeeze_both_direction')",XGBClassifier,0.17963668984077147,-2857,0.18771929824561404,-712,0.5
"('rsi_break_4h', 'rsi', 'bb_sqeeze_both_direction')",XGBClassifier,0.17768595041322313,-2652,0.17777777777777778,-667,0.5
"('macd_convergence', 'rsi_limit_4h', 'bb_middle_crossing')",XGBClassifier,0.3352941176470588,-56,0.3469387755102041,-15,0.6
"('macd_max', 'adx_slope', 'macd_max_4h')",XGBClassifier,0.21104231166150672,-2240,0.22821576763485477,-524,0.55
"('williams_break', 'adx_max_21', 'adx_max_4h')",XGBClassifier,0.3584905660377358,-15,0.5,0,0.6
"('adx_max_48', 'macd', 'rsi_convergence5_40')",XGBClassifier,0.17559523809523808,-3052,0.1751886001676446,-775,0.5
"('cci_4h', 'williams_break', 'ema_20_channel')",XGBClassifier,0.20142920946851273,-1337,0.20109689213893966,-327,0.5
"('squeeze_momentum', 'ema_20_channel', 'bb_middle_crossing_4h')",XGBClassifier,0.2709677419354839,-71,0.17073170731707318,-27,0.55
"('cci_4h', 'squeeze_momentum', 'bb_middle_crossing_4h')",XGBClassifier,0.16923507985430092,-7083,0.17908787541713014,-1731,0.5
"('adx_slope', 'macd', 'ema_10_50')",XGBClassifier,0.2717391304347826,-42,0.38095238095238093,-5,0.6
"('cci', 'adx_max_4h', 'williams_limit_4h')",XGBClassifier,0.1842442904798563,-2461,0.18729817007534985,-581,0.5
"('bb_sqeeze_both_direction_4h', 'williams_break', 'macd_slope')",XGBClassifier,0.2994652406417112,-75,0.2619047619047619,-20,0.6
"('macd_zero', 'rsi_limit_4h', 'adx_4h')",XGBClassifier,0.2021878536401358,-1579,0.18518518518518517,-442,0.55
"('ema_10_50', 'rsi_convergence5_40', 'macd_slope_4h')",XGBClassifier,0.17431706224809673,-5818,0.1792411687745312,-1471,0.5
"('rsi_convergence5_40', 'macd_slope_4h', 'williams_limit_4h')",XGBClassifier,0.2089041095890411,-680,0.17870722433460076,-169,0.55
"('cci', 'cci_4h', 'rsi_break_4h')",XGBClassifier,0.21359223300970873,-413,0.2564102564102564,-95,0.55
"('bb_sqeeze_both_direction_4h', 'rsi_break_4h', 'rsi_convergence')",XGBClassifier,0.5,0,0.16666666666666666,-4,0.55
"('adx_slope', 'ema_10_50', 'macd_slope')",XGBClassifier,0.2055573097568677,-1865,0.2065081351689612,-469,0.5
"('ema_10_50', 'ema_20_channel', 'williams_limit_4h')",XGBClassifier,0.3076923076923077,-25,0.2,-9,0.6
"('macd_max', 'cci', 'bb_sqeeze_both_direction')",XGBClassifier,0.375,-2,0.0,-1,0.55
"('rsi_convergence', 'candle_4h', 'bb_sqeeze_both_direction')",XGBClassifier,0.18585560934540096,-2985,0.19717138103161397,-728,0.5
"('macd_max', 'adx_slope', 'ema_10_50')",XGBClassifier,0.20869803063457332,-2130,0.22111111111111112,-502,0.5
"('bb_sqeeze_both_direction_4h', 'rsi_break_4h', 'bb_middle_crossing')",XGBClassifier,0.25458996328029376,-401,0.22972972972972974,-120,0.55
"('bb_sqeeze_both_direction_4h', 'rsi_convergence', 'rsi_convergence5_40')",XGBClassifier,0.18818181818181817,-1372,0.20327868852459016,-362,0.5
"('cci_4h', 'candle_4h', 'adx_max_21')",XGBClassifier,0.17038233710285405,-6121,0.1832191780821918,-1480,0.5
"('macd_zero', 'rsi_break_4h', 'adx_max_4h')",XGBClassifier,0.17979274611398963,-4944,0.18435754189944134,-1243,0.5
"('macd_max', 'macd_slope_4h', 'williams_limit_4h')",XGBClassifier,0.17798218718061032,-4411,0.18612922347362182,-1059,0.5
"('ema_20_channel', 'candle_4h', 'bb_middle_crossing_4h')",XGBClassifier,0.2773722627737226,-61,0.1891891891891892,-23,0.6
"('rsi_convergence5_40', 'adx_max_21', 'williams_limit_4h')",XGBClassifier,0.23783783783783785,-97,0.13793103448275862,-42,0.55
"('adx_4h', 'candle_4h', 'macd_slope')",XGBClassifier,0.18484952120383036,-3686,0.1868279569892473,-932,0.5
"('macd_max', 'adx_max_48', 'williams_limit_4h')",XGBClassifier,0.17316319409829528,-6557,0.18570287539936103,-1574,0.45
"('bb_sqeeze_both_direction_4h', 'bb_middle_crossing', 'macd_max_4h')",XGBClassifier,0.2897196261682243,-45,0.2692307692307692,-12,0.55
"('rsi_convergence', 'candle_4h', 'adx_max_4h')",XGBClassifier,0.20533333333333334,-663,0.2345679012345679,-172,0.55
"('macd_zero', 'rsi_convergence5_40', 'adx_max_21')",XGBClassifier,0.20270270270270271,-616,0.1716171617161716,-199,0.55
"('cci_4h', 'rsi_break_4h', 'rsi')",XGBClassifier,0.1707236114184554,-5952,0.18221638195356987,-1451,0.5
"('cci', 'adx_max_48', 'ema_20_channel')",XGBClassifier,0.3047619047619048,-41,0.17647058823529413,-22,0.55
"('macd_zero', 'bb_sqeeze_both_direction_4h', 'macd_slope')",XGBClassifier,0.19881305637982197,-2233,0.1915983606557377,-602,0.55
"('williams_break', 'ema_20_channel', 'macd_slope_4h')",XGBClassifier,0.24273255813953487,-354,0.19727891156462585,-89,0.55
"('adx_slope', 'ema_10_50', 'macd_slope_4h')",XGBClassifier,0.23060344827586207,-500,0.2457627118644068,-120,0.55
"('macd_zero', 'rsi_convergence5_40', 'adx')",XGBClassifier,0.2288961038961039,-334,0.16842105263157894,-126,0.55
"('macd', 'ema_10_50', 'adx')",XGBClassifier,0.17495598591549297,-5908,0.18037021093413688,-1485,0.5
"('macd_max', 'bb_middle_crossing', 'squeeze_momentum')",XGBClassifier,0.17514510071696826,-5709,0.18949259092950158,-1383,0.5
"('rsi_limit_4h', 'rsi_break_4h', 'williams_limit_4h')",XGBClassifier,0.1863330843913368,-1680,0.18495297805642633,-402,0.5
"('adx_slope', 'rsi_convergence5_40', 'bb_sqeeze_both_direction')",XGBClassifier,0.2967032967032967,-37,0.15625,-22,0.6
"('macd_zero', 'rsi_break_4h', 'adx_max_21')",RandomForestClassifier,0.5384615384615384,1,0.0,-1,0.45
"('macd_max_4h', 'rsi_convergence5_40', 'adx_max_4h')",XGBClassifier,0.19157427937915744,-1391,0.19173553719008266,-373,0.5
"('cci', 'rsi_limit_4h', 'williams_limit_4h')",XGBClassifier,0.1815598358067572,-2017,0.17701453104359313,-489,0.5
"('macd_max', 'bb_middle_crossing', 'rsi_convergence')",XGBClassifier,0.36036036036036034,-31,0.3103448275862069,-11,0.6
"('adx_slope', 'squeeze_momentum', 'ema_20_channel')",XGBClassifier,0.24806201550387597,-130,0.2535211267605634,-35,0.55
"('rsi', 'bb_middle_crossing', 'bb_sqeeze_both_direction')",XGBClassifier,0.24489795918367346,-300,0.26282051282051283,-74,0.6
"('macd_max', 'squeeze_momentum', 'williams_limit_4h')",XGBClassifier,0.1747917823431427,-5857,0.18741692512184316,-1411,0.5
"('bb_middle_crossing', 'squeeze_momentum', 'adx')",XGBClassifier,0.2556390977443609,-65,0.27906976744186046,-19,0.6
"('macd_max', 'ema_20_channel', 'adx_4h')",XGBClassifier,1.0,1,0.0,0,0.6
"('adx_max_48', 'adx_4h', 'macd_slope')",XGBClassifier,0.21428571428571427,-112,0.12195121951219512,-31,0.55
"('ema_10_50', 'williams_break', 'candle_4h')",XGBClassifier,0.23361034164358263,-577,0.2209737827715356,-149,0.55
"('adx_slope', 'adx_4h', 'adx')",XGBClassifier,0.22047643182970098,-1103,0.21560574948665298,-277,0.55
"('cci', 'ema_10_50', 'rsi_convergence5_40')",XGBClassifier,0.17431706224809673,-5818,0.1792411687745312,-1471,0.5
"('bb_middle_crossing', 'williams_break', 'candle_4h')",XGBClassifier,0.2433234421364985,-346,0.22093023255813954,-96,0.6
"('bb_middle_crossing_4h', 'adx_max_21', 'adx')",RandomForestClassifier,0.6,1,0.5,0,0.45
"('cci', 'adx_max_48', 'adx_4h')",XGBClassifier,0.17387555683287828,-4539,0.18622300058377117,-1075,0.5
"('cci_4h', 'bb_sqeeze_both_direction_4h', 'adx_max_4h')",XGBClassifier,0.20388349514563106,-427,0.20903954802259886,-103,0.55
"('cci', 'macd', 'adx_max_4h')",XGBClassifier,0.23765432098765432,-170,0.22666666666666666,-41,0.6
"('adx_slope', 'bb_sqeeze_both_direction_4h', 'bb_middle_crossing')",XGBClassifier,0.3116883116883117,-58,0.41935483870967744,-5,0.55
"('bb_sqeeze_both_direction_4h', 'macd_slope_4h', 'macd_slope')",XGBClassifier,0.18510158013544017,-2790,0.17781690140845072,-732,0.5
"('adx_max_48', 'adx_4h', 'bb_sqeeze_both_direction')",XGBClassifier,0.18987720874513328,-2071,0.22419928825622776,-465,0.5
"('rsi_limit_4h', 'macd', 'rsi_convergence')",XGBClassifier,0.2405857740585774,-248,0.2789115646258503,-65,0.55
"('bb_sqeeze_both_direction_4h', 'bb_middle_crossing', 'williams_limit_4h')",XGBClassifier,0.29554655870445345,-101,0.2682926829268293,-19,0.6
"('macd_zero', 'rsi_limit_4h', 'candle_4h')",XGBClassifier,0.1868678210183439,-3653,0.18579960185799602,-947,0.5
"('adx_max_48', 'ema_20_channel', 'adx_max_4h')",XGBClassifier,0.5,0,1.0,1,0.6
"('bb_middle_crossing', 'williams_break', 'williams_limit_4h')",XGBClassifier,0.24433849821215733,-429,0.2175925925925926,-122,0.6
"('bb_sqeeze_both_direction_4h', 'macd', 'ema_20_channel')",XGBClassifier,0.23673469387755103,-258,0.1553398058252427,-71,0.55
"('cci_4h', 'ema_10_50', 'bb_sqeeze_both_direction')",XGBClassifier,0.18168054504163514,-4205,0.1859774212715389,-1057,0.5
"('rsi_break_4h', 'squeeze_momentum', 'adx')",XGBClassifier,0.17419655333022824,-4197,0.18002466091245375,-1038,0.5
"('macd_max', 'macd_slope_4h', 'adx_max_4h')",XGBClassifier,0.2229299363057325,-174,0.273972602739726,-33,0.55
"('rsi_break_4h', 'bb_middle_crossing_4h', 'rsi_convergence5_40')",XGBClassifier,0.1821247892074199,-1508,0.19237147595356552,-371,0.5
"('squeeze_momentum', 'ema_10_50', 'williams_limit_4h')",XGBClassifier,0.23,-108,0.17142857142857143,-23,0.55
"('cci', 'cci_4h', 'rsi')",XGBClassifier,0.2727272727272727,-5,0.4,-1,0.6
"('rsi_convergence', 'bb_sqeeze_both_direction', 'williams_limit_4h')",XGBClassifier,0.23728813559322035,-155,0.26373626373626374,-43,0.6
"('macd_max', 'bb_middle_crossing_4h', 'macd_slope')",XGBClassifier,0.187422934648582,-3549,0.18518518518518517,-901,0.5
"('bb_sqeeze_both_direction_4h', 'rsi_break_4h', 'adx_max_21')",XGBClassifier,0.3684210526315789,-5,0.16666666666666666,-4,0.55
"('candle_4h', 'rsi_convergence5_40', 'adx')",XGBClassifier,0.21767241379310345,-262,0.1619718309859155,-96,0.55
"('rsi_break_4h', 'williams_break', 'ema_20_channel')",XGBClassifier,0.2777777777777778,-40,0.2,-15,0.6
"('macd_convergence', 'rsi_limit_4h', 'adx_4h')",XGBClassifier,0.30833333333333335,-92,0.323943661971831,-25,0.6
"('macd_convergence', 'rsi', 'williams_break')",XGBClassifier,0.2985781990521327,-85,0.3142857142857143,-26,0.6
"('squeeze_momentum', 'adx_4h', 'rsi_convergence5_40')",XGBClassifier,0.22202166064981949,-308,0.21686746987951808,-94,0.55
"('macd_zero', 'macd_max_4h', 'williams_break')",XGBClassifier,0.29545454545454547,-54,0.2631578947368421,-18,0.55
"('rsi_limit_4h', 'squeeze_momentum', 'macd_slope')",XGBClassifier,0.29365079365079366,-52,0.30434782608695654,-9,0.55
"('rsi_limit_4h', 'macd', 'williams_break')",XGBClassifier,0.2086261980830671,-1824,0.19263803680981595,-501,0.55
"('macd_max', 'bb_sqeeze_both_direction', 'macd_slope_4h')",XGBClassifier,0.2727272727272727,-5,0.0,-2,0.55
"('cci', 'rsi', 'adx_max_4h')",XGBClassifier,0.23076923076923078,-21,0.125,-6,0.55
"('rsi_limit_4h', 'williams_limit_4h', 'adx')",XGBClassifier,0.17641046606704824,-3166,0.16555183946488294,-800,0.5
"('cci_4h', 'adx_4h', 'williams_limit_4h')",XGBClassifier,0.18401522359657468,-3321,0.1860643185298622,-820,0.5
"('adx_slope', 'macd', 'adx')",XGBClassifier,0.22171428571428572,-487,0.22807017543859648,-124,0.55
"('ema_10_50', 'rsi_convergence5_40', 'macd_slope')",XGBClassifier,0.17431706224809673,-5818,0.1792411687745312,-1471,0.45
"('rsi_convergence5_40', 'adx_max_4h', 'williams_limit_4h')",XGBClassifier,0.24242424242424243,-51,0.16666666666666666,-16,0.55
"('macd_zero', 'ema_10_50', 'rsi_convergence5_40')",XGBClassifier,0.17874753451676528,-5212,0.18173076923076922,-1324,0.5
"('macd', 'bb_sqeeze_both_direction', 'adx_max_4h')",XGBClassifier,0.21581196581196582,-266,0.25,-52,0.55
"('ema_20_channel', 'bb_middle_crossing_4h', 'adx')",XGBClassifier,0.2709677419354839,-71,0.17073170731707318,-27,0.55
"('rsi_limit_4h', 'bb_middle_crossing', 'rsi_convergence')",XGBClassifier,0.36283185840707965,-31,0.3103448275862069,-11,0.6
"('adx_max_48', 'adx_max_4h', 'macd_slope')",XGBClassifier,0.27956989247311825,-41,0.2692307692307692,-12,0.55
"('bb_middle_crossing', 'bb_middle_crossing_4h', 'bb_sqeeze_both_direction')",XGBClassifier,0.2552742616033755,-232,0.2807017543859649,-50,0.6
"('macd_max_4h', 'ema_10_50', 'adx_max_21')",XGBClassifier,0.17516417910447762,-5441,0.17865538316878232,-1367,0.5
"('rsi_break_4h', 'bb_middle_crossing_4h', 'bb_sqeeze_both_direction')",XGBClassifier,0.23076923076923078,-56,0.21428571428571427,-16,0.55
"('macd_zero', 'bb_middle_crossing', 'squeeze_momentum')",XGBClassifier,0.2359081419624217,-506,0.22433460076045628,-145,0.6
"('macd_zero', 'macd_convergence', 'rsi_limit_4h')",XGBClassifier,0.24101198402130491,-389,0.25,-110,0.55
"('rsi_break_4h', 'macd_max_4h', 'ema_20_channel')",XGBClassifier,0.2599118942731278,-109,0.21428571428571427,-32,0.55
"('bb_middle_crossing', 'rsi_convergence', 'adx')",XGBClassifier,0.36283185840707965,-31,0.3103448275862069,-11,0.55
"('adx_slope', 'bb_middle_crossing', 'macd_slope_4h')",XGBClassifier,0.30319148936170215,-74,0.3488372093023256,-13,0.6
"('macd_convergence', 'squeeze_momentum', 'ema_10_50')",XGBClassifier,0.27941176470588236,-120,0.36619718309859156,-19,0.6
"('rsi_break_4h', 'squeeze_momentum', 'rsi_convergence5_40')",XGBClassifier,0.19168591224018475,-801,0.18882978723404256,-234,0.5
"('cci', 'rsi_break_4h', 'candle_4h')",XGBClassifier,0.17604121940747103,-4527,0.18428490672696438,-1117,0.5
"('cci', 'adx_max_48', 'williams_break')",XGBClassifier,0.28292682926829266,-89,0.21666666666666667,-34,0.55
"('macd_zero', 'adx_max_48', 'williams_break')",XGBClassifier,0.1791616766467066,-5358,0.18032786885245902,-1365,0.5
"('macd_convergence', 'rsi_limit_4h', 'rsi_break_4h')",XGBClassifier,0.24101198402130491,-389,0.25,-110,0.55
"('bb_sqeeze_both_direction_4h', 'bb_middle_crossing', 'adx_4h')",XGBClassifier,0.24758454106280192,-418,0.23857868020304568,-103,0.55
"('candle_4h', 'adx_max_4h', 'macd_slope')",XGBClassifier,0.21794871794871795,-176,0.2,-42,0.55
"('rsi_limit_4h', 'rsi', 'macd_slope')",XGBClassifier,0.18066985645933015,-3337,0.18119787717968158,-841,0.5
"('macd_zero', 'cci_4h', 'bb_sqeeze_both_direction')",XGBClassifier,0.22287968441814596,-281,0.1897810218978102,-85,0.55
"('adx_slope', 'macd_convergence', 'adx_max_4h')",XGBClassifier,0.2479740680713128,-311,0.29375,-66,0.6
"('rsi_limit_4h', 'macd', 'squeeze_momentum')",XGBClassifier,0.34782608695652173,-14,0.3333333333333333,-3,0.6
"('cci', 'rsi', 'adx_max_48')",XGBClassifier,0.3157894736842105,-7,0.16666666666666666,-4,0.55
"('cci', 'macd', 'bb_sqeeze_both_direction')",XGBClassifier,0.25757575757575757,-32,0.17647058823529413,-11,0.55
"('williams_break', 'candle_4h', 'bb_middle_crossing_4h')",XGBClassifier,0.21831955922865015,-818,0.21159420289855072,-199,0.55
"('bb_middle_crossing', 'bb_sqeeze_both_direction', 'adx_max_4h')",XGBClassifier,0.3595505617977528,-25,0.3125,-6,0.6
"('williams_break', 'adx_max_21', 'macd_slope_4h')",XGBClassifier,0.21831955922865015,-818,0.21159420289855072,-199,0.55
"('macd_max', 'cci', 'rsi_convergence5_40')",XGBClassifier,0.1738063592679685,-6381,0.1815195071868583,-1551,0.5
"('rsi_convergence', 'ema_10_50', 'bb_middle_crossing_4h')",XGBClassifier,0.36,-7,0.14285714285714285,-5,0.6
"('williams_break', 'adx_4h', 'bb_sqeeze_both_direction')",XGBClassifier,0.28719723183391005,-123,0.31313131313131315,-37,0.55
"('bb_sqeeze_both_direction_4h', 'rsi_limit_4h', 'adx_max_48')",XGBClassifier,0.16934428180411756,-5557,0.17323208353108685,-1377,0.5
"('rsi_break_4h', 'williams_break', 'macd_slope_4h')",XGBClassifier,0.21831955922865015,-818,0.21159420289855072,-199,0.55
"('bb_sqeeze_both_direction_4h', 'adx_max_4h', 'macd_slope')",XGBClassifier,0.20386266094420602,-276,0.2072072072072072,-65,0.55
"('squeeze_momentum', 'adx_max_21', 'macd_slope_4h')",XGBClassifier,0.23872679045092837,-197,0.23958333333333334,-50,0.55
"('macd_zero', 'adx_max_48', 'rsi_convergence5_40')",XGBClassifier,0.17874753451676528,-5212,0.18173076923076922,-1324,0.5
"('rsi_convergence', 'bb_middle_crossing_4h', 'williams_limit_4h')",XGBClassifier,0.20181219110378912,-724,0.2442528735632184,-178,0.55
"('macd', 'ema_10_50', 'macd_slope_4h')",XGBClassifier,0.17442494276681567,-5973,0.1804607508532423,-1498,0.5
"('macd_zero', 'rsi_convergence', 'macd_max_4h')",XGBClassifier,0.25,-58,0.2857142857142857,-15,0.6
"('adx_slope', 'cci', 'macd_slope_4h')",XGBClassifier,0.19815668202764977,-1441,0.19734660033167495,-365,0.55
"('rsi_break_4h', 'williams_break', 'bb_sqeeze_both_direction')",XGBClassifier,0.23387096774193547,-462,0.24537037037037038,-110,0.55
"('rsi_break_4h', 'candle_4h', 'adx_max_21')",XGBClassifier,0.38095238095238093,-5,0.0,-4,0.55
"('cci_4h', 'macd', 'adx_4h')",XGBClassifier,0.2205607476635514,-299,0.176056338028169,-92,0.55
"('macd_convergence', 'rsi_limit_4h', 'adx_max_21')",XGBClassifier,0.26033690658499237,-313,0.265625,-90,0.6
"('rsi_limit_4h', 'rsi_break_4h', 'adx')",XGBClassifier,0.18033368832090876,-1801,0.1721194879089616,-461,0.5
"('adx_slope', 'rsi_limit_4h', 'bb_middle_crossing')",XGBClassifier,0.30319148936170215,-74,0.3488372093023256,-13,0.6
"('ema_20_channel', 'adx_max_4h', 'adx')",XGBClassifier,0.19272555503070382,-1301,0.19148936170212766,-319,0.5
"('cci_4h', 'adx_4h', 'adx')",XGBClassifier,0.18681318681318682,-2394,0.19464469618949537,-593,0.5
"('macd_max', 'adx_slope', 'cci_4h')",XGBClassifier,0.2217543859649123,-1586,0.22331460674157302,-394,0.55
"('candle_4h', 'adx_max_4h', 'adx')",XGBClassifier,0.24242424242424243,-34,0.3333333333333333,-6,0.6
"('rsi_limit_4h', 'rsi_break_4h', 'rsi_convergence')",XGBClassifier,0.34782608695652173,-14,0.25,-6,0.6
"('macd_convergence', 'adx_4h', 'candle_4h')",XGBClassifier,0.31004366812227074,-87,0.28378378378378377,-32,0.55
"('rsi_break_4h', 'macd', 'macd_max_4h')",XGBClassifier,0.17312105565117614,-4558,0.1713791113675707,-1139,0.5
"('macd_zero', 'rsi_break_4h', 'ema_10_50')",XGBClassifier,0.1801226366888094,-5008,0.1842764146219329,-1261,0.5
"('cci', 'macd_slope_4h', 'adx')",XGBClassifier,0.29411764705882354,-14,0.2222222222222222,-10,0.6
"('cci', 'adx_max_48', 'rsi_convergence')",XGBClassifier,0.18691588785046728,-1675,0.21782178217821782,-399,0.5
"('adx_max_48', 'macd', 'macd_max_4h')",XGBClassifier,0.17220921155347385,-4199,0.1726984126984127,-1031,0.5
"('macd_max', 'bb_sqeeze_both_direction', 'williams_limit_4h')",XGBClassifier,0.20108161258603738,-1216,0.2192622950819672,-274,0.55
"('cci', 'adx_max_48', 'bb_sqeeze_both_direction')",XGBClassifier,0.17438164985491225,-4713,0.19251626898047722,-1134,0.5
"('ema_10_50', 'williams_break', 'bb_middle_crossing_4h')",XGBClassifier,0.23361034164358263,-577,0.2209737827715356,-149,0.55
"('adx_slope', 'macd_convergence', 'squeeze_momentum')",XGBClassifier,0.2479740680713128,-311,0.29375,-66,0.55
"('rsi_convergence', 'bb_sqeeze_both_direction', 'adx')",XGBClassifier,0.2862453531598513,-115,0.2926829268292683,-34,0.55
"('adx_slope', 'macd_slope_4h', 'macd_slope')",XGBClassifier,0.1868654136962627,-2899,0.19720767888307156,-694,0.5
"('rsi_break_4h', 'macd', 'adx')",XGBClassifier,0.18227380638353996,-2409,0.17436974789915966,-620,0.5
"('adx_slope', 'macd_max_4h', 'macd_slope')",XGBClassifier,0.20609579100145137,-1215,0.20121951219512196,-294,0.55
"('cci', 'rsi_convergence', 'adx_max_4h')",XGBClassifier,0.20181219110378912,-724,0.2442528735632184,-178,0.55
"('squeeze_momentum', 'williams_break', 'ema_20_channel')",XGBClassifier,0.2857142857142857,-33,0.2222222222222222,-10,0.6
"('macd', 'adx_4h', 'adx')",XGBClassifier,0.17537148742092099,-4413,0.1769499417927823,-1110,0.5
"('rsi_break_4h', 'rsi', 'adx_max_4h')",XGBClassifier,0.17013831028161974,-3959,0.1806108897742364,-962,0.5
"('rsi_convergence', 'adx_4h', 'macd_slope_4h')",XGBClassifier,0.2955665024630542,-83,0.28125,-28,0.55
"('macd_zero', 'adx_slope', 'cci_4h')",XGBClassifier,0.23976608187134502,-89,0.3157894736842105,-14,0.6
"('squeeze_momentum', 'ema_10_50', 'adx')",XGBClassifier,0.20689655172413793,-187,0.19047619047619047,-52,0.55
"('macd_zero', 'squeeze_momentum', 'williams_limit_4h')",XGBClassifier,0.2826086956521739,-40,0.2631578947368421,-9,0.55
"('bb_sqeeze_both_direction_4h', 'rsi', 'candle_4h')",XGBClassifier,0.18082936777702244,-2817,0.18238993710691823,-707,0.5
"('rsi_break_4h', 'adx_max_48', 'ema_10_50')",XGBClassifier,0.17431706224809673,-5818,0.1792411687745312,-1471,0.5
"('cci', 'bb_middle_crossing', 'rsi_convergence5_40')",XGBClassifier,0.2702702702702703,-102,0.25806451612903225,-30,0.6
"('macd_max', 'squeeze_momentum', 'adx_max_4h')",XGBClassifier,0.20424403183023873,-446,0.24855491329479767,-87,0.55
"('bb_sqeeze_both_direction_4h', 'rsi_convergence', 'squeeze_momentum')",XGBClassifier,0.3125,-6,0.5,0,0.6
"('macd_convergence', 'cci', 'ema_10_50')",XGBClassifier,0.24584717607973422,-153,0.2987012987012987,-31,0.6
"('rsi_break_4h', 'bb_sqeeze_both_direction', 'williams_limit_4h')",XGBClassifier,0.1986827661909989,-1098,0.21896162528216703,-249,0.55
"('bb_sqeeze_both_direction_4h', 'ema_10_50', 'rsi_convergence5_40')",XGBClassifier,0.1794836393759492,-4643,0.17889662560257097,-1199,0.5
"('macd_max_4h', 'bb_middle_crossing_4h', 'adx_max_21')",XGBClassifier,0.26666666666666666,-14,0.2,-6,0.55
"('adx_slope', 'adx_max_48', 'adx_4h')",XGBClassifier,0.21756225425950196,-862,0.21798365122615804,-207,0.55
"('macd_convergence', 'squeeze_momentum', 'williams_limit_4h')",XGBClassifier,0.25363825363825365,-237,0.2916666666666667,-50,0.55
"('cci_4h', 'adx_max_48', 'bb_middle_crossing')",XGBClassifier,0.22735346358792186,-614,0.22033898305084745,-165,0.55
"('macd_zero', 'rsi_convergence', 'macd_slope_4h')",XGBClassifier,0.1787819253438114,-5232,0.18099331423113657,-1336,0.5
"('squeeze_momentum', 'rsi_convergence5_40', 'adx_max_21')",XGBClassifier,0.1812822402358143,-1730,0.16774193548387098,-515,0.5
"('adx_max_48', 'rsi_convergence', 'adx_max_4h')",XGBClassifier,0.2765957446808511,-21,0.5,0,0.6
"('cci_4h', 'macd', 'rsi_convergence')",XGBClassifier,0.28125,-84,0.3333333333333333,-18,0.55
"('macd_zero', 'adx_max_21', 'adx_max_4h')",XGBClassifier,0.21171770972037285,-433,0.22340425531914893,-104,0.55
"('bb_middle_crossing', 'adx_max_21', 'macd_slope_4h')",XGBClassifier,0.23501762632197415,-451,0.19730941704035873,-135,0.6
"('cci_4h', 'squeeze_momentum', 'candle_4h')",XGBClassifier,0.2191142191142191,-241,0.2,-57,0.55
"('rsi', 'ema_10_50', 'adx')",XGBClassifier,0.1782019524989072,-4417,0.18099032441661925,-1121,0.5
"('macd_max', 'macd', 'adx')",XGBClassifier,0.17613492264773015,-5108,0.18756319514661274,-1236,0.5
"('bb_sqeeze_both_direction', 'macd_slope_4h', 'adx')",XGBClassifier,0.178246848431545,-4390,0.19436288901937757,-1041,0.5
"('bb_middle_crossing', 'candle_4h', 'macd_slope_4h')",XGBClassifier,0.25595238095238093,-82,0.18181818181818182,-21,0.6
"('macd_max', 'rsi_convergence', 'ema_20_channel')",XGBClassifier,0.2692307692307692,-60,0.2962962962962963,-11,0.6
"('macd_convergence', 'ema_20_channel', 'adx_max_4h')",XGBClassifier,0.2694610778443114,-77,0.2608695652173913,-22,0.6
"('rsi_break_4h', 'macd_slope', 'williams_limit_4h')",XGBClassifier,0.2028014616321559,-976,0.19164619164619165,-251,0.55
"('ema_10_50', 'adx_max_4h', 'adx')",XGBClassifier,0.1984924623115578,-480,0.20725388601036268,-113,0.55
"('cci_4h', 'adx_max_21', 'macd_slope_4h')",XGBClassifier,0.28448275862068967,-50,0.1111111111111111,-21,0.55
"('cci_4h', 'bb_middle_crossing', 'rsi_convergence')",XGBClassifier,0.36283185840707965,-31,0.3103448275862069,-11,0.6
"('macd_convergence', 'adx_max_4h', 'williams_limit_4h')",XGBClassifier,0.25363825363825365,-237,0.2916666666666667,-50,0.55
"('squeeze_momentum', 'macd_max_4h', 'bb_middle_crossing_4h')",XGBClassifier,0.16736443381180224,-6674,0.17851500789889416,-1628,0.5
"('macd_max', 'rsi_break_4h', 'williams_break')",XGBClassifier,0.3076923076923077,-10,0.0,-6,0.55
"('macd_zero', 'rsi_break_4h', 'macd')",XGBClassifier,0.180334092634776,-5052,0.18432725480532283,-1281,0.5
"('ema_10_50', 'adx_4h', 'candle_4h')",XGBClassifier,0.18611889200124493,-4034,0.1845780206435944,-1039,0.5
"('bb_sqeeze_both_direction_4h', 'bb_middle_crossing', 'ema_10_50')",XGBClassifier,0.267741935483871,-288,0.2375,-84,0.55
"('rsi_break_4h', 'squeeze_momentum', 'ema_10_50')",XGBClassifier,0.17431706224809673,-5818,0.1792411687745312,-1471,0.5
"('squeeze_momentum', 'candle_4h', 'macd_slope')",XGBClassifier,0.22790697674418606,-117,0.2391304347826087,-24,0.55
"('rsi_convergence', 'macd_max_4h', 'adx')",XGBClassifier,0.47058823529411764,-1,0.4,-1,0.6
"('bb_sqeeze_both_direction_4h', 'ema_10_50', 'bb_middle_crossing_4h')",XGBClassifier,0.228310502283105,-119,0.16901408450704225,-47,0.55
"('macd_max', 'bb_sqeeze_both_direction_4h', 'rsi')",XGBClassifier,0.17740833523115462,-5666,0.18875685557586838,-1362,0.5
"('adx_slope', 'bb_middle_crossing_4h', 'adx')",XGBClassifier,0.29357798165137616,-45,0.21428571428571427,-16,0.55
"('cci_4h', 'adx_max_48', 'adx')",XGBClassifier,0.17316544814513946,-4828,0.1753177966101695,-1226,0.5
"('macd', 'rsi_convergence', 'bb_sqeeze_both_direction')",XGBClassifier,0.25626204238921,-253,0.2802547770700637,-69,0.55
"('macd_max', 'rsi_limit_4h', 'ema_10_50')",XGBClassifier,0.2012043924902586,-1687,0.1794871794871795,-475,0.55
"('bb_middle_crossing', 'macd_max_4h', 'bb_sqeeze_both_direction')",XGBClassifier,0.2527646129541864,-313,0.27380952380952384,-76,0.6
"('bb_sqeeze_both_direction_4h', 'rsi', 'adx_4h')",XGBClassifier,0.20978441127694858,-700,0.21543408360128619,-177,0.55
"('bb_sqeeze_both_direction_4h', 'rsi_limit_4h', 'adx_4h')",XGBClassifier,0.18125105378519643,-3781,0.18169672678690715,-953,0.5
"('squeeze_momentum', 'macd_max_4h', 'candle_4h')",XGBClassifier,0.17380574651859687,-3701,0.18041958041958042,-914,0.5
"('squeeze_momentum', 'bb_sqeeze_both_direction', 'macd_slope')",XGBClassifier,0.2079207920792079,-177,0.24074074074074073,-28,0.55
"('rsi_limit_4h', 'rsi', 'bb_sqeeze_both_direction')",XGBClassifier,0.17401585756016136,-4687,0.1811111111111111,-1148,0.5
"('bb_sqeeze_both_direction_4h', 'rsi_limit_4h', 'macd')",XGBClassifier,0.21473029045643152,-1100,0.19423076923076923,-318,0.55
"('cci_4h', 'ema_10_50', 'candle_4h')",XGBClassifier,0.17431706224809673,-5818,0.1792411687745312,-1471,0.5
"('macd_max', 'bb_sqeeze_both_direction_4h', 'bb_middle_crossing')",XGBClassifier,0.1789858728557013,-5090,0.19076305220883535,-1232,0.5
"('cci', 'adx_max_21', 'adx')",XGBClassifier,0.23076923076923078,-21,0.4166666666666667,-2,0.55
"('adx_slope', 'macd_convergence', 'williams_break')",XGBClassifier,0.2985781990521327,-85,0.3142857142857143,-26,0.6
"('rsi_limit_4h', 'candle_4h', 'bb_middle_crossing_4h')",XGBClassifier,0.1754935756816045,-4142,0.18255451713395637,-1019,0.5
"('macd_max', 'rsi_break_4h', 'williams_limit_4h')",XGBClassifier,0.17381300983057937,-6238,0.1878661087866109,-1492,0.5
"('macd_max', 'macd_slope', 'adx')",XGBClassifier,0.20448079658605975,-1662,0.1900138696255201,-447,0.5
"('cci_4h', 'rsi_limit_4h', 'rsi_convergence')",XGBClassifier,0.18559343758010766,-2453,0.18963831867057673,-635,0.5
"('rsi_break_4h', 'bb_middle_crossing', 'candle_4h')",XGBClassifier,0.25595238095238093,-82,0.18181818181818182,-21,0.6
"('macd_convergence', 'cci_4h', 'adx_max_21')",XGBClassifier,0.22424722662440572,-696,0.24929178470254956,-177,0.55
"('rsi', 'williams_break', 'adx_4h')",XGBClassifier,0.3026315789473684,-60,0.25,-20,0.6
"('macd', 'williams_limit_4h', 'adx')",XGBClassifier,0.22007722007722008,-435,0.1875,-120,0.55
"('adx_slope', 'macd_convergence', 'macd_max_4h')",XGBClassifier,0.2664015904572565,-235,0.31297709923664124,-49,0.55
"('macd_convergence', 'squeeze_momentum', 'bb_sqeeze_both_direction')",XGBClassifier,0.22651448639157157,-623,0.2367601246105919,-169,0.55
"('cci', 'bb_sqeeze_both_direction_4h', 'adx_max_4h')",XGBClassifier,0.2146118721461187,-250,0.18421052631578946,-72,0.55
"('ema_10_50', 'candle_4h', 'bb_middle_crossing_4h')",XGBClassifier,0.1840704716461736,-3443,0.18641618497109827,-868,0.5
"('rsi', 'macd_max_4h', 'adx_4h')",XGBClassifier,0.2116788321167883,-79,0.42857142857142855,-4,0.55
"('rsi', 'ema_10_50', 'adx_max_4h')",XGBClassifier,0.1743406347787215,-5828,0.17959895379250218,-1470,0.5
"('ema_10_50', 'ema_20_channel', 'adx')",XGBClassifier,0.25190839694656486,-65,0.16129032258064516,-21,0.55
"('rsi_convergence', 'williams_break', 'candle_4h')",XGBClassifier,0.33620689655172414,-38,0.3448275862068966,-9,0.6
"('adx_max_21', 'adx_max_4h', 'williams_limit_4h')",XGBClassifier,0.23783783783783785,-97,0.13793103448275862,-42,0.55
"('cci_4h', 'adx_max_48', 'rsi_convergence')",XGBClassifier,0.20181219110378912,-724,0.2442528735632184,-178,0.55
"('squeeze_momentum', 'ema_10_50', 'williams_break')",XGBClassifier,0.2857142857142857,-36,0.3333333333333333,-5,0.6
"('macd_max_4h', 'ema_10_50', 'bb_middle_crossing_4h')",XGBClassifier,0.20556745182012848,-275,0.1721311475409836,-80,0.55
"('rsi', 'macd', 'bb_middle_crossing')",XGBClassifier,0.22735346358792186,-614,0.22033898305084745,-165,0.55
"('macd_max', 'rsi_convergence5_40', 'adx_max_4h')",XGBClassifier,0.2182410423452769,-346,0.2518518518518518,-67,0.55
"('adx_max_21', 'macd_slope_4h', 'williams_limit_4h')",XGBClassifier,0.2564102564102564,-57,0.11904761904761904,-32,0.55
"('squeeze_momentum', 'macd_max_4h', 'macd_slope')",XGBClassifier,0.21145374449339208,-131,0.2222222222222222,-25,0.55
"('bb_middle_crossing', 'rsi_convergence', 'williams_limit_4h')",XGBClassifier,0.36283185840707965,-31,0.3103448275862069,-11,0.6
"('bb_sqeeze_both_direction_4h', 'rsi_break_4h', 'bb_middle_crossing_4h')",XGBClassifier,0.21739130434782608,-156,0.1348314606741573,-65,0.55
"('rsi', 'ema_10_50', 'adx_4h')",XGBClassifier,0.21668177697189483,-625,0.20462046204620463,-179,0.55
"('cci', 'adx_max_48', 'rsi_convergence5_40')",XGBClassifier,0.18424908424908426,-1724,0.1673582295988935,-481,0.5
"('macd_max_4h', 'candle_4h', 'bb_middle_crossing_4h')",XGBClassifier,0.17561361836896278,-4097,0.18216080402010051,-1012,0.5
"('bb_middle_crossing', 'macd_max_4h', 'macd_slope_4h')",XGBClassifier,0.2897196261682243,-45,0.2692307692307692,-12,0.6
"('adx_max_48', 'candle_4h', 'williams_limit_4h')",XGBClassifier,0.19779507133592736,-932,0.1871508379888268,-224,0.55
"('cci', 'bb_sqeeze_both_direction_4h', 'macd_max_4h')",XGBClassifier,0.17312252964426877,-4962,0.1696522655426765,-1254,0.5
"('macd_convergence', 'cci', 'adx')",XGBClassifier,0.22829964328180738,-457,0.248868778280543,-111,0.55
"('bb_sqeeze_both_direction', 'adx_max_4h', 'adx')",XGBClassifier,0.2513089005235602,-95,0.24528301886792453,-27,0.55
"('bb_sqeeze_both_direction_4h', 'bb_middle_crossing', 'williams_break')",XGBClassifier,0.24758454106280192,-418,0.23857868020304568,-103,0.6
"('rsi_break_4h', 'macd', 'macd_slope')",XGBClassifier,0.18464606181455634,-3163,0.1730319563522993,-839,0.5
"('rsi', 'rsi_convergence5_40', 'adx_max_4h')",XGBClassifier,0.19232526267702146,-1347,0.19006849315068494,-362,0.5
"('williams_break', 'bb_middle_crossing_4h', 'rsi_convergence5_40')",XGBClassifier,0.2768361581920904,-79,0.3157894736842105,-14,0.55
"('cci', 'williams_limit_4h', 'adx')",XGBClassifier,0.21103896103896103,-356,0.21678321678321677,-81,0.55
"('cci', 'macd_max_4h', 'adx_max_4h')",XGBClassifier,0.21502590673575128,-220,0.2621359223300971,-49,0.55
"('macd_convergence', 'macd_max_4h', 'williams_break')",XGBClassifier,0.2985781990521327,-85,0.3142857142857143,-26,0.6
"('bb_middle_crossing', 'candle_4h', 'adx_max_4h')",XGBClassifier,0.3595505617977528,-25,0.3125,-6,0.55
"('macd_zero', 'adx_slope', 'macd_slope_4h')",XGBClassifier,0.26283048211508553,-305,0.26490066225165565,-71,0.6
"('cci', 'macd_max_4h', 'adx_max_21')",XGBClassifier,0.18131530424093423,-2074,0.18928571428571428,-522,0.5
"('cci_4h', 'rsi_break_4h', 'adx_max_48')",XGBClassifier,0.17250201992997577,-4864,0.1749209694415174,-1234,0.5
"('adx_slope', 'bb_middle_crossing', 'bb_middle_crossing_4h')",XGBClassifier,0.32679738562091504,-53,0.4375,-4,0.6
"('rsi_convergence5_40', 'williams_limit_4h', 'adx')",XGBClassifier,0.21505376344086022,-159,0.16666666666666666,-56,0.55
"('adx_max_48', 'rsi_convergence', 'bb_middle_crossing_4h')",XGBClassifier,0.42857142857142855,-1,0.3333333333333333,-1,0.6
"('cci', 'rsi_break_4h', 'williams_break')",XGBClassifier,0.2508833922261484,-141,0.21686746987951808,-47,0.6
"('macd_max', 'rsi_convergence', 'adx_max_4h')",XGBClassifier,0.20679886685552407,-1035,0.24358974358974358,-240,0.55
"('macd_max', 'macd_zero', 'adx_max_21')",XGBClassifier,0.1992373689227836,-631,0.21071428571428572,-162,0.55
"('macd_max', 'adx_max_48', 'bb_middle_crossing')",XGBClassifier,0.22727272727272727,-612,0.22033898305084745,-165,0.55
"('macd_convergence', 'rsi_limit_4h', 'macd')",XGBClassifier,0.2333019755409219,-567,0.2524271844660194,-153,0.55
"('cci_4h', 'ema_20_channel', 'adx')",XGBClassifier,0.1697887170551078,-6064,0.1797752808988764,-1482,0.5
"('rsi', 'williams_break', 'macd_slope')",XGBClassifier,0.26222222222222225,-107,0.2708333333333333,-22,0.6
"('rsi_break_4h', 'macd_slope_4h', 'macd_slope')",XGBClassifier,0.17831057478564624,-4052,0.17361543248288736,-1049,0.5
"('macd_max_4h', 'bb_sqeeze_both_direction', 'adx_max_21')",XGBClassifier,0.2868217054263566,-55,0.3333333333333333,-13,0.55
"('cci', 'rsi_convergence5_40', 'adx_max_21')",XGBClassifier,0.17840805123513268,-2812,0.16766981943250214,-773,0.5
"('rsi_convergence', 'bb_middle_crossing_4h', 'adx_max_4h')",XGBClassifier,0.1883720930232558,-1876,0.20179948586118251,-464,0.5
"('macd_zero', 'adx_slope', 'rsi_convergence')",XGBClassifier,0.26384364820846906,-145,0.3763440860215054,-23,0.6
"('rsi', 'squeeze_momentum', 'candle_4h')",XGBClassifier,0.24789915966386555,-120,0.22580645161290322,-34,0.55
"('macd_zero', 'williams_break', 'ema_20_channel')",XGBClassifier,0.24074074074074073,-224,0.14736842105263157,-67,0.6
"('macd_max', 'rsi_limit_4h', 'rsi_convergence5_40')",XGBClassifier,0.17316319409829528,-6557,0.18570287539936103,-1574,0.5
"('macd_zero', 'cci', 'ema_20_channel')",XGBClassifier,0.3116883116883117,-29,0.14705882352941177,-24,0.6
"('macd_max', 'cci_4h', 'ema_20_channel')",XGBClassifier,1.0,1,0.0,0,0.6
"('cci', 'rsi_limit_4h', 'bb_middle_crossing_4h')",XGBClassifier,0.23469387755102042,-52,0.30434782608695654,-9,0.55
"('cci', 'adx_4h', 'williams_limit_4h')",XGBClassifier,0.21103896103896103,-356,0.21678321678321677,-81,0.55
"('rsi', 'adx_max_21', 'williams_limit_4h')",XGBClassifier,0.3488372093023256,-13,0.3,-4,0.6
"('adx_max_48', 'macd_max_4h', 'bb_sqeeze_both_direction')",XGBClassifier,0.3157894736842105,-28,0.34615384615384615,-8,0.6
"('macd_zero', 'macd', 'adx')",XGBClassifier,0.18549747048903878,-3730,0.18323586744639375,-975,0.5
"('adx_slope', 'macd_slope', 'adx')",XGBClassifier,0.2059035277177826,-1634,0.20977011494252873,-404,0.55
"('rsi_break_4h', 'macd', 'bb_middle_crossing')",XGBClassifier,0.23149015932521086,-573,0.2318840579710145,-148,0.55
"('macd_convergence', 'squeeze_momentum', 'macd_slope')",XGBClassifier,0.23333333333333334,-400,0.2523809523809524,-104,0.55
"('adx_slope', 'bb_middle_crossing_4h', 'rsi_convergence5_40')",XGBClassifier,0.217,-566,0.21686746987951808,-141,0.55
"('rsi_break_4h', 'rsi', 'bb_middle_crossing')",XGBClassifier,0.22735346358792186,-614,0.22033898305084745,-165,0.55
"('rsi_convergence', 'rsi_convergence5_40', 'macd_slope')",XGBClassifier,0.20181219110378912,-724,0.2442528735632184,-178,0.55
"('bb_sqeeze_both_direction_4h', 'rsi', 'ema_20_channel')",XGBClassifier,0.2465437788018433,-220,0.1504424778761062,-79,0.6
"('cci_4h', 'bb_sqeeze_both_direction_4h', 'rsi_limit_4h')",XGBClassifier,0.17388543122062747,-5135,0.1795259707513868,-1271,0.5
"('cci_4h', 'bb_sqeeze_both_direction_4h', 'bb_sqeeze_both_direction')",XGBClassifier,0.1776541095890411,-4518,0.18928164196123148,-1090,0.5
"('adx_max_48', 'bb_middle_crossing', 'macd_max_4h')",RandomForestClassifier,0.5135135135135135,1,0.36363636363636365,-3,0.45
"('macd_zero', 'squeeze_momentum', 'macd_slope')",XGBClassifier,0.3333333333333333,-42,0.34615384615384615,-8,0.55
"('macd_zero', 'rsi', 'adx_4h')",XGBClassifier,0.22974607013301088,-447,0.24444444444444444,-115,0.55
"('rsi_break_4h', 'rsi_convergence', 'candle_4h')",XGBClassifier,0.34782608695652173,-14,0.25,-6,0.6
"('macd_convergence', 'cci_4h', 'bb_middle_crossing_4h')",RandomForestClassifier,0.5,0,0.25,-2,0.45
"('macd', 'bb_middle_crossing_4h', 'rsi_convergence5_40')",XGBClassifier,0.19702970297029704,-612,0.16967509025270758,-183,0.55
"('macd_convergence', 'rsi_break_4h', 'macd_slope_4h')",XGBClassifier,0.391304347826087,-10,0.26666666666666666,-7,0.55
"('macd_convergence', 'bb_sqeeze_both_direction_4h', 'bb_middle_crossing')",XGBClassifier,0.375,-32,0.45454545454545453,-3,0.6
"('bb_sqeeze_both_direction_4h', 'rsi', 'bb_sqeeze_both_direction')",XGBClassifier,0.1802018260451706,-2662,0.17647058823529413,-671,0.5
"('adx_max_48', 'williams_break', 'adx_4h')",XGBClassifier,0.24898785425101214,-248,0.2483221476510067,-75,0.6
"('macd_max', 'rsi_break_4h', 'bb_middle_crossing')",XGBClassifier,0.23076923076923078,-504,0.23043478260869565,-124,0.6
"('rsi', 'macd', 'ema_20_channel')",XGBClassifier,0.24217462932454695,-313,0.17088607594936708,-104,0.6
"('rsi_convergence', 'adx_max_21', 'adx')",XGBClassifier,0.46153846153846156,-1,0.0,0,0.6
"('rsi', 'squeeze_momentum', 'adx_max_4h')",XGBClassifier,0.2875,-34,0.17647058823529413,-11,0.6
"('adx_max_48', 'ema_20_channel', 'macd_slope_4h')",XGBClassifier,0.23586744639376217,-271,0.15447154471544716,-85,0.6
"('macd', 'williams_break', 'bb_sqeeze_both_direction')",XGBClassifier,0.23387096774193547,-462,0.24537037037037038,-110,0.6
"('adx_slope', 'rsi_limit_4h', 'ema_20_channel')",XGBClassifier,0.31683168316831684,-37,0.16129032258064516,-21,0.55
"('cci', 'cci_4h', 'adx_max_4h')",XGBClassifier,0.2025931928687196,-1101,0.2208067940552017,-263,0.5
"('cci', 'bb_sqeeze_both_direction_4h', 'macd')",XGBClassifier,0.2164009111617312,-249,0.1875,-70,0.55
"('adx_slope', 'rsi_limit_4h', 'adx')",XGBClassifier,0.2701298701298701,-177,0.2553191489361702,-46,0.55
"('cci_4h', 'adx_max_48', 'ema_20_channel')",XGBClassifier,0.20512820512820512,-23,0.08333333333333333,-10,0.55
"('cci', 'rsi_convergence', 'candle_4h')",XGBClassifier,0.20181219110378912,-724,0.2442528735632184,-178,0.55
"('adx_slope', 'candle_4h', 'adx')",XGBClassifier,0.22171428571428572,-487,0.22807017543859648,-124,0.55
"('adx_max_48', 'williams_limit_4h', 'adx')",XGBClassifier,0.1839735894357743,-2106,0.17341772151898735,-516,0.5
"('rsi', 'macd_max_4h', 'bb_sqeeze_both_direction')",XGBClassifier,0.17300147130946542,-5334,0.18533007334963325,-1287,0.5
"('macd_max', 'cci_4h', 'bb_middle_crossing')",XGBClassifier,0.24242424242424243,-68,0.2,-15,0.6
"('macd_max', 'rsi_break_4h', 'macd_max_4h')",XGBClassifier,0.5,0,0.0,0,0.55
"('macd_convergence', 'cci_4h', 'rsi_convergence5_40')",XGBClassifier,0.21869488536155202,-638,0.23780487804878048,-172,0.55
"('adx_max_48', 'rsi_convergence', 'squeeze_momentum')",XGBClassifier,0.391304347826087,-5,0.0,-7,0.6
"('adx_slope', 'rsi_break_4h', 'ema_20_channel')",XGBClassifier,0.2653061224489796,-161,0.26595744680851063,-44,0.55
"('adx_slope', 'cci_4h', 'squeeze_momentum')",XGBClassifier,0.20477716283134284,-2027,0.20509849362688296,-509,0.55
"('squeeze_momentum', 'macd_max_4h', 'macd_slope_4h')",XGBClassifier,0.17565597667638483,-3560,0.1696562032884903,-884,0.5
"('macd_convergence', 'macd_slope_4h', 'williams_limit_4h')",XGBClassifier,0.25363825363825365,-237,0.2916666666666667,-50,0.6
"('ema_10_50', 'williams_break', 'williams_limit_4h')",XGBClassifier,0.25153374233128833,-162,0.234375,-34,0.55
"('cci', 'rsi_break_4h', 'williams_limit_4h')",XGBClassifier,0.22606382978723405,-206,0.24468085106382978,-48,0.55
"('cci', 'williams_break', 'adx_max_4h')",XGBClassifier,0.34615384615384615,-8,0.6666666666666666,2,0.6
"('cci_4h', 'bb_sqeeze_both_direction_4h', 'ema_20_channel')",XGBClassifier,0.25,-20,0.0,-8,0.6
"('adx_slope', 'macd_convergence', 'adx_max_21')",XGBClassifier,0.268389662027833,-233,0.3282442748091603,-45,0.55
"('bb_middle_crossing', 'bb_middle_crossing_4h', 'adx_max_4h')",RandomForestClassifier,1.0,2,0.0,0,0.45
"('macd_max', 'cci', 'adx_4h')",XGBClassifier,0.18284789644012944,-3136,0.20432692307692307,-738,0.5
"('cci_4h', 'candle_4h', 'bb_sqeeze_both_direction')",XGBClassifier,0.17651865976573142,-4750,0.18899782135076254,-1142,0.5
"('bb_middle_crossing', 'bb_sqeeze_both_direction', 'williams_limit_4h')",XGBClassifier,0.24489795918367346,-300,0.26282051282051283,-74,0.55
"('macd_max_4h', 'candle_4h', 'rsi_convergence5_40')",XGBClassifier,0.17446043165467626,-3620,0.17714285714285713,-904,0.5
"('macd_zero', 'adx_max_4h', 'macd_slope')",XGBClassifier,0.21171770972037285,-433,0.22340425531914893,-104,0.55
"('adx_max_48', 'adx_max_21', 'adx')",XGBClassifier,0.3076923076923077,-5,0.8,3,0.55
"('macd', 'ema_20_channel', 'williams_limit_4h')",XGBClassifier,0.2263779527559055,-278,0.1565217391304348,-79,0.55
"('adx_slope', 'adx_max_21', 'macd_slope')",XGBClassifier,0.20025188916876574,-1428,0.1969178082191781,-354,0.55
"('macd_convergence', 'rsi_convergence5_40', 'macd_slope_4h')",XGBClassifier,0.25595238095238093,-82,0.3,-16,0.6
"('macd_max', 'adx_max_48', 'squeeze_momentum')",XGBClassifier,0.17316319409829528,-6557,0.18570287539936103,-1574,0.45
"('macd_max', 'cci', 'ema_20_channel')",XGBClassifier,0.2727272727272727,-65,0.19230769230769232,-32,0.55
"('macd_convergence', 'rsi', 'ema_20_channel')",XGBClassifier,0.37662337662337664,-19,0.3181818181818182,-8,0.55
"('rsi_convergence5_40', 'macd_slope_4h', 'adx')",XGBClassifier,0.17314722499169158,-3934,0.178714859437751,-960,0.5
"('macd_zero', 'adx_max_48', 'adx')",XGBClassifier,0.17874753451676528,-5212,0.18173076923076922,-1324,0.5
"('ema_10_50', 'bb_middle_crossing_4h', 'macd_slope_4h')",XGBClassifier,0.17431706224809673,-5818,0.1792411687745312,-1471,0.5
"('bb_middle_crossing_4h', 'macd_slope', 'adx')",XGBClassifier,0.1844149908592322,-2762,0.17316409791477788,-721,0.5
"('macd_max_4h', 'adx_4h', 'macd_slope')",XGBClassifier,0.2336448598130841,-57,0.375,-6,0.55
"('macd', 'adx_4h', 'macd_slope')",XGBClassifier,0.18207196029776676,-4100,0.18567961165048544,-1036,0.5
"('macd_max', 'cci_4h', 'rsi_break_4h')",XGBClassifier,0.1759884281581485,-5376,0.18876080691642652,-1296,0.5
"('rsi_convergence', 'candle_4h', 'bb_middle_crossing_4h')",XGBClassifier,0.17688368690563278,-4417,0.19058553386911595,-1078,0.5
"('macd_max', 'cci', 'adx_max_48')",XGBClassifier,0.17403112921759115,-6241,0.18318695106649938,-1515,0.5
"('cci_4h', 'ema_10_50', 'adx_4h')",XGBClassifier,0.1954449152542373,-2300,0.18495934959349594,-620,0.5
"('ema_20_channel', 'candle_4h', 'adx_max_4h')",XGBClassifier,0.20867430441898527,-712,0.18032786885245902,-195,0.55
"('cci_4h', 'bb_middle_crossing', 'adx_max_21')",XGBClassifier,0.42857142857142855,-2,0.0,-2,0.6
"('cci', 'adx_4h', 'candle_4h')",XGBClassifier,0.1763029315960912,-4770,0.17981749865807836,-1193,0.5
"('rsi_limit_4h', 'adx_max_21', 'macd_slope')",XGBClassifier,0.1983640081799591,-295,0.1958041958041958,-87,0.55
"('macd_max', 'macd_convergence', 'bb_middle_crossing')",XGBClassifier,0.3333333333333333,-56,0.3469387755102041,-15,0.6
"('williams_break', 'bb_sqeeze_both_direction', 'adx_max_4h')",XGBClassifier,0.2786885245901639,-54,0.4090909090909091,-4,0.6
"('macd_max', 'rsi_break_4h', 'bb_middle_crossing_4h')",XGBClassifier,0.17461792647666255,-6302,0.18860916219562526,-1509,0.5
"('rsi_limit_4h', 'rsi_convergence', 'macd_slope')",XGBClassifier,0.22060957910014514,-385,0.24528301886792453,-108,0.55
"('adx_slope', 'cci', 'macd_slope')",XGBClassifier,0.20098239869013507,-1461,0.19435215946843853,-368,0.55
"('rsi_break_4h', 'macd_max_4h', 'bb_middle_crossing_4h')",XGBClassifier,0.17105263157894737,-1550,0.17880794701986755,-388,0.5
"('macd_zero', 'adx_max_48', 'adx_max_21')",XGBClassifier,0.20615384615384616,-191,0.1509433962264151,-74,0.55
"('adx_max_4h', 'williams_limit_4h', 'adx')",XGBClassifier,0.22340425531914893,-52,0.15,-14,0.55
"('macd_convergence', 'adx_4h', 'adx_max_21')",XGBClassifier,0.24855491329479767,-261,0.26143790849673204,-73,0.6
"('ema_20_channel', 'rsi_convergence5_40', 'macd_slope')",XGBClassifier,0.25,-50,0.1,-16,0.6
"('williams_break', 'bb_middle_crossing_4h', 'macd_slope_4h')",XGBClassifier,0.21831955922865015,-818,0.21159420289855072,-199,0.55
"('rsi', 'squeeze_momentum', 'williams_limit_4h')",XGBClassifier,0.42857142857142855,-2,0.5,0,0.6
"('macd_max', 'rsi_break_4h', 'macd_slope_4h')",XGBClassifier,0.17397482744620382,-6424,0.18717011774259035,-1541,0.45
"('bb_sqeeze_both_direction_4h', 'macd', 'williams_break')",XGBClassifier,0.1895609572263049,-3295,0.18066914498141265,-859,0.5
"('macd_convergence', 'bb_middle_crossing', 'adx_max_21')",XGBClassifier,0.3352941176470588,-56,0.3469387755102041,-15,0.6
"('bb_sqeeze_both_direction_4h', 'macd_max_4h', 'bb_sqeeze_both_direction')",XGBClassifier,0.24761904761904763,-106,0.29850746268656714,-27,0.55
"('macd_max', 'adx_max_48', 'adx_max_21')",XGBClassifier,0.17490896276283333,-5535,0.18646408839779005,-1362,0.5
"('macd_max', 'rsi_convergence5_40', 'macd_slope')",XGBClassifier,0.18657772387305438,-3101,0.18600953895071543,-790,0.5
"('macd_convergence', 'rsi_limit_4h', 'macd_slope')",XGBClassifier,0.27586206896551724,-130,0.2804878048780488,-36,0.6
"('macd_max_4h', 'macd_slope_4h', 'williams_limit_4h')",XGBClassifier,0.2089041095890411,-680,0.17870722433460076,-169,0.55
"('bb_sqeeze_both_direction_4h', 'ema_20_channel', 'adx')",XGBClassifier,0.20342612419700215,-554,0.15813953488372093,-147,0.55
"('cci_4h', 'williams_break', 'macd_slope')",XGBClassifier,0.26222222222222225,-107,0.2708333333333333,-22,0.6
"('adx_slope', 'bb_middle_crossing_4h', 'macd_slope_4h')",XGBClassifier,0.19872022751510843,-1695,0.19121813031161472,-436,0.55
"('bb_middle_crossing_4h', 'macd_slope_4h', 'adx_max_4h')",XGBClassifier,0.1745664739884393,-4504,0.17834394904458598,-1111,0.5
"('rsi', 'macd_slope_4h', 'adx')",XGBClassifier,0.17530917769581253,-2993,0.1891651865008881,-700,0.5
"('adx_slope', 'rsi_limit_4h', 'candle_4h')",XGBClassifier,0.18413781895010564,-3887,0.18671926364234057,-953,0.5
"('macd_max', 'cci_4h', 'ema_10_50')",XGBClassifier,0.18117383735389206,-5128,0.18813806514341275,-1283,0.5
"('bb_sqeeze_both_direction', 'macd_slope', 'adx')",XGBClassifier,0.19830508474576272,-356,0.2138364779874214,-91,0.55
"('macd_max', 'macd_zero', 'adx_4h')",XGBClassifier,0.20430107526881722,-1540,0.21122599704579026,-391,0.55
"('macd_max', 'rsi_convergence', 'macd_slope')",XGBClassifier,0.20732797140303844,-655,0.25696594427244585,-157,0.55
"('cci', 'rsi_limit_4h', 'squeeze_momentum')",XGBClassifier,0.1842917792358163,-3272,0.18716981132075472,-829,0.5
"('macd_convergence', 'adx_4h', 'bb_middle_crossing_4h')",XGBClassifier,0.47058823529411764,-2,0.375,-2,0.6
"('rsi_break_4h', 'rsi_convergence', 'macd_slope')",XGBClassifier,0.45454545454545453,-3,0.2222222222222222,-5,0.6
"('squeeze_momentum', 'candle_4h', 'bb_middle_crossing_4h')",XGBClassifier,0.17561361836896278,-4097,0.18216080402010051,-1012,0.5
"('macd_zero', 'macd_convergence', 'macd_slope_4h')",XGBClassifier,0.23348017621145375,-363,0.2538860103626943,-95,0.55
"('cci', 'rsi_convergence5_40', 'macd_slope')",XGBClassifier,0.17424531906763469,-5115,0.17933130699088146,-1266,0.5
"('rsi', 'adx_max_48', 'candle_4h')",XGBClassifier,0.17380574651859687,-3701,0.18041958041958042,-914,0.5
"('cci', 'rsi', 'adx_4h')",XGBClassifier,0.4444444444444444,-1,0.3333333333333333,-1,0.55
"('williams_break', 'ema_20_channel', 'adx_max_21')",XGBClassifier,0.2755102040816326,-44,0.2608695652173913,-11,0.6
"('cci_4h', 'rsi_break_4h', 'ema_10_50')",XGBClassifier,0.17451244115669132,-5808,0.17903930131004367,-1470,0.5
"('cci', 'adx_4h', 'adx_max_4h')",XGBClassifier,0.23076923076923078,-28,0.5454545454545454,1,0.55
"('adx_slope', 'rsi_convergence', 'ema_10_50')",XGBClassifier,0.24745762711864408,-149,0.3488372093023256,-26,0.6
"('rsi_limit_4h', 'bb_middle_crossing', 'ema_20_channel')",XGBClassifier,0.22655217965653898,-828,0.19946808510638298,-226,0.5
"('rsi', 'rsi_convergence', 'williams_limit_4h')",XGBClassifier,0.21675302245250433,-656,0.2108843537414966,-170,0.55
"('cci_4h', 'macd', 'candle_4h')",XGBClassifier,0.2610062893081761,-152,0.22093023255813954,-48,0.55
"('rsi_break_4h', 'squeeze_momentum', 'macd_max_4h')",XGBClassifier,0.16746146168348675,-5997,0.18221830985915494,-1444,0.5
"('bb_sqeeze_both_direction_4h', 'bb_middle_crossing', 'adx_max_4h')",XGBClassifier,0.24849215922798554,-417,0.23737373737373738,-104,0.55
"('adx_slope', 'rsi_convergence', 'williams_break')",XGBClassifier,0.30718954248366015,-59,0.358974358974359,-11,0.55
"('macd_max', 'bb_sqeeze_both_direction_4h', 'adx_max_48')",XGBClassifier,0.17920818038804404,-4894,0.191129883843717,-1170,0.5
"('macd_max_4h', 'ema_10_50', 'adx')",XGBClassifier,0.17431706224809673,-5818,0.1792411687745312,-1471,0.5
"('rsi_break_4h', 'adx_max_21', 'macd_slope')",XGBClassifier,0.35714285714285715,-8,0.0,-6,0.6
"('macd_zero', 'cci_4h', 'ema_20_channel')",XGBClassifier,0.2166172106824926,-382,0.19318181818181818,-108,0.55
"('adx_slope', 'adx_max_48', 'bb_sqeeze_both_direction')",XGBClassifier,0.188470066518847,-3091,0.20145631067961164,-738,0.5
"('macd_max', 'macd_convergence', 'macd')",XGBClassifier,0.186184565569347,-3489,0.18866571018651362,-868,0.5
"('adx_max_48', 'squeeze_momentum', 'candle_4h')",XGBClassifier,0.22395833333333334,-106,0.11428571428571428,-27,0.55
"('bb_sqeeze_both_direction_4h', 'macd', 'ema_10_50')",XGBClassifier,0.17991736571929384,-5113,0.18380213385063046,-1304,0.5
"('bb_sqeeze_both_direction_4h', 'bb_sqeeze_both_direction', 'adx_max_21')",XGBClassifier,0.24324324324324326,-19,0.3333333333333333,-2,0.55
"('cci_4h', 'bb_middle_crossing', 'bb_sqeeze_both_direction')",XGBClassifier,0.24489795918367346,-300,0.26282051282051283,-74,0.6
"('rsi_break_4h', 'rsi', 'rsi_convergence5_40')",XGBClassifier,0.17034965034965036,-4714,0.17912087912087912,-1168,0.5
"('adx_max_48', 'rsi_convergence', 'adx_4h')",XGBClassifier,0.36363636363636365,-12,0.1,-8,0.6
"('cci_4h', 'rsi_break_4h', 'bb_middle_crossing_4h')",XGBClassifier,0.17033773861967694,-5837,0.1825503355704698,-1419,0.5
"('macd_zero', 'rsi_convergence', 'squeeze_momentum')",XGBClassifier,0.32142857142857145,-10,0.2857142857142857,-3,0.6
"('rsi', 'macd_slope', 'williams_limit_4h')",XGBClassifier,0.17447842240640182,-4556,0.17458500286204923,-1137,0.5
"('adx_max_48', 'macd_max_4h', 'williams_limit_4h')",XGBClassifier,0.24528301886792453,-27,0.14285714285714285,-10,0.55
"('bb_middle_crossing', 'squeeze_momentum', 'macd_slope')",XGBClassifier,0.2692307692307692,-120,0.2753623188405797,-31,0.55
"('squeeze_momentum', 'williams_limit_4h', 'adx')",XGBClassifier,0.20903954802259886,-103,0.21621621621621623,-21,0.55
"('bb_sqeeze_both_direction_4h', 'candle_4h', 'rsi_convergence5_40')",XGBClassifier,0.19937694704049844,-386,0.1702127659574468,-124,0.55
"('adx_slope', 'cci', 'adx_4h')",XGBClassifier,0.21756225425950196,-862,0.21798365122615804,-207,0.55
"('ema_10_50', 'adx_4h', 'adx_max_21')",XGBClassifier,0.313953488372093,-32,0.32,-9,0.55
"('cci_4h', 'ema_20_channel', 'rsi_convergence5_40')",XGBClassifier,0.22556390977443608,-146,0.12727272727272726,-41,0.55
"('adx_max_48', 'candle_4h', 'adx_max_4h')",XGBClassifier,0.22857142857142856,-114,0.22413793103448276,-32,0.55
"('ema_10_50', 'williams_break', 'macd_slope')",XGBClassifier,0.23361034164358263,-577,0.2209737827715356,-149,0.55
"('rsi_break_4h', 'candle_4h', 'williams_limit_4h')",XGBClassifier,0.2030812324929972,-848,0.1952662721893491,-206,0.55
"('adx_max_48', 'bb_middle_crossing', 'macd_slope')",XGBClassifier,0.2733812949640288,-63,0.28125,-14,0.6
"('bb_middle_crossing', 'ema_20_channel', 'rsi_convergence5_40')",XGBClassifier,0.2269170579029734,-698,0.21671826625386997,-183,0.5
"('macd_zero', 'adx_4h', 'bb_sqeeze_both_direction')",XGBClassifier,0.22080185938407904,-961,0.2311111111111111,-242,0.55
"('adx_max_48', 'bb_middle_crossing', 'candle_4h')",XGBClassifier,0.31666666666666665,-22,0.2222222222222222,-5,0.6
"('macd', 'macd_max_4h', 'adx_max_4h')",XGBClassifier,0.24609375,-130,0.2857142857142857,-24,0.55
"('cci_4h', 'rsi_convergence', 'ema_10_50')",XGBClassifier,0.25274725274725274,-135,0.34210526315789475,-24,0.55
"('macd_zero', 'macd_convergence', 'macd_slope')",XGBClassifier,0.2314165497896213,-383,0.24623115577889448,-101,0.55
"('rsi', 'adx_max_21', 'macd_slope_4h')",XGBClassifier,0.2054120541205412,-479,0.25,-88,0.55
"('macd_max_4h', 'ema_10_50', 'rsi_convergence5_40')",XGBClassifier,0.17431706224809673,-5818,0.1792411687745312,-1471,0.5
"('adx_slope', 'adx_max_48', 'macd_max_4h')",XGBClassifier,0.19106382978723405,-2904,0.20477815699658702,-692,0.5
"('macd_max', 'adx_slope', 'bb_middle_crossing')",XGBClassifier,0.3027027027027027,-73,0.3488372093023256,-13,0.6
"('macd_convergence', 'macd_slope_4h', 'adx')",XGBClassifier,0.22704837117472854,-553,0.2571428571428571,-136,0.55
"('cci', 'bb_middle_crossing_4h', 'bb_sqeeze_both_direction')",XGBClassifier,0.17086802783164137,-5771,0.18330308529945555,-1396,0.5
"('macd_convergence', 'adx_max_48', 'adx_max_4h')",XGBClassifier,0.4444444444444444,-4,0.6363636363636364,3,0.6
"('adx_slope', 'adx_max_4h', 'adx')",XGBClassifier,0.22171428571428572,-487,0.22807017543859648,-124,0.55
"('macd_convergence', 'bb_sqeeze_both_direction_4h', 'macd')",XGBClassifier,0.34375,-40,0.28888888888888886,-19,0.6
"('cci', 'bb_sqeeze_both_direction_4h', 'ema_20_channel')",XGBClassifier,0.35714285714285715,-12,0.23529411764705882,-9,0.6
"('rsi_limit_4h', 'rsi_convergence5_40', 'adx_max_21')",XGBClassifier,0.17118593563766388,-4414,0.17106773823191734,-1146,0.5
"('adx_slope', 'adx_4h', 'adx_max_4h')",XGBClassifier,0.21224086870681144,-1166,0.21311475409836064,-280,0.55
"('cci', 'rsi_limit_4h', 'rsi_break_4h')",XGBClassifier,0.17331834363874837,-3487,0.18365817091454273,-844,0.5
"('macd_convergence', 'macd', 'adx_max_21')",XGBClassifier,0.22424722662440572,-696,0.24929178470254956,-177,0.55
"('macd_max', 'squeeze_momentum', 'adx')",XGBClassifier,0.18325666973321067,-3443,0.1888317413666422,-847,0.5
"('macd_convergence', 'cci_4h', 'williams_limit_4h')",XGBClassifier,0.2713178294573643,-177,0.3118279569892473,-35,0.55
"('macd_zero', 'macd_convergence', 'bb_middle_crossing_4h')",RandomForestClassifier,0.5588235294117647,4,0.5,0,0.45
"('adx_4h', 'bb_middle_crossing_4h', 'williams_limit_4h')",XGBClassifier,0.17876907596847225,-3831,0.18606224627875506,-928,0.5
"('bb_sqeeze_both_direction_4h', 'williams_break', 'adx_max_4h')",XGBClassifier,0.2786885245901639,-54,0.4090909090909091,-4,0.55
"('macd', 'bb_middle_crossing_4h', 'williams_limit_4h')",XGBClassifier,0.20934959349593496,-858,0.20175438596491227,-204,0.55
"('rsi', 'macd', 'adx_max_21')",XGBClassifier,0.20672740014015417,-837,0.20334261838440112,-213,0.55
"('cci', 'bb_middle_crossing', 'ema_20_channel')",XGBClassifier,0.2702702702702703,-102,0.25806451612903225,-30,0.6
"('cci_4h', 'rsi', 'adx_4h')",XGBClassifier,0.3333333333333333,-2,0.3333333333333333,-1,0.55
"('adx_4h', 'williams_limit_4h', 'adx')",XGBClassifier,0.2025586353944563,-837,0.2046783625730994,-202,0.55
"('bb_middle_crossing_4h', 'bb_sqeeze_both_direction', 'macd_slope_4h')",XGBClassifier,0.1788650491277321,-3203,0.17834394904458598,-808,0.5
"('macd_max', 'ema_10_50', 'williams_break')",XGBClassifier,0.18107337924483496,-5372,0.18755846585594013,-1336,0.5
"('rsi_convergence5_40', 'adx_max_21', 'adx_max_4h')",XGBClassifier,0.20849933598937584,-439,0.21787709497206703,-101,0.55
"('adx_slope', 'rsi_limit_4h', 'williams_limit_4h')",XGBClassifier,0.23315508021390374,-499,0.20930232558139536,-125,0.55
"('macd', 'candle_4h', 'adx_max_21')",XGBClassifier,0.18774548311076197,-2385,0.1787538304392237,-629,0.5
"('macd_convergence', 'rsi', 'bb_middle_crossing_4h')",XGBClassifier,0.4,-12,0.3,-8,0.6
"('rsi', 'rsi_convergence5_40', 'adx')",XGBClassifier,0.22994652406417113,-202,0.1732283464566929,-83,0.55
"('macd_max', 'ema_10_50', 'adx_max_4h')",XGBClassifier,0.18116480793060719,-5146,0.18731848983543078,-1292,0.5
"('bb_sqeeze_both_direction_4h', 'macd', 'adx')",XGBClassifier,0.17830174140853752,-4175,0.1762917933130699,-1065,0.5
"('bb_sqeeze_both_direction', 'macd_slope_4h', 'macd_slope')",XGBClassifier,0.18494623655913978,-2637,0.18726235741444866,-658,0.5
"('williams_break', 'ema_20_channel', 'bb_middle_crossing_4h')",XGBClassifier,0.2709677419354839,-71,0.17073170731707318,-27,0.6
"('cci', 'rsi_break_4h', 'adx_max_48')",XGBClassifier,0.1729304215337735,-2576,0.1828752642706131,-600,0.5
"('rsi_break_4h', 'rsi_convergence', 'adx_4h')",XGBClassifier,0.4583333333333333,-2,0.16666666666666666,-4,0.6
"('macd', 'squeeze_momentum', 'adx')",XGBClassifier,0.4166666666666667,-8,0.3333333333333333,-4,0.6
"('macd_zero', 'williams_break', 'adx')",XGBClassifier,0.22844827586206898,-630,0.23049645390070922,-152,0.55
"('cci_4h', 'rsi_break_4h', 'rsi_convergence')",XGBClassifier,0.34782608695652173,-14,0.25,-6,0.6
"('adx_slope', 'rsi_break_4h', 'adx_max_4h')",XGBClassifier,0.18775589783583543,-3203,0.19731649565903708,-767,0.5
"('adx_slope', 'macd', 'rsi_convergence5_40')",XGBClassifier,0.26243093922651933,-172,0.20833333333333334,-56,0.55
"('bb_sqeeze_both_direction_4h', 'adx_max_48', 'bb_middle_crossing_4h')",XGBClassifier,0.17011074323552916,-5779,0.17577948486217804,-1435,0.5
"('rsi_break_4h', 'rsi_convergence', 'rsi_convergence5_40')",XGBClassifier,0.4411764705882353,-4,0.42857142857142855,-1,0.6
"('cci', 'rsi', 'bb_middle_crossing')",XGBClassifier,0.2702702702702703,-102,0.25806451612903225,-30,0.6
"('adx_slope', 'bb_sqeeze_both_direction_4h', 'rsi')",XGBClassifier,0.1868654136962627,-2899,0.19720767888307156,-694,0.5
"('bb_sqeeze_both_direction_4h', 'williams_break', 'williams_limit_4h')",XGBClassifier,0.2555205047318612,-155,0.29411764705882354,-21,0.6
"('adx_max_21', 'williams_limit_4h', 'adx')",XGBClassifier,0.23783783783783785,-97,0.13793103448275862,-42,0.55
"('cci', 'rsi_limit_4h', 'bb_sqeeze_both_direction')",XGBClassifier,0.17484727196123867,-3087,0.19253112033195022,-741,0.5
"('cci', 'ema_10_50', 'williams_break')",XGBClassifier,0.32407407407407407,-38,0.22727272727272727,-24,0.6
"('rsi_limit_4h', 'bb_sqeeze_both_direction', 'macd_slope_4h')",XGBClassifier,0.20934411500449238,-647,0.20567375886524822,-166,0.55
"('rsi', 'ema_10_50', 'williams_limit_4h')",XGBClassifier,0.21291866028708134,-480,0.18536585365853658,-129,0.55
"('bb_middle_crossing_4h', 'rsi_convergence5_40', 'adx')",XGBClassifier,0.18648799553322165,-1123,0.17943107221006566,-293,0.5
"('rsi_break_4h', 'ema_20_channel', 'macd_slope_4h')",XGBClassifier,0.2517985611510791,-69,0.17073170731707318,-27,0.6
"('cci', 'bb_middle_crossing_4h', 'macd_slope_4h')",XGBClassifier,0.2265625,-70,0.2857142857142857,-18,0.55
"('rsi', 'ema_20_channel', 'adx')",XGBClassifier,0.24217462932454695,-313,0.17088607594936708,-104,0.55
"('macd', 'adx_max_4h', 'adx')",XGBClassifier,0.21581196581196582,-266,0.25,-52,0.55
"('adx_slope', 'cci_4h', 'bb_middle_crossing_4h')",XGBClassifier,0.20477716283134284,-2027,0.20509849362688296,-509,0.5
"('adx_slope', 'rsi', 'candle_4h')",XGBClassifier,0.18752523213564795,-3096,0.18363939899833054,-758,0.5
"('cci', 'ema_20_channel', 'macd_slope_4h')",XGBClassifier,0.2727272727272727,-65,0.19230769230769232,-32,0.6
"('macd_convergence', 'adx_max_48', 'williams_limit_4h')",XGBClassifier,0.25363825363825365,-237,0.2916666666666667,-50,0.6
"('adx_4h', 'bb_sqeeze_both_direction', 'williams_limit_4h')",XGBClassifier,0.21258907363420426,-484,0.25,-100,0.55
"('macd_max_4h', 'adx_max_21', 'williams_limit_4h')",XGBClassifier,0.25625,-78,0.1346153846153846,-38,0.55
"('cci', 'cci_4h', 'bb_sqeeze_both_direction_4h')",XGBClassifier,0.26339285714285715,-106,0.20634920634920634,-37,0.55
"('cci_4h', 'rsi_convergence5_40', 'adx_max_4h')",XGBClassifier,0.19967266775777415,-1101,0.1905697445972495,-315,0.5
"('rsi_convergence', 'candle_4h', 'rsi_convergence5_40')",XGBClassifier,0.21120186697782964,-495,0.24897959183673468,-123,0.55
"('bb_middle_crossing_4h', 'adx_max_21', 'macd_slope')",XGBClassifier,0.28,-11,0.125,-6,0.55
"('cci_4h', 'bb_sqeeze_both_direction_4h', 'adx_max_48')",XGBClassifier,0.1805478948336091,-3475,0.1781609195402299,-896,0.5
"('rsi_limit_4h', 'macd_max_4h', 'williams_break')",XGBClassifier,0.273972602739726,-66,0.275,-18,0.6
"('macd_max', 'adx_slope', 'bb_sqeeze_both_direction_4h')",XGBClassifier,0.21360592174832568,-1625,0.23198847262247838,-372,0.55
"('adx_slope', 'rsi', 'rsi_convergence5_40')",XGBClassifier,0.25925925925925924,-143,0.19318181818181818,-54,0.55
"('macd_convergence', 'rsi_break_4h', 'bb_sqeeze_both_direction')",XGBClassifier,0.22770562770562772,-629,0.24,-169,0.5
"('adx_max_48', 'bb_middle_crossing', 'rsi_convergence')",XGBClassifier,0.36283185840707965,-31,0.3103448275862069,-11,0.55
"('adx_max_48', 'macd_max_4h', 'candle_4h')",XGBClassifier,0.17380574651859687,-3701,0.18041958041958042,-914,0.5
"('rsi_break_4h', 'adx_max_48', 'williams_break')",XGBClassifier,0.21831955922865015,-818,0.21159420289855072,-199,0.5
"('rsi_limit_4h', 'adx_max_48', 'williams_limit_4h')",XGBClassifier,0.18455228981544772,-1846,0.17800289435600578,-445,0.5
"('macd', 'rsi_convergence', 'adx_max_4h')",XGBClassifier,0.22075637642919965,-635,0.2440677966101695,-151,0.55
"('macd_max_4h', 'williams_break', 'bb_sqeeze_both_direction')",XGBClassifier,0.273972602739726,-66,0.275,-18,0.6
"('cci_4h', 'bb_sqeeze_both_direction_4h', 'adx_4h')",XGBClassifier,0.20215759849906192,-1270,0.21364452423698385,-319,0.5
"('macd_max', 'williams_break', 'bb_middle_crossing_4h')",XGBClassifier,0.1735109873719797,-6567,0.1852589641434263,-1580,0.45
"('cci_4h', 'macd_max_4h', 'ema_20_channel')",XGBClassifier,0.27906976744186046,-38,0.35714285714285715,-4,0.6
"('macd', 'ema_20_channel', 'rsi_convergence5_40')",XGBClassifier,0.2558139534883721,-21,0.2222222222222222,-5,0.6
"('cci', 'adx_max_48', 'macd_slope_4h')",XGBClassifier,0.323943661971831,-25,0.3448275862068966,-9,0.55
"('bb_sqeeze_both_direction_4h', 'rsi_convergence', 'macd_slope_4h')",XGBClassifier,0.21823617339312407,-377,0.23979591836734693,-102,0.55
"('macd_zero', 'macd', 'macd_slope')",XGBClassifier,0.18788149471490248,-4193,0.1870380898237635,-1101,0.5
"('rsi_break_4h', 'rsi', 'bb_middle_crossing_4h')",XGBClassifier,0.17006594080662474,-4303,0.17430639324487335,-1080,0.5
"('macd_zero', 'adx_slope', 'ema_10_50')",XGBClassifier,0.31683168316831684,-37,0.391304347826087,-5,0.6
"('macd_zero', 'rsi_break_4h', 'ema_20_channel')",XGBClassifier,0.18090325827148068,-5073,0.18450912678835718,-1279,0.5
"('rsi_limit_4h', 'williams_break', 'adx_4h')",XGBClassifier,0.29064039408866993,-85,0.25862068965517243,-28,0.55
"('rsi_convergence', 'macd_slope_4h', 'adx_max_4h')",XGBClassifier,0.29411764705882354,-14,0.5,0,0.55
"('macd_zero', 'cci', 'rsi_limit_4h')",XGBClassifier,0.2052416609938734,-1732,0.1913265306122449,-484,0.5
"('rsi', 'adx_4h', 'macd_slope_4h')",XGBClassifier,0.2559366754617414,-185,0.3048780487804878,-32,0.55
"('rsi_limit_4h', 'rsi_convergence5_40', 'adx_max_4h')",XGBClassifier,0.20849933598937584,-439,0.21787709497206703,-101,0.55
"('adx_slope', 'ema_10_50', 'williams_limit_4h')",XGBClassifier,0.27065026362038663,-261,0.24444444444444444,-69,0.55
"('rsi', 'candle_4h', 'rsi_convergence5_40')",XGBClassifier,0.17293233082706766,-4089,0.18153067678684376,-1007,0.5
"('bb_sqeeze_both_direction_4h', 'bb_sqeeze_both_direction', 'adx')",XGBClassifier,0.1878719183904789,-2203,0.2045701849836779,-543,0.5
"('macd_zero', 'adx_4h', 'williams_limit_4h')",XGBClassifier,0.20696937697993664,-1110,0.18805309734513273,-282,0.55
"('ema_20_channel', 'candle_4h', 'macd_slope_4h')",XGBClassifier,0.2332089552238806,-286,0.17266187050359713,-91,0.55
"('macd', 'squeeze_momentum', 'macd_slope')",XGBClassifier,0.32222222222222224,-32,0.3157894736842105,-7,0.55
"('adx_slope', 'bb_sqeeze_both_direction_4h', 'candle_4h')",XGBClassifier,0.2013888888888889,-1118,0.21149897330595482,-281,0.55
"('macd_slope_4h', 'williams_limit_4h', 'adx')",XGBClassifier,0.1744633130406921,-4064,0.17266187050359713,-1001,0.5
"('rsi_break_4h', 'macd_max_4h', 'adx_max_21')",XGBClassifier,0.30303030303030304,-13,0.125,-6,0.55
"('macd_zero', 'macd_max_4h', 'adx_max_4h')",XGBClassifier,0.23096446700507614,-212,0.2897196261682243,-45,0.55
"('bb_sqeeze_both_direction_4h', 'rsi_limit_4h', 'adx_max_4h')",XGBClassifier,0.1786584015939783,-2903,0.18197879858657243,-720,0.5
"('macd', 'bb_middle_crossing', 'adx')",XGBClassifier,0.22735346358792186,-614,0.22033898305084745,-165,0.55
"('rsi_convergence', 'ema_10_50', 'adx_max_4h')",XGBClassifier,0.2857142857142857,-12,0.5,0,0.55
"('bb_sqeeze_both_direction_4h', 'rsi_break_4h', 'williams_break')",XGBClassifier,0.23006644518272426,-650,0.22996515679442509,-155,0.55
"('macd_max', 'rsi_break_4h', 'adx_max_21')",XGBClassifier,0.3333333333333333,-10,0.14285714285714285,-5,0.55
"('macd_max', 'bb_sqeeze_both_direction_4h', 'adx_max_4h')",XGBClassifier,0.21016483516483517,-422,0.2469879518072289,-84,0.55
"('rsi_limit_4h', 'williams_break', 'bb_sqeeze_both_direction')",XGBClassifier,0.25304136253041365,-203,0.29591836734693877,-40,0.6
"('cci_4h', 'rsi_limit_4h', 'ema_10_50')",XGBClassifier,0.17575273722627738,-5686,0.18173719376391984,-1429,0.5
"('cci', 'rsi_convergence', 'williams_break')",XGBClassifier,0.27040816326530615,-180,0.25925925925925924,-52,0.6
"('cci_4h', 'bb_middle_crossing', 'macd_slope_4h')",XGBClassifier,0.2361546499477534,-505,0.19591836734693877,-149,0.6
"('macd_max', 'rsi', 'candle_4h')",XGBClassifier,0.1760077472460961,-5353,0.1875602700096432,-1296,0.5
"('macd_max', 'ema_20_channel', 'macd_slope')",XGBClassifier,0.18784722222222222,-3596,0.1837431693989071,-926,0.5
"('rsi_break_4h', 'williams_break', 'candle_4h')",XGBClassifier,0.21831955922865015,-818,0.21159420289855072,-199,0.55
"('macd_max', 'rsi_convergence', 'candle_4h')",XGBClassifier,0.1835731196503369,-3475,0.19743406985032075,-849,0.5
"('macd_convergence', 'bb_middle_crossing', 'williams_break')",XGBClassifier,0.3104693140794224,-105,0.33695652173913043,-30,0.6
"('cci', 'rsi_limit_4h', 'macd')",XGBClassifier,0.2033898305084746,-1400,0.18536585365853658,-387,0.55
"('macd_zero', 'bb_sqeeze_both_direction_4h', 'rsi_convergence5_40')",XGBClassifier,0.20523560209424083,-563,0.19117647058823528,-168,0.55
"('adx_slope', 'bb_middle_crossing', 'candle_4h')",XGBClassifier,0.30319148936170215,-74,0.3488372093023256,-13,0.6
"('macd_max', 'rsi_convergence5_40', 'macd_slope_4h')",XGBClassifier,0.17316319409829528,-6557,0.18570287539936103,-1574,0.5
"('macd_zero', 'rsi', 'adx_max_4h')",XGBClassifier,0.22406639004149378,-133,0.3018867924528302,-21,0.55
"('cci_4h', 'rsi_limit_4h', 'williams_break')",XGBClassifier,0.22190812720848058,-787,0.2155688622754491,-190,0.55
"('macd_convergence', 'williams_break', 'candle_4h')",XGBClassifier,0.2985781990521327,-85,0.3142857142857143,-26,0.6
"('cci_4h', 'macd', 'macd_slope')",XGBClassifier,0.23709369024856597,-275,0.2,-87,0.55
"('rsi_limit_4h', 'adx_max_48', 'adx')",XGBClassifier,0.1731211656441718,-3410,0.1688411358403684,-863,0.5
"('bb_middle_crossing_4h', 'bb_sqeeze_both_direction', 'adx')",XGBClassifier,0.18153034300791557,-2414,0.2194871794871795,-547,0.5
"('macd_zero', 'adx_slope', 'bb_middle_crossing_4h')",XGBClassifier,0.2121576888353897,-1913,0.20413122721749696,-487,0.55
"('macd_zero', 'rsi_convergence', 'adx')",XGBClassifier,0.2465753424657534,-185,0.25688073394495414,-53,0.6
"('bb_sqeeze_both_direction_4h', 'rsi_limit_4h', 'adx_max_21')",XGBClassifier,0.1745258841619682,-2540,0.1738241308793456,-638,0.5
"('adx_slope', 'candle_4h', 'bb_middle_crossing_4h')",XGBClassifier,0.2,-1572,0.20592592592592593,-397,0.55
"('macd_convergence', 'macd', 'adx')",XGBClassifier,0.2326315789473684,-508,0.25,-132,0.55
"('bb_sqeeze_both_direction_4h', 'macd', 'rsi_convergence5_40')",XGBClassifier,0.17943860857585672,-3723,0.17234468937875752,-981,0.5
"('macd_max', 'adx_slope', 'rsi_break_4h')",XGBClassifier,0.21071863580998781,-1900,0.2318125770653514,-435,0.55
"('macd', 'ema_20_channel', 'macd_slope')",XGBClassifier,0.1863618752421542,-3238,0.17593297791317594,-851,0.5
"('macd_max', 'ema_10_50', 'bb_middle_crossing_4h')",XGBClassifier,0.21145374449339208,-262,0.175,-78,0.55
"('macd_zero', 'bb_sqeeze_both_direction_4h', 'williams_break')",XGBClassifier,0.23882224645583425,-479,0.24766355140186916,-108,0.55
"('macd', 'rsi_convergence', 'adx')",XGBClassifier,0.24464831804281345,-167,0.24731182795698925,-47,0.6
"('bb_sqeeze_both_direction_4h', 'rsi', 'rsi_convergence5_40')",XGBClassifier,0.20260223048327136,-320,0.16770186335403728,-107,0.55
"('macd_max', 'cci', 'macd')",XGBClassifier,0.18202113409733592,-4273,0.19333333333333333,-1012,0.5
"('bb_sqeeze_both_direction_4h', 'rsi_convergence', 'ema_10_50')",XGBClassifier,0.29310344827586204,-24,0.2,-9,0.6
"('rsi', 'macd_max_4h', 'bb_middle_crossing_4h')",XGBClassifier,0.1684717208182912,-4408,0.17249555423829283,-1105,0.5
"('rsi', 'adx_4h', 'bb_sqeeze_both_direction')",XGBClassifier,0.20833333333333334,-756,0.2155688622754491,-190,0.55
"('rsi_break_4h', 'macd', 'williams_break')",XGBClassifier,0.2569444444444444,-70,0.21428571428571427,-24,0.55
"('macd_max', 'bb_middle_crossing_4h', 'adx_max_21')",XGBClassifier,0.2962962962962963,-11,0.2222222222222222,-5,0.55
"('adx_slope', 'ema_20_channel', 'adx')",XGBClassifier,0.18555790960451976,-3562,0.18989169675090253,-859,0.5
"('macd_max', 'candle_4h', 'williams_limit_4h')",XGBClassifier,0.17901044867854948,-4178,0.1845679012345679,-1022,0.5
"('macd_max', 'macd_zero', 'candle_4h')",XGBClassifier,0.18524035206499662,-4649,0.18888888888888888,-1176,0.5
"('rsi_break_4h', 'macd_max_4h', 'williams_break')",XGBClassifier,0.273972602739726,-66,0.275,-18,0.55
"('macd_zero', 'rsi', 'williams_limit_4h')",XGBClassifier,0.20611380145278452,-1942,0.19789227166276346,-516,0.5
"('cci', 'adx_max_48', 'adx_max_21')",XGBClassifier,0.17404865876481598,-2090,0.18335343787696018,-525,0.5
"('cci', 'bb_sqeeze_both_direction_4h', 'rsi_convergence')",XGBClassifier,0.4358974358974359,-5,0.125,-6,0.55
"('rsi_break_4h', 'rsi_convergence', 'bb_sqeeze_both_direction')",XGBClassifier,0.34782608695652173,-14,0.25,-6,0.55
"('rsi_break_4h', 'ema_10_50', 'williams_limit_4h')",XGBClassifier,0.20182166826462128,-1244,0.19367588932806323,-310,0.55
"('rsi_limit_4h', 'adx_max_48', 'macd_slope')",XGBClassifier,0.196,-456,0.23163841807909605,-95,0.55
"('rsi_convergence', 'rsi_convergence5_40', 'williams_limit_4h')",XGBClassifier,0.20181219110378912,-724,0.2442528735632184,-178,0.55
"('rsi_limit_4h', 'rsi_convergence', 'squeeze_momentum')",XGBClassifier,0.23236514522821577,-387,0.2559241706161137,-103,0.55
"('williams_break', 'rsi_convergence5_40', 'adx_max_21')",XGBClassifier,0.2623762376237624,-96,0.26666666666666666,-21,0.6
"('adx_max_48', 'bb_middle_crossing', 'macd_slope_4h')",XGBClassifier,0.23556058890147225,-467,0.20434782608695654,-136,0.6
"('adx_slope', 'bb_sqeeze_both_direction', 'adx_max_4h')",XGBClassifier,0.18775589783583543,-3203,0.19731649565903708,-767,0.5
"('ema_10_50', 'williams_break', 'adx')",XGBClassifier,0.23877068557919623,-221,0.2,-72,0.6
"('squeeze_momentum', 'ema_20_channel', 'adx_4h')",XGBClassifier,0.30303030303030304,-13,0.625,2,0.6
"('adx_max_48', 'ema_10_50', 'williams_break')",XGBClassifier,0.17471837088388215,-6006,0.17950889077053345,-1514,0.5
"('ema_10_50', 'macd_slope_4h', 'macd_slope')",XGBClassifier,0.1783761043331931,-4587,0.18004338394793926,-1180,0.5
"('macd_zero', 'cci', 'macd_slope_4h')",XGBClassifier,0.3469387755102041,-15,0.2857142857142857,-12,0.6
"('bb_sqeeze_both_direction_4h', 'macd_max_4h', 'ema_20_channel')",XGBClassifier,0.2727272727272727,-40,0.3333333333333333,-5,0.55
"('rsi', 'adx_max_21', 'adx_max_4h')",XGBClassifier,0.1863395225464191,-946,0.19689119170984457,-234,0.5
"('macd_convergence', 'adx_4h', 'rsi_convergence5_40')",XGBClassifier,0.34285714285714286,-33,0.36,-7,0.6
"('macd_convergence', 'macd_max_4h', 'williams_limit_4h')",XGBClassifier,0.26048565121412803,-217,0.2831858407079646,-49,0.6
"('bb_sqeeze_both_direction_4h', 'adx_max_48', 'williams_limit_4h')",XGBClassifier,0.19359267734553776,-1339,0.18461538461538463,-328,0.5
"('adx_slope', 'cci_4h', 'rsi_limit_4h')",XGBClassifier,0.23768736616702354,-490,0.19313304721030042,-143,0.55
"('adx_max_48', 'macd_slope_4h', 'adx')",XGBClassifier,0.17236542170787306,-3737,0.17642907551164433,-917,0.5
"('adx_slope', 'rsi_convergence', 'candle_4h')",XGBClassifier,0.23917525773195877,-253,0.3233082706766917,-47,0.55
"('adx_slope', 'rsi', 'williams_break')",XGBClassifier,0.25,-190,0.23595505617977527,-47,0.6
"('cci', 'rsi_limit_4h', 'rsi_convergence5_40')",XGBClassifier,0.17207684663795958,-3960,0.17142857142857143,-1012,0.5
"('macd_zero', 'cci_4h', 'squeeze_momentum')",XGBClassifier,0.21593625498007968,-713,0.19631901840490798,-198,0.55
"('rsi', 'rsi_convergence', 'bb_middle_crossing_4h')",XGBClassifier,0.20933333333333334,-436,0.24882629107981222,-107,0.55
"('bb_middle_crossing', 'candle_4h', 'rsi_convergence5_40')",XGBClassifier,0.25595238095238093,-82,0.18181818181818182,-21,0.6
"('macd_max', 'macd_zero', 'williams_break')",XGBClassifier,0.3076923076923077,-10,0.0,-6,0.6
"('cci_4h', 'rsi_limit_4h', 'adx')",XGBClassifier,0.17150364266093396,-5501,0.17695274831243973,-1340,0.5
"('ema_10_50', 'rsi_convergence5_40', 'adx_max_4h')",XGBClassifier,0.20505456634118321,-1027,0.18487394957983194,-300,0.55
"('cci', 'adx_max_48', 'adx')",XGBClassifier,0.16989277259434618,-4741,0.1689827682045581,-1191,0.5
"('adx_slope', 'rsi_convergence', 'ema_20_channel')",XGBClassifier,0.3939393939393939,-7,0.75,2,0.55
"('adx_4h', 'candle_4h', 'adx')",XGBClassifier,0.17492636701242156,-5077,0.18158697863682605,-1252,0.5
"('bb_middle_crossing', 'ema_20_channel', 'bb_sqeeze_both_direction')",XGBClassifier,0.2671957671957672,-176,0.2708333333333333,-44,0.55
"('rsi_limit_4h', 'rsi', 'rsi_convergence')",XGBClassifier,0.23234200743494424,-288,0.25,-84,0.55
"('rsi_convergence', 'bb_middle_crossing_4h', 'macd_slope_4h')",XGBClassifier,0.17356974650228563,-4713,0.1820667031164571,-1163,0.5
"('rsi', 'bb_middle_crossing_4h', 'bb_sqeeze_both_direction')",XGBClassifier,0.1763423816128393,-3267,0.17289719626168223,-840,0.5
"('rsi_limit_4h', 'bb_sqeeze_both_direction', 'williams_limit_4h')",XGBClassifier,0.19489559164733178,-1315,0.21113243761996162,-301,0.5
"('macd_max', 'macd', 'williams_limit_4h')",XGBClassifier,0.1749155700477466,-5583,0.18819702602230484,-1342,0.5
"('cci', 'ema_20_channel', 'bb_middle_crossing_4h')",XGBClassifier,0.26459143968871596,-121,0.175,-52,0.55
"('macd_max', 'rsi_limit_4h', 'squeeze_momentum')",XGBClassifier,0.18784900603082422,-2795,0.18303571428571427,-710,0.5
"('macd_convergence', 'adx_4h', 'adx_max_4h')",XGBClassifier,0.36363636363636365,-6,0.4444444444444444,-1,0.55
"('macd_convergence', 'cci_4h', 'macd')",XGBClassifier,0.27639751552795033,-144,0.28431372549019607,-44,0.6
"('adx_max_21', 'adx_max_4h', 'adx')",XGBClassifier,0.20465890183028287,-355,0.1910828025477707,-97,0.55
"('adx_max_48', 'squeeze_momentum', 'williams_break')",XGBClassifier,0.26126126126126126,-53,0.32,-9,0.6
"('cci', 'bb_sqeeze_both_direction', 'macd_slope')",XGBClassifier,0.23809523809523808,-55,0.10344827586206896,-23,0.55
"('cci_4h', 'rsi_break_4h', 'squeeze_momentum')",XGBClassifier,0.17002194447094743,-6917,0.1800302571860817,-1692,0.5
"('macd_zero', 'bb_middle_crossing', 'bb_sqeeze_both_direction')",XGBClassifier,0.2545824847250509,-241,0.2571428571428571,-68,0.6
"('cci_4h', 'williams_break', 'bb_middle_crossing_4h')",XGBClassifier,0.21959694232105628,-807,0.2099125364431487,-199,0.5
"('bb_sqeeze_both_direction_4h', 'adx_max_21', 'williams_limit_4h')",XGBClassifier,0.26704545454545453,-82,0.1875,-30,0.55
"('rsi', 'ema_10_50', 'ema_20_channel')",XGBClassifier,0.25190839694656486,-65,0.16129032258064516,-21,0.6
"('rsi_convergence', 'ema_20_channel', 'adx_4h')",XGBClassifier,0.2627551020408163,-186,0.2764227642276423,-55,0.55
"('macd_convergence', 'bb_sqeeze_both_direction', 'williams_limit_4h')",XGBClassifier,0.305993690851735,-123,0.3146067415730337,-33,0.55
"('macd_max', 'adx_max_48', 'adx_max_4h')",XGBClassifier,0.3082191780821918,-56,0.3055555555555556,-14,0.55
"('macd_convergence', 'rsi_convergence', 'bb_middle_crossing_4h')",XGBClassifier,0.32926829268292684,-28,0.2608695652173913,-11,0.6
"('rsi_convergence', 'adx_max_4h', 'adx')",XGBClassifier,0.19919719016557952,-1199,0.22495274102079396,-291,0.5
"('macd_max', 'macd', 'bb_middle_crossing_4h')",XGBClassifier,0.1845184518451845,-3505,0.1858600583090379,-862,0.5
"('adx_slope', 'squeeze_momentum', 'macd_max_4h')",XGBClassifier,0.1983702571937866,-2369,0.21479229989868287,-563,0.5
"('adx_max_48', 'macd_slope_4h', 'adx_max_4h')",XGBClassifier,0.2231404958677686,-268,0.2396694214876033,-63,0.55
"('adx_slope', 'cci', 'ema_20_channel')",XGBClassifier,0.2727272727272727,-65,0.19230769230769232,-32,0.6
"('bb_sqeeze_both_direction_4h', 'macd_max_4h', 'ema_10_50')",XGBClassifier,0.17962962962962964,-4498,0.18004459308807136,-1148,0.5
"('cci', 'rsi', 'macd')",XGBClassifier,0.20215175537938845,-1052,0.2026431718061674,-270,0.55
"('cci', 'ema_10_50', 'candle_4h')",XGBClassifier,0.23219814241486067,-346,0.23655913978494625,-98,0.55
"('adx_max_48', 'ema_20_channel', 'macd_slope')",XGBClassifier,0.2058011049723757,-426,0.17222222222222222,-118,0.55
"('macd_convergence', 'rsi_convergence', 'williams_break')",XGBClassifier,0.2985781990521327,-85,0.3142857142857143,-26,0.6
"('cci_4h', 'adx_4h', 'macd_slope')",XGBClassifier,0.17982456140350878,-4672,0.18478843063738618,-1177,0.5
"('macd_max', 'rsi', 'bb_middle_crossing')",XGBClassifier,0.22727272727272727,-612,0.22033898305084745,-165,0.55
"('macd_convergence', 'cci', 'adx_max_21')",XGBClassifier,0.22424722662440572,-696,0.24929178470254956,-177,0.55
"('rsi_limit_4h', 'adx_4h', 'williams_limit_4h')",XGBClassifier,0.18307849133537207,-3109,0.18718801996672213,-752,0.5
"('adx_slope', 'cci', 'cci_4h')",XGBClassifier,0.20477716283134284,-2027,0.20509849362688296,-509,0.55
"('cci_4h', 'ema_10_50', 'macd_slope')",XGBClassifier,0.17452989528206284,-5781,0.17998244073748904,-1458,0.5
"('macd_zero', 'ema_10_50', 'macd_slope_4h')",XGBClassifier,0.17874753451676528,-5212,0.18173076923076922,-1324,0.5
"('adx_max_48', 'williams_break', 'adx_max_4h')",XGBClassifier,0.2786885245901639,-54,0.4090909090909091,-4,0.6
"('bb_sqeeze_both_direction_4h', 'ema_10_50', 'williams_break')",XGBClassifier,0.18062025821908692,-4799,0.1826722338204593,-1216,0.5
"('bb_sqeeze_both_direction_4h', 'adx_max_48', 'macd_slope')",XGBClassifier,0.18510158013544017,-2790,0.17781690140845072,-732,0.5
"('macd_convergence', 'adx_max_48', 'bb_middle_crossing_4h')",XGBClassifier,0.32926829268292684,-28,0.2608695652173913,-11,0.6
"('macd_zero', 'bb_sqeeze_both_direction', 'adx_max_4h')",XGBClassifier,0.21171770972037285,-433,0.22340425531914893,-104,0.55
"('adx_4h', 'candle_4h', 'adx_max_4h')",XGBClassifier,0.2,-249,0.16326530612244897,-66,0.55
"('macd_convergence', 'rsi_convergence', 'rsi_convergence5_40')",XGBClassifier,0.21020282728948986,-943,0.23578947368421052,-251,0.55
"('rsi', 'bb_middle_crossing', 'adx_max_21')",XGBClassifier,0.22735346358792186,-614,0.22033898305084745,-165,0.55
"('macd_zero', 'cci_4h', 'macd')",XGBClassifier,0.17874753451676528,-5212,0.18173076923076922,-1324,0.5
"('macd_max', 'bb_sqeeze_both_direction_4h', 'williams_break')",XGBClassifier,0.3076923076923077,-10,0.0,-6,0.6
"('cci_4h', 'rsi', 'bb_middle_crossing')",XGBClassifier,0.17582751290616458,-4270,0.1774193548387097,-1080,0.5
"('rsi', 'adx_max_4h', 'adx')",XGBClassifier,0.2777777777777778,-32,0.1111111111111111,-14,0.55
"('macd_zero', 'bb_sqeeze_both_direction_4h', 'adx_max_48')",XGBClassifier,0.18766547266780875,-4011,0.18674698795180722,-1040,0.5
"('bb_sqeeze_both_direction', 'adx_max_21', 'adx')",XGBClassifier,0.1817705605028811,-2430,0.22120285423037717,-547,0.5
"('cci_4h', 'rsi_break_4h', 'candle_4h')",XGBClassifier,0.1745644031916626,-3997,0.18426103646833014,-987,0.5
"('cci_4h', 'bb_sqeeze_both_direction_4h', 'macd_max_4h')",XGBClassifier,0.17457602964229726,-4567,0.18321043675553034,-1117,0.5
"('bb_middle_crossing_4h', 'macd_slope_4h', 'macd_slope')",XGBClassifier,0.1766854360066961,-4249,0.17551266586248493,-1076,0.5
"('williams_break', 'adx_4h', 'adx_max_4h')",RandomForestClassifier,0.5714285714285714,1,1.0,3,0.45
"('macd_zero', 'ema_10_50', 'bb_sqeeze_both_direction')",XGBClassifier,0.22009569377990432,-117,0.3333333333333333,-13,0.55
"('rsi', 'williams_limit_4h', 'adx')",XGBClassifier,0.2127659574468085,-486,0.18932038834951456,-128,0.55
"('rsi', 'rsi_convergence', 'adx_max_21')",XGBClassifier,0.22165820642978004,-329,0.27218934911242604,-77,0.55
"('adx_slope', 'rsi_convergence5_40', 'adx')",XGBClassifier,0.1858161648177496,-3172,0.18995290423861852,-790,0.5
"('bb_sqeeze_both_direction_4h', 'bb_middle_crossing', 'rsi_convergence')",XGBClassifier,0.25175644028103045,-424,0.22926829268292684,-111,0.55
"('macd_convergence', 'ema_20_channel', 'bb_sqeeze_both_direction')",XGBClassifier,0.29523809523809524,-43,0.28125,-14,0.6
"('macd', 'squeeze_momentum', 'adx_4h')",RandomForestClassifier,0.5862068965517241,5,0.4,-2,0.45
"('adx_max_48', 'macd_slope_4h', 'macd_slope')",XGBClassifier,0.18225419664268586,-2650,0.1743295019157088,-680,0.5
"('cci_4h', 'candle_4h', 'rsi_convergence5_40')",XGBClassifier,0.17326254826254825,-4062,0.1828499369482976,-1006,0.5
"('candle_4h', 'macd_slope_4h', 'williams_limit_4h')",XGBClassifier,0.22829131652661064,-388,0.1761006289308176,-103,0.55
"('cci_4h', 'rsi_limit_4h', 'rsi_break_4h')",XGBClassifier,0.16943412715752676,-6052,0.18032076289553534,-1475,0.5
"('macd_zero', 'cci_4h', 'bb_middle_crossing_4h')",XGBClassifier,0.2166172106824926,-382,0.19318181818181818,-108,0.55
"('macd_max', 'adx_slope', 'bb_sqeeze_both_direction')",XGBClassifier,0.26666666666666666,-7,0.0,-2,0.6
"('adx_max_48', 'adx_4h', 'adx')",XGBClassifier,0.2233502538071066,-109,0.14285714285714285,-35,0.55
"('cci_4h', 'bb_sqeeze_both_direction_4h', 'adx_max_21')",XGBClassifier,0.24489795918367346,-25,0.2727272727272727,-5,0.55
"('bb_middle_crossing_4h', 'macd_slope_4h', 'williams_limit_4h')",XGBClassifier,0.1809659090909091,-2246,0.17406542056074767,-558,0.5
"('cci', 'bb_sqeeze_both_direction_4h', 'williams_limit_4h')",XGBClassifier,0.21319199057714958,-487,0.2079207920792079,-118,0.55
"('cci', 'rsi_convergence', 'rsi_convergence5_40')",XGBClassifier,0.2254697286012526,-263,0.23870967741935484,-81,0.55
"('rsi_break_4h', 'ema_20_channel', 'macd_slope')",XGBClassifier,0.2905982905982906,-49,0.20588235294117646,-20,0.55
"('adx_slope', 'adx_max_48', 'rsi_convergence5_40')",XGBClassifier,0.19455252918287938,-2198,0.20242024202420242,-541,0.5
"('adx_slope', 'rsi', 'macd_slope_4h')",XGBClassifier,0.24390243902439024,-210,0.3368421052631579,-31,0.55
"('cci', 'ema_10_50', 'macd_slope_4h')",XGBClassifier,0.29411764705882354,-21,0.3,-8,0.6
"('adx_slope', 'rsi_convergence', 'williams_limit_4h')",XGBClassifier,0.3333333333333333,-35,0.4827586206896552,-1,0.6
"('rsi', 'williams_break', 'candle_4h')",XGBClassifier,0.2517482517482518,-71,0.2727272727272727,-15,0.6
"('macd_max', 'adx_max_48', 'macd_max_4h')",XGBClassifier,0.21937321937321938,-197,0.2692307692307692,-48,0.55
"('adx_slope', 'rsi_break_4h', 'macd_slope')",XGBClassifier,0.2014449638759031,-1405,0.2,-345,0.55
"('rsi', 'candle_4h', 'williams_limit_4h')",XGBClassifier,0.17935667752442996,-3150,0.18218623481781376,-785,0.5
"('macd_zero', 'cci', 'rsi_break_4h')",XGBClassifier,0.23275862068965517,-248,0.2127659574468085,-81,0.55
"('adx_max_48', 'bb_middle_crossing', 'ema_20_channel')",XGBClassifier,0.22735346358792186,-614,0.22033898305084745,-165,0.55
"('macd', 'macd_max_4h', 'macd_slope')",XGBClassifier,0.18524623943952195,-3055,0.180623973727422,-778,0.5
"('adx_slope', 'cci_4h', 'rsi_break_4h')",XGBClassifier,0.20755326016785022,-1812,0.21146496815286625,-453,0.55
"('macd_convergence', 'cci_4h', 'macd_slope_4h')",XGBClassifier,0.28117359413202936,-179,0.26666666666666666,-56,0.6
"('macd_max', 'adx_slope', 'adx_4h')",XGBClassifier,0.20869803063457332,-2130,0.22111111111111112,-502,0.5
"('rsi_limit_4h', 'ema_10_50', 'bb_middle_crossing_4h')",XGBClassifier,0.19516786946972073,-1943,0.1764004767580453,-543,0.5
"('adx_max_48', 'macd', 'ema_20_channel')",XGBClassifier,0.21107784431137724,-386,0.17006802721088435,-97,0.55
"('adx_max_48', 'bb_sqeeze_both_direction', 'adx_max_4h')",XGBClassifier,0.22857142857142856,-114,0.22413793103448276,-32,0.55
"('macd_convergence', 'bb_sqeeze_both_direction', 'adx_max_21')",XGBClassifier,0.24080560420315236,-592,0.2636363636363636,-156,0.55
"('rsi_break_4h', 'rsi_convergence', 'squeeze_momentum')",XGBClassifier,0.34782608695652173,-14,0.25,-6,0.6
"('squeeze_momentum', 'williams_break', 'adx_max_21')",XGBClassifier,0.26126126126126126,-53,0.32,-9,0.6
"('bb_sqeeze_both_direction_4h', 'adx_max_21', 'adx_max_4h')",XGBClassifier,0.19978858350951373,-568,0.21212121212121213,-133,0.55
"('macd_zero', 'bb_middle_crossing', 'ema_20_channel')",XGBClassifier,0.2361111111111111,-532,0.22426470588235295,-150,0.55
"('rsi_limit_4h', 'rsi_convergence', 'adx_max_4h')",XGBClassifier,0.22060957910014514,-385,0.24528301886792453,-108,0.55
"('macd_max_4h', 'ema_20_channel', 'adx')",XGBClassifier,0.2727272727272727,-40,0.3333333333333333,-5,0.55
"('macd_zero', 'adx_slope', 'rsi_convergence5_40')",XGBClassifier,0.2677165354330709,-177,0.2169811320754717,-60,0.55
"('adx_slope', 'rsi', 'adx_max_21')",XGBClassifier,0.18950301904319555,-2674,0.20206766917293234,-634,0.5
"('adx_max_48', 'squeeze_momentum', 'bb_sqeeze_both_direction')",RandomForestClassifier,0.5714285714285714,1,0.0,-1,0.45
"('rsi_break_4h', 'bb_sqeeze_both_direction', 'adx_max_21')",XGBClassifier,0.20318725099601595,-149,0.27848101265822783,-35,0.55
"('bb_middle_crossing', 'ema_10_50', 'candle_4h')",XGBClassifier,0.28,-66,0.17857142857142858,-18,0.55
"('adx_slope', 'macd', 'macd_slope')",XGBClassifier,0.20430645968953431,-1181,0.1908713692946058,-298,0.55
"('macd_max', 'rsi_break_4h', 'squeeze_momentum')",XGBClassifier,0.17316319409829528,-6557,0.18570287539936103,-1574,0.45
"('bb_middle_crossing', 'squeeze_momentum', 'bb_middle_crossing_4h')",XGBClassifier,0.5263157894736842,1,0.5555555555555556,1,0.6
"('macd_convergence', 'rsi_limit_4h', 'rsi')",XGBClassifier,0.2589118198874296,-257,0.2709677419354839,-71,0.6
"('williams_break', 'adx_4h', 'williams_limit_4h')",XGBClassifier,0.25370675453047775,-299,0.2222222222222222,-80,0.55
"('macd', 'williams_break', 'williams_limit_4h')",XGBClassifier,0.2258852258852259,-449,0.2102803738317757,-124,0.55
"('macd', 'adx_4h', 'candle_4h')",XGBClassifier,0.18449197860962566,-3540,0.17905166312809626,-907,0.5
"('adx_slope', 'bb_sqeeze_both_direction_4h', 'bb_sqeeze_both_direction')",XGBClassifier,0.1899886234357224,-2725,0.2,-654,0.5
"('macd_max_4h', 'rsi_convergence5_40', 'adx_max_21')",XGBClassifier,0.18561813673397096,-1775,0.1815856777493606,-498,0.5
"('macd_max', 'rsi_break_4h', 'adx_max_4h')",XGBClassifier,0.17316319409829528,-6557,0.18570287539936103,-1574,0.5
"('adx_slope', 'macd_convergence', 'rsi_convergence')",XGBClassifier,0.18634552698297718,-3464,0.19730305180979418,-853,0.5
"('macd_max', 'adx_max_48', 'candle_4h')",XGBClassifier,0.17657780815675553,-5678,0.1879255560599183,-1375,0.5
"('ema_20_channel', 'candle_4h', 'williams_limit_4h')",XGBClassifier,0.24857142857142858,-176,0.2,-48,0.6
"('macd_max', 'cci', 'macd_max_4h')",XGBClassifier,0.17383785983114639,-6413,0.18403908794788273,-1552,0.5
"('williams_break', 'candle_4h', 'macd_slope')",XGBClassifier,0.26222222222222225,-107,0.2708333333333333,-22,0.6
"('cci_4h', 'ema_20_channel', 'bb_middle_crossing_4h')",XGBClassifier,0.271356783919598,-91,0.11320754716981132,-41,0.55
"('adx_max_48', 'macd_slope', 'adx')",XGBClassifier,0.17929562433297758,-3606,0.1831578947368421,-903,0.5
"('adx_slope', 'williams_break', 'macd_slope')",XGBClassifier,0.25316455696202533,-273,0.25396825396825395,-62,0.6
"('macd_zero', 'bb_middle_crossing_4h', 'macd_slope')",XGBClassifier,0.1787024300779459,-5606,0.18083670715249664,-1419,0.45
"('rsi_limit_4h', 'rsi', 'ema_10_50')",XGBClassifier,0.17701984178446376,-4981,0.17848036715961244,-1261,0.5
"('cci_4h', 'bb_sqeeze_both_direction_4h', 'ema_10_50')",XGBClassifier,0.17962962962962964,-4498,0.18004459308807136,-1148,0.5
"('cci_4h', 'rsi_limit_4h', 'williams_limit_4h')",XGBClassifier,0.17820683533067022,-2900,0.1732495511669659,-728,0.5
"('adx_max_48', 'ema_10_50', 'ema_20_channel')",XGBClassifier,0.27884615384615385,-46,0.1724137931034483,-19,0.55
"('rsi_limit_4h', 'bb_middle_crossing_4h', 'macd_slope')",XGBClassifier,0.1774193548387097,-4080,0.17584480600750937,-1036,0.5
"('cci', 'bb_sqeeze_both_direction_4h', 'rsi_limit_4h')",XGBClassifier,0.2159090909090909,-250,0.18421052631578946,-72,0.55
"('macd', 'ema_10_50', 'macd_slope')",XGBClassifier,0.25,-8,0.0,-4,0.55
"('bb_middle_crossing', 'macd_slope', 'williams_limit_4h')",XGBClassifier,0.22735346358792186,-614,0.22033898305084745,-165,0.55
"('macd_convergence', 'adx_max_21', 'williams_limit_4h')",XGBClassifier,0.26148409893992935,-270,0.26811594202898553,-64,0.6
"('bb_sqeeze_both_direction_4h', 'adx_max_48', 'rsi_convergence5_40')",XGBClassifier,0.1705310396409873,-4405,0.1763327475102519,-1105,0.5
"('bb_sqeeze_both_direction_4h', 'williams_break', 'bb_middle_crossing_4h')",XGBClassifier,0.2128133704735376,-1031,0.1963470319634703,-266,0.5
"('cci', 'rsi_break_4h', 'adx_4h')",XGBClassifier,0.1803558371922983,-2623,0.19516908212560385,-631,0.5
"('cci', 'adx_max_48', 'ema_10_50')",XGBClassifier,0.26455026455026454,-178,0.24347826086956523,-59,0.55
"('cci_4h', 'macd_max_4h', 'ema_10_50')",XGBClassifier,0.19929245283018868,-510,0.2175732217573222,-135,0.55
"('rsi_limit_4h', 'rsi_convergence5_40', 'adx')",XGBClassifier,0.17242071457246086,-3264,0.16759776536312848,-833,0.5
"('rsi', 'bb_middle_crossing', 'adx_max_4h')",XGBClassifier,0.4339622641509434,-7,0.25,-4,0.6
"('rsi_convergence', 'williams_break', 'ema_20_channel')",XGBClassifier,0.30718954248366015,-59,0.358974358974359,-11,0.6
"('rsi_break_4h', 'macd', 'ema_10_50')",XGBClassifier,0.1753965536916581,-5689,0.18072824156305506,-1438,0.5
"('bb_sqeeze_both_direction_4h', 'rsi_convergence', 'candle_4h')",XGBClassifier,0.1833984375,-3242,0.1946969696969697,-806,0.5
"('macd_zero', 'macd', 'williams_limit_4h')",XGBClassifier,0.20696937697993664,-1110,0.18805309734513273,-282,0.55
"('bb_sqeeze_both_direction_4h', 'squeeze_momentum', 'williams_limit_4h')",XGBClassifier,0.17341935483870968,-5062,0.1815843621399177,-1238,0.5
"('cci_4h', 'williams_break', 'candle_4h')",XGBClassifier,0.2857142857142857,-18,0.23076923076923078,-7,0.6
"('macd_max_4h', 'macd_slope', 'williams_limit_4h')",XGBClassifier,0.17639682318517486,-4645,0.17455790074158586,-1141,0.5
"('adx_slope', 'squeeze_momentum', 'rsi_convergence5_40')",XGBClassifier,0.23868312757201646,-254,0.2391304347826087,-72,0.55
"('adx_4h', 'candle_4h', 'macd_slope_4h')",XGBClassifier,0.1835815725666782,-3654,0.18441196938065413,-907,0.5
"('adx_slope', 'macd', 'ema_20_channel')",XGBClassifier,0.2624113475177305,-67,0.3103448275862069,-11,0.6
"('rsi_convergence', 'adx_max_4h', 'macd_slope')",XGBClassifier,0.27906976744186046,-19,0.4375,-2,0.6
"('adx_4h', 'adx_max_21', 'williams_limit_4h')",XGBClassifier,0.24848484848484848,-83,0.16666666666666666,-32,0.6
"('adx_slope', 'adx_max_48', 'williams_limit_4h')",XGBClassifier,0.1868654136962627,-2899,0.19720767888307156,-694,0.5
"('macd_zero', 'bb_sqeeze_both_direction_4h', 'macd')",XGBClassifier,0.19865494050698396,-1165,0.21172022684310018,-305,0.55
"('adx_4h', 'adx_max_21', 'macd_slope')",XGBClassifier,0.24242424242424243,-34,0.3,-8,0.55
"('rsi_break_4h', 'rsi_convergence', 'adx_max_4h')",XGBClassifier,0.34782608695652173,-14,0.25,-6,0.55
"('macd_convergence', 'bb_middle_crossing_4h', 'bb_sqeeze_both_direction')",XGBClassifier,0.32926829268292684,-28,0.2608695652173913,-11,0.6
"('macd', 'bb_middle_crossing', 'williams_break')",XGBClassifier,0.2433234421364985,-346,0.22093023255813954,-96,0.6
"('adx_max_48', 'ema_10_50', 'bb_middle_crossing_4h')",XGBClassifier,0.20556745182012848,-275,0.1721311475409836,-80,0.55
"('squeeze_momentum', 'bb_sqeeze_both_direction', 'williams_limit_4h')",XGBClassifier,0.17599115899986187,-4691,0.18822876179900055,-1123,0.5
"('bb_sqeeze_both_direction_4h', 'adx_max_48', 'williams_break')",XGBClassifier,0.24607329842931938,-388,0.23295454545454544,-94,0.6
"('macd_max', 'macd', 'adx_max_4h')",XGBClassifier,0.18428233581953793,-3471,0.18615040953090098,-843,0.5
"('bb_sqeeze_both_direction', 'adx_max_21', 'macd_slope')",XGBClassifier,0.20967741935483872,-72,0.3157894736842105,-14,0.55
"('rsi_limit_4h', 'ema_10_50', 'adx_max_4h')",XGBClassifier,0.20476190476190476,-372,0.21019108280254778,-91,0.55
"('cci_4h', 'macd_max_4h', 'candle_4h')",XGBClassifier,0.17598908594815826,-3800,0.18297587131367293,-946,0.5
"('bb_middle_crossing', 'macd_slope_4h', 'adx_max_4h')",XGBClassifier,0.3595505617977528,-25,0.3125,-6,0.6
"('adx_slope', 'bb_sqeeze_both_direction_4h', 'adx')",XGBClassifier,0.24267100977198697,-316,0.2564102564102564,-76,0.55
"('adx_max_48', 'bb_middle_crossing_4h', 'adx_max_4h')",XGBClassifier,0.22857142857142856,-114,0.22413793103448276,-32,0.55
"('adx_max_48', 'rsi_convergence5_40', 'adx_max_4h')",XGBClassifier,0.25,-72,0.1388888888888889,-26,0.6
"('rsi_limit_4h', 'ema_20_channel', 'bb_middle_crossing_4h')",XGBClassifier,0.297029702970297,-41,0.16666666666666666,-20,0.6
"('macd_zero', 'macd_max_4h', 'adx')",XGBClassifier,0.2484076433121019,-79,0.17543859649122806,-37,0.55
"('adx_max_48', 'ema_10_50', 'candle_4h')",XGBClassifier,0.17767015039510578,-5058,0.1833996023856859,-1274,0.5
"('macd_max', 'macd_zero', 'squeeze_momentum')",XGBClassifier,0.21644295302013422,-338,0.20261437908496732,-91,0.55
"('macd_max', 'rsi_limit_4h', 'rsi_break_4h')",XGBClassifier,0.17316319409829528,-6557,0.18570287539936103,-1574,0.5
"('rsi_limit_4h', 'rsi', 'candle_4h')",XGBClassifier,0.17744448772886637,-3312,0.1772831926323868,-841,0.5
"('adx_slope', 'ema_20_channel', 'bb_middle_crossing_4h')",XGBClassifier,0.2709677419354839,-71,0.17073170731707318,-27,0.6
"('macd_max', 'cci', 'macd_slope')",XGBClassifier,0.24509803921568626,-52,0.17142857142857143,-23,0.55
"('adx_max_48', 'rsi_convergence', 'bb_sqeeze_both_direction')",XGBClassifier,0.22366863905325443,-467,0.2697095435684647,-111,0.55
"('rsi', 'macd', 'macd_slope')",XGBClassifier,0.18508997429305912,-4165,0.1864705882352941,-1066,0.5
"('rsi_break_4h', 'bb_sqeeze_both_direction', 'macd_slope_4h')",XGBClassifier,0.17938849689972206,-2999,0.1776259607173356,-755,0.5
"('rsi', 'macd_max_4h', 'adx_max_21')",XGBClassifier,0.1834349593495935,-1246,0.18323586744639375,-325,0.5
"('macd_zero', 'macd_convergence', 'williams_limit_4h')",XGBClassifier,0.25363825363825365,-237,0.2916666666666667,-50,0.6
"('ema_10_50', 'bb_sqeeze_both_direction', 'macd_slope_4h')",XGBClassifier,0.18142347650798574,-4109,0.18545454545454546,-1038,0.5
"('rsi_limit_4h', 'squeeze_momentum', 'macd_slope_4h')",XGBClassifier,0.23872679045092837,-197,0.23958333333333334,-50,0.55
"('cci', 'bb_sqeeze_both_direction', 'williams_limit_4h')",XGBClassifier,0.19077724060989215,-1663,0.2063253012048193,-390,0.5
"('rsi_limit_4h', 'bb_middle_crossing', 'squeeze_momentum')",XGBClassifier,0.2556390977443609,-65,0.27906976744186046,-19,0.6
"('bb_sqeeze_both_direction', 'macd_slope', 'williams_limit_4h')",XGBClassifier,0.21217547000895254,-643,0.22033898305084745,-165,0.55
"('bb_sqeeze_both_direction_4h', 'macd', 'bb_middle_crossing')",XGBClassifier,0.24758454106280192,-418,0.23857868020304568,-103,0.55
"('rsi', 'williams_break', 'ema_20_channel')",XGBClassifier,0.25970149253731345,-161,0.15789473684210525,-52,0.6
"('rsi', 'bb_middle_crossing', 'macd_slope_4h')",XGBClassifier,0.2456575682382134,-410,0.1935483870967742,-133,0.6
"('williams_break', 'bb_sqeeze_both_direction', 'adx')",XGBClassifier,0.2627986348122867,-139,0.2840909090909091,-38,0.6
"('candle_4h', 'adx_max_21', 'macd_slope')",XGBClassifier,0.18536036036036035,-2794,0.1774622892635315,-727,0.5
"('cci', 'cci_4h', 'bb_sqeeze_both_direction')",XGBClassifier,0.21525885558583105,-418,0.26737967914438504,-87,0.55
"('bb_middle_crossing', 'rsi_convergence', 'adx_4h')",XGBClassifier,0.27429805615550756,-209,0.28776978417266186,-59,0.6
"('macd', 'rsi_convergence5_40', 'adx_max_21')",XGBClassifier,0.17255685310387217,-4262,0.17092457420924576,-1082,0.5
"('bb_sqeeze_both_direction_4h', 'adx_max_21', 'macd_slope')",XGBClassifier,0.18510208660533992,-2807,0.17832167832167833,-736,0.5
"('adx_slope', 'macd_convergence', 'candle_4h')",XGBClassifier,0.28353658536585363,-142,0.32,-27,0.6
"('cci', 'macd_max_4h', 'macd_slope')",XGBClassifier,0.26804123711340205,-45,0.10344827586206896,-23,0.55
"('macd_max', 'ema_20_channel', 'rsi_convergence5_40')",XGBClassifier,1.0,1,0.0,0,0.6
"('adx_slope', 'bb_middle_crossing', 'squeeze_momentum')",XGBClassifier,0.288135593220339,-125,0.2948717948717949,-32,0.6
"('cci', 'rsi_break_4h', 'rsi_convergence')",XGBClassifier,0.4482758620689655,-3,0.25,-4,0.6
"('macd_max', 'adx_slope', 'ema_20_channel')",XGBClassifier,1.0,1,0.0,0,0.6
"('rsi_limit_4h', 'squeeze_momentum', 'adx_4h')",XGBClassifier,0.2518518518518518,-67,0.34210526315789475,-12,0.55
"('macd_max', 'bb_middle_crossing', 'macd_slope')",XGBClassifier,0.2733812949640288,-63,0.28125,-14,0.6
"('cci_4h', 'squeeze_momentum', 'macd_slope_4h')",XGBClassifier,0.2537313432835821,-66,0.1724137931034483,-19,0.6
"('macd_convergence', 'rsi_break_4h', 'adx_4h')",XGBClassifier,0.25045045045045045,-277,0.25609756097560976,-80,0.55
"('cci', 'rsi', 'bb_sqeeze_both_direction')",RandomForestClassifier,0.5555555555555556,1,0.3333333333333333,-1,0.45
"('macd_max', 'cci_4h', 'macd')",XGBClassifier,0.21818181818181817,-372,0.19767441860465115,-104,0.55
"('macd_convergence', 'rsi_limit_4h', 'macd_slope_4h')",XGBClassifier,0.17830679489200693,-4081,0.18574108818011256,-1005,0.5
"('cci', 'squeeze_momentum', 'rsi_convergence5_40')",XGBClassifier,0.18786295005807202,-2150,0.18957871396895787,-560,0.5
"('rsi_limit_4h', 'squeeze_momentum', 'bb_middle_crossing_4h')",XGBClassifier,0.18058252427184465,-3290,0.1758326878388846,-837,0.5
"('macd_max', 'macd_max_4h', 'williams_break')",XGBClassifier,0.2823529411764706,-74,0.24444444444444444,-23,0.55
"('adx_max_48', 'bb_sqeeze_both_direction', 'macd_slope_4h')",XGBClassifier,0.1870107277471731,-2159,0.1977142857142857,-529,0.5
"('adx_slope', 'macd_convergence', 'ema_10_50')",XGBClassifier,0.24397163120567375,-361,0.281767955801105,-79,0.55
"('macd', 'macd_max_4h', 'adx')",XGBClassifier,0.27848101265822783,-35,0.2608695652173913,-11,0.55
"('macd_zero', 'cci', 'bb_middle_crossing_4h')",XGBClassifier,0.17928147889780258,-5517,0.18223028105167724,-1402,0.5
"('adx_4h', 'rsi_convergence5_40', 'macd_slope')",XGBClassifier,0.22202166064981949,-308,0.21686746987951808,-94,0.55
"('macd_convergence', 'ema_10_50', 'candle_4h')",XGBClassifier,0.2304635761589404,-407,0.24882629107981222,-107,0.55
"('macd_zero', 'adx_slope', 'rsi_break_4h')",XGBClassifier,0.21433566433566434,-1634,0.2153846153846154,-407,0.55
"('rsi_limit_4h', 'squeeze_momentum', 'ema_20_channel')",XGBClassifier,0.22295081967213115,-338,0.14864864864864866,-104,0.55
"('rsi_convergence', 'macd_max_4h', 'rsi_convergence5_40')",XGBClassifier,0.20181219110378912,-724,0.2442528735632184,-178,0.55
"('macd_max', 'cci_4h', 'adx_max_4h')",XGBClassifier,0.2107843137254902,-354,0.24285714285714285,-72,0.55
"('rsi_limit_4h', 'adx_max_21', 'williams_limit_4h')",XGBClassifier,0.17884481558803061,-2769,0.17994376757263356,-683,0.5
"('macd_max_4h', 'williams_break', 'adx_max_21')",XGBClassifier,0.33783783783783783,-24,0.35,-6,0.6
"('macd_convergence', 'rsi_limit_4h', 'williams_limit_4h')",XGBClassifier,0.2809917355371901,-53,0.3,-8,0.55
"('bb_sqeeze_both_direction_4h', 'rsi_break_4h', 'williams_limit_4h')",XGBClassifier,0.2005663048607834,-1269,0.18147448015122875,-337,0.5
"('macd_convergence', 'rsi_convergence', 'adx_max_21')",XGBClassifier,0.19741935483870968,-1876,0.20921985815602837,-492,0.5
"('cci_4h', 'bb_middle_crossing', 'macd_max_4h')",XGBClassifier,0.2610619469026549,-108,0.2222222222222222,-25,0.6
"('macd_zero', 'squeeze_momentum', 'adx')",XGBClassifier,0.17874753451676528,-5212,0.18173076923076922,-1324,0.5
"('macd_max', 'macd_max_4h', 'macd_slope')",XGBClassifier,0.1872934263679765,-3406,0.19172113289760348,-849,0.5
"('cci_4h', 'adx_max_48', 'candle_4h')",XGBClassifier,0.17452830188679244,-5382,0.18207954000958312,-1327,0.5
"('macd_max', 'bb_sqeeze_both_direction_4h', 'adx_4h')",XGBClassifier,0.1982832618025751,-1406,0.2173202614379085,-346,0.55
"('adx_max_48', 'rsi_convergence', 'macd_max_4h')",XGBClassifier,0.19119170984455958,-1192,0.2300380228136882,-284,0.5
"('adx_slope', 'adx_max_21', 'williams_limit_4h')",XGBClassifier,0.2330547818012999,-575,0.19540229885057472,-159,0.55
"('macd_zero', 'macd', 'bb_sqeeze_both_direction')",XGBClassifier,0.21662125340599456,-832,0.20100502512562815,-238,0.55
"('macd_zero', 'bb_middle_crossing_4h', 'bb_sqeeze_both_direction')",XGBClassifier,0.22330097087378642,-57,0.1724137931034483,-19,0.55
"('macd_max', 'rsi_convergence5_40', 'adx')",XGBClassifier,0.17433751743375175,-6071,0.18515321536469573,-1459,0.5
"('bb_sqeeze_both_direction_4h', 'macd', 'squeeze_momentum')",RandomForestClassifier,0.5384615384615384,1,0.6,1,0.45
"('cci_4h', 'adx_max_48', 'macd_slope')",XGBClassifier,0.17554553212239424,-5323,0.18037518037518038,-1329,0.5
"('rsi', 'bb_middle_crossing_4h', 'rsi_convergence5_40')",XGBClassifier,0.17010734929810073,-4794,0.18330605564648117,-1161,0.5
"('macd_max', 'bb_sqeeze_both_direction_4h', 'rsi_break_4h')",XGBClassifier,0.18226600985221675,-4773,0.19,-1178,0.5
"('rsi_convergence5_40', 'bb_sqeeze_both_direction', 'adx_max_4h')",XGBClassifier,0.19232526267702146,-1347,0.19006849315068494,-362,0.5
"('cci', 'williams_break', 'candle_4h')",XGBClassifier,0.2508833922261484,-141,0.21686746987951808,-47,0.6
"('adx_slope', 'macd_convergence', 'macd_slope')",XGBClassifier,0.28160919540229884,-152,0.3253012048192771,-29,0.6
"('adx_slope', 'williams_break', 'rsi_convergence5_40')",XGBClassifier,0.25,-264,0.23387096774193547,-66,0.6
"('rsi', 'macd', 'ema_10_50')",XGBClassifier,1.0,2,0.0,0,0.6
"('rsi', 'squeeze_momentum', 'adx_max_21')",XGBClassifier,0.2713178294573643,-59,0.09375,-26,0.55
"('cci_4h', 'squeeze_momentum', 'williams_limit_4h')",XGBClassifier,0.20447284345047922,-185,0.1774193548387097,-40,0.55
"('cci', 'bb_middle_crossing_4h', 'williams_limit_4h')",XGBClassifier,0.21103896103896103,-356,0.21678321678321677,-81,0.55
"('rsi_break_4h', 'macd', 'squeeze_momentum')",XGBClassifier,0.32222222222222224,-32,0.3157894736842105,-7,0.55
"('rsi_break_4h', 'macd_slope_4h', 'adx_max_4h')",XGBClassifier,0.2180232558139535,-194,0.2564102564102564,-38,0.55
"('adx_slope', 'cci_4h', 'ema_10_50')",XGBClassifier,0.20718887758562224,-1727,0.2064343163538874,-438,0.55
"('rsi_convergence', 'bb_sqeeze_both_direction', 'adx_max_21')",XGBClassifier,0.23008849557522124,-488,0.29056603773584905,-111,0.55
"('rsi_limit_4h', 'rsi', 'williams_limit_4h')",XGBClassifier,0.2127659574468085,-486,0.18932038834951456,-128,0.55
"('macd_convergence', 'bb_middle_crossing', 'squeeze_momentum')",XGBClassifier,0.3352941176470588,-56,0.3469387755102041,-15,0.55
"('cci_4h', 'bb_middle_crossing', 'williams_break')",XGBClassifier,0.2433234421364985,-346,0.22093023255813954,-96,0.6
"('ema_10_50', 'ema_20_channel', 'rsi_convergence5_40')",XGBClassifier,0.25190839694656486,-65,0.16129032258064516,-21,0.6
"('bb_middle_crossing', 'macd_max_4h', 'williams_limit_4h')",XGBClassifier,0.24746450304259635,-249,0.20833333333333334,-70,0.55
"('adx_slope', 'rsi_limit_4h', 'adx_max_48')",XGBClassifier,0.1868654136962627,-2899,0.19720767888307156,-694,0.5
"('macd_zero', 'macd_convergence', 'cci')",XGBClassifier,0.18054400760185296,-5379,0.1836734693877551,-1364,0.5
"('macd_zero', 'williams_break', 'bb_middle_crossing_4h')",XGBClassifier,0.23161033797216699,-540,0.24066390041493776,-125,0.55
"('cci_4h', 'bb_sqeeze_both_direction_4h', 'bb_middle_crossing')",XGBClassifier,0.24758454106280192,-418,0.23857868020304568,-103,0.55
"('rsi_break_4h', 'macd_max_4h', 'williams_limit_4h')",XGBClassifier,0.1863330843913368,-1680,0.18495297805642633,-402,0.5
"('adx_slope', 'bb_sqeeze_both_direction_4h', 'ema_10_50')",XGBClassifier,0.21199059561128528,-1470,0.209375,-372,0.55
"('bb_sqeeze_both_direction_4h', 'ema_10_50', 'adx_max_21')",XGBClassifier,0.25,-18,0.2727272727272727,-5,0.55
"('adx_slope', 'macd_convergence', 'ema_20_channel')",XGBClassifier,0.2755905511811024,-57,0.1794871794871795,-25,0.55
"('macd_convergence', 'bb_sqeeze_both_direction_4h', 'macd_max_4h')",XGBClassifier,0.21484375,-730,0.2369146005509642,-191,0.55
"('ema_10_50', 'adx_4h', 'macd_slope')",XGBClassifier,0.22149532710280373,-596,0.21885521885521886,-167,0.55
"('adx_slope', 'macd_convergence', 'rsi')",XGBClassifier,0.2822085889570552,-142,0.3037974683544304,-31,0.6
"('bb_sqeeze_both_direction_4h', 'macd', 'williams_limit_4h')",XGBClassifier,0.21854838709677418,-698,0.2057877813504823,-183,0.55
"('adx_slope', 'cci', 'macd_max_4h')",XGBClassifier,0.1963436928702011,-1661,0.191904047976012,-411,0.55
"('macd_max', 'macd_zero', 'macd_slope')",XGBClassifier,0.18524035206499662,-4649,0.18888888888888888,-1176,0.5
"('cci_4h', 'rsi_convergence', 'bb_middle_crossing_4h')",RandomForestClassifier,1.0,4,0.0,-2,0.45
"('macd_max', 'candle_4h', 'adx')",XGBClassifier,0.17647058823529413,-5104,0.18579516212043232,-1221,0.5
"('macd', 'williams_break', 'bb_middle_crossing_4h')",XGBClassifier,0.2223042836041359,-752,0.22153846153846155,-181,0.55
"('adx_slope', 'bb_middle_crossing', 'macd_max_4h')",XGBClassifier,0.3014705882352941,-108,0.3230769230769231,-23,0.55
"('bb_sqeeze_both_direction_4h', 'rsi', 'squeeze_momentum')",XGBClassifier,0.23425692695214106,-211,0.2037037037037037,-64,0.55
"('adx_max_48', 'bb_middle_crossing', 'adx_max_21')",XGBClassifier,0.2537313432835821,-66,0.20588235294117646,-20,0.6
"('squeeze_momentum', 'ema_10_50', 'adx_4h')",XGBClassifier,0.19330247753879662,-2253,0.18803418803418803,-584,0.5
"('cci_4h', 'adx_max_48', 'bb_middle_crossing_4h')",XGBClassifier,0.1722192369693713,-4880,0.17436974789915966,-1240,0.5
"('macd_zero', 'macd_slope_4h', 'williams_limit_4h')",XGBClassifier,0.22032193158953722,-556,0.1875,-140,0.55
"('squeeze_momentum', 'williams_break', 'adx_4h')",XGBClassifier,0.24408014571949,-281,0.24528301886792453,-81,0.6
"('adx_slope', 'macd_slope', 'williams_limit_4h')",XGBClassifier,0.25235849056603776,-210,0.23655913978494625,-49,0.6
"('rsi_limit_4h', 'rsi_convergence', 'adx_max_21')",XGBClassifier,0.23389830508474577,-314,0.2459016393442623,-93,0.55
"('adx_max_48', 'macd_max_4h', 'adx_4h')",XGBClassifier,0.24369747899159663,-61,0.41379310344827586,-5,0.55
"('bb_sqeeze_both_direction_4h', 'squeeze_momentum', 'macd_slope')",XGBClassifier,0.2391304347826087,-24,0.375,-2,0.55
"('macd_convergence', 'rsi_break_4h', 'bb_middle_crossing_4h')",XGBClassifier,0.32926829268292684,-28,0.2608695652173913,-11,0.6
"('macd_zero', 'ema_10_50', 'adx_max_21')",XGBClassifier,0.3103448275862069,-11,0.25,-2,0.55
"('rsi_convergence', 'bb_sqeeze_both_direction', 'adx_max_4h')",XGBClassifier,0.2092739475289811,-953,0.23598130841121495,-226,0.5
"('rsi_convergence', 'ema_10_50', 'rsi_convergence5_40')",XGBClassifier,0.2046659597030753,-557,0.24187725631768953,-143,0.55
"('cci_4h', 'candle_4h', 'bb_middle_crossing_4h')",XGBClassifier,0.1767158434894163,-4032,0.183206106870229,-996,0.5
"('macd_max', 'macd_zero', 'rsi_convergence')",XGBClassifier,0.22628571428571428,-479,0.26848249027237353,-119,0.55
"('bb_sqeeze_both_direction_4h', 'macd_max_4h', 'adx_max_4h')",XGBClassifier,0.1694810797485517,-5363,0.17778884462151395,-1294,0.5
"('cci_4h', 'squeeze_momentum', 'bb_sqeeze_both_direction')",XGBClassifier,0.1768985322271857,-5063,0.1884576098059244,-1220,0.5
"('macd_max', 'squeeze_momentum', 'bb_middle_crossing_4h')",XGBClassifier,0.17510121457489877,-5778,0.18839285714285714,-1396,0.5
"('rsi_limit_4h', 'adx_max_48', 'macd_slope_4h')",XGBClassifier,0.18700072621641248,-1724,0.18195488721804512,-423,0.5
"('rsi_limit_4h', 'macd_slope_4h', 'adx_max_4h')",XGBClassifier,0.2647058823529412,-32,0.1875,-10,0.6
"('macd_max', 'rsi', 'adx_max_48')",XGBClassifier,0.1761234679981843,-5708,0.1850022451728783,-1403,0.5
"('macd', 'bb_middle_crossing', 'adx_4h')",XGBClassifier,0.24649298597194388,-253,0.21379310344827587,-83,0.6
"('bb_sqeeze_both_direction_4h', 'ema_20_channel', 'adx_max_21')",RandomForestClassifier,0.875,6,0.3333333333333333,-1,0.45
"('rsi_limit_4h', 'macd_max_4h', 'ema_20_channel')",XGBClassifier,0.38095238095238093,-5,0.4,-1,0.6
"('cci_4h', 'rsi_convergence', 'macd_max_4h')",XGBClassifier,0.1709920468815404,-6288,0.18325041459369817,-1528,0.5
"('ema_10_50', 'ema_20_channel', 'macd_slope')",XGBClassifier,0.25190839694656486,-65,0.16129032258064516,-21,0.55
"('cci_4h', 'williams_break', 'adx_max_4h')",XGBClassifier,0.3235294117647059,-36,0.4375,-2,0.6
"('rsi', 'ema_20_channel', 'adx_max_21')",XGBClassifier,0.3333333333333333,-12,0.3076923076923077,-5,0.6
"('rsi', 'macd_max_4h', 'rsi_convergence5_40')",XGBClassifier,0.18802122820318423,-823,0.17662337662337663,-249,0.5
"('macd_max', 'cci', 'bb_middle_crossing_4h')",XGBClassifier,0.17410433689503457,-6222,0.18867924528301888,-1485,0.5
"('adx_max_48', 'candle_4h', 'adx_max_21')",XGBClassifier,0.17425271739130435,-3836,0.17777777777777778,-957,0.5
"('cci_4h', 'ema_10_50', 'adx_max_4h')",XGBClassifier,0.1984924623115578,-480,0.20725388601036268,-113,0.55
"('macd', 'bb_middle_crossing', 'ema_20_channel')",XGBClassifier,0.17870957759554387,-4153,0.17879161528976573,-1042,0.5
"('cci', 'bb_sqeeze_both_direction_4h', 'williams_break')",XGBClassifier,0.2508833922261484,-141,0.21686746987951808,-47,0.6
"('rsi_convergence', 'ema_10_50', 'bb_sqeeze_both_direction')",XGBClassifier,0.2366288492706645,-325,0.26344086021505375,-88,0.55
"('rsi', 'adx_max_48', 'adx_4h')",XGBClassifier,0.2517985611510791,-69,0.06451612903225806,-27,0.55
"('macd_convergence', 'rsi_break_4h', 'adx_max_21')",RandomForestClassifier,0.6666666666666666,2,0.5,0,0.45
"('adx_slope', 'bb_sqeeze_both_direction', 'macd_slope_4h')",XGBClassifier,0.20069547938400398,-1205,0.1891348088531187,-309,0.55
"('rsi', 'candle_4h', 'adx_max_21')",XGBClassifier,0.17592073284726117,-3467,0.17849141150112025,-861,0.5
"('rsi', 'adx_max_48', 'macd_slope_4h')",XGBClassifier,0.2173202614379085,-346,0.24822695035460993,-71,0.55
"('cci', 'rsi_convergence5_40', 'bb_sqeeze_both_direction')",XGBClassifier,0.17029274404829708,-5789,0.17695473251028807,-1413,0.5
"('macd_max', 'cci_4h', 'bb_sqeeze_both_direction')",XGBClassifier,0.2857142857142857,-6,0.0,-4,0.55
"('cci_4h', 'macd_max_4h', 'rsi_convergence5_40')",XGBClassifier,0.19136112506278252,-1229,0.1923743500866551,-355,0.5
"('macd_max', 'macd_convergence', 'williams_break')",XGBClassifier,0.2978723404255319,-95,0.29333333333333333,-31,0.6
"('macd_zero', 'macd_convergence', 'squeeze_momentum')",XGBClassifier,0.26956521739130435,-106,0.3387096774193548,-20,0.55
"('candle_4h', 'macd_slope_4h', 'adx_max_4h')",XGBClassifier,0.24347826086956523,-118,0.2222222222222222,-30,0.55
"('adx_slope', 'macd_convergence', 'macd_slope_4h')",XGBClassifier,0.282312925170068,-128,0.35714285714285715,-20,0.6
"('macd_max_4h', 'adx_max_21', 'adx_max_4h')",XGBClassifier,0.24822695035460993,-71,0.3783783783783784,-9,0.6
"('adx_slope', 'squeeze_momentum', 'adx_max_4h')",XGBClassifier,0.19581251487033072,-2557,0.20699432892249528,-620,0.5
"('macd', 'ema_20_channel', 'bb_middle_crossing_4h')",XGBClassifier,0.2709677419354839,-71,0.17073170731707318,-27,0.55
"('macd_zero', 'macd', 'adx_max_21')",XGBClassifier,0.20987654320987653,-282,0.21014492753623187,-80,0.55
"('squeeze_momentum', 'adx_4h', 'adx')",XGBClassifier,0.2077922077922078,-1080,0.21052631578947367,-264,0.5
"('macd_max', 'rsi_convergence', 'rsi_convergence5_40')",XGBClassifier,0.20844327176781002,-663,0.25382262996941896,-161,0.55
"('adx_slope', 'rsi', 'rsi_convergence')",XGBClassifier,0.2631578947368421,-135,0.2972972972972973,-30,0.6
"('macd_max', 'macd_convergence', 'ema_20_channel')",XGBClassifier,0.26506024096385544,-78,0.2608695652173913,-22,0.6
"('macd_zero', 'macd_convergence', 'adx_max_48')",XGBClassifier,0.26576576576576577,-104,0.32075471698113206,-19,0.55
"('rsi_limit_4h', 'ema_10_50', 'adx_max_21')",XGBClassifier,0.20205479452054795,-174,0.16216216216216217,-50,0.55
"('macd_slope_4h', 'macd_slope', 'adx')",XGBClassifier,0.17983011024760528,-3543,0.1822695035460993,-896,0.5
"('macd_convergence', 'adx_max_48', 'ema_20_channel')",XGBClassifier,0.2694610778443114,-77,0.2608695652173913,-22,0.6
"('rsi_limit_4h', 'macd_slope_4h', 'williams_limit_4h')",XGBClassifier,0.2089041095890411,-680,0.17870722433460076,-169,0.55
"('rsi', 'ema_20_channel', 'macd_slope')",XGBClassifier,0.25790754257907544,-199,0.16666666666666666,-76,0.55
"('cci_4h', 'adx_4h', 'macd_slope_4h')",XGBClassifier,0.3409090909090909,-14,0.2,-6,0.6
"('macd_zero', 'cci', 'rsi_convergence')",XGBClassifier,0.3157894736842105,-21,0.2857142857142857,-9,0.6
"('cci_4h', 'rsi_break_4h', 'williams_break')",XGBClassifier,0.24761904761904763,-106,0.17857142857142858,-36,0.6
"('macd_max', 'macd_zero', 'bb_middle_crossing_4h')",XGBClassifier,0.18530591775325977,-5020,0.18817733990147784,-1266,0.45
"('rsi', 'rsi_convergence', 'adx_max_4h')",XGBClassifier,0.20050632911392405,-1183,0.22666666666666666,-287,0.5
"('rsi_limit_4h', 'bb_middle_crossing', 'macd_slope_4h')",XGBClassifier,0.26003824091778205,-251,0.21678321678321677,-81,0.55
"('macd_zero', 'rsi_limit_4h', 'macd_slope_4h')",XGBClassifier,0.21836007130124777,-632,0.20192307692307693,-186,0.55
"('cci', 'rsi_limit_4h', 'candle_4h')",XGBClassifier,0.1749893299189074,-4569,0.18339876612450925,-1129,0.5
"('macd_zero', 'bb_sqeeze_both_direction_4h', 'ema_10_50')",XGBClassifier,0.18774232031017,-4188,0.1889269406392694,-1090,0.5
"('rsi_break_4h', 'adx_4h', 'macd_slope_4h')",XGBClassifier,0.20862239841427155,-1176,0.214,-286,0.55
"('macd_max', 'bb_sqeeze_both_direction_4h', 'bb_sqeeze_both_direction')",XGBClassifier,0.4,-2,0.0,-2,0.55
"('cci', 'rsi_limit_4h', 'adx_4h')",XGBClassifier,0.2518518518518518,-67,0.325,-14,0.55
"('adx_max_48', 'williams_break', 'candle_4h')",XGBClassifier,0.23384615384615384,-519,0.2170212765957447,-133,0.55
"('macd_slope_4h', 'macd_slope', 'williams_limit_4h')",XGBClassifier,0.22802850356294538,-458,0.185,-126,0.55
"('bb_sqeeze_both_direction_4h', 'macd', 'candle_4h')",XGBClassifier,0.19377162629757785,-2124,0.1757508342602892,-583,0.5
"('macd_convergence', 'macd_max_4h', 'bb_sqeeze_both_direction')",XGBClassifier,0.2981366459627329,-65,0.3392857142857143,-18,0.6
"('williams_break', 'candle_4h', 'bb_sqeeze_both_direction')",XGBClassifier,0.23387096774193547,-462,0.24537037037037038,-110,0.55
"('cci_4h', 'macd_max_4h', 'macd_slope')",XGBClassifier,0.210412147505423,-267,0.22764227642276422,-67,0.55
"('rsi_convergence', 'ema_10_50', 'adx_4h')",XGBClassifier,0.2627551020408163,-186,0.2764227642276423,-55,0.55
"('macd_convergence', 'adx_max_4h', 'adx')",XGBClassifier,0.23036649214659685,-412,0.2679425837320574,-97,0.55
"('macd_max_4h', 'ema_10_50', 'macd_slope')",XGBClassifier,0.21809744779582366,-243,0.20512820512820512,-69,0.55
"('cci', 'macd_max_4h', 'bb_sqeeze_both_direction')",XGBClassifier,0.2608695652173913,-77,0.2857142857142857,-21,0.6
"('cci_4h', 'rsi_limit_4h', 'adx_4h')",XGBClassifier,0.2857142857142857,-9,0.0,-2,0.55
"('rsi_break_4h', 'adx_max_4h', 'williams_limit_4h')",XGBClassifier,0.5,0,0.0,0,0.55
"('macd_max', 'rsi_break_4h', 'macd_slope')",XGBClassifier,0.18814524741901031,-3504,0.18277310924369747,-906,0.5
"('macd_convergence', 'rsi_convergence', 'ema_20_channel')",XGBClassifier,0.32432432432432434,-26,0.3333333333333333,-6,0.6
"('bb_middle_crossing', 'williams_break', 'macd_slope')",XGBClassifier,0.37735849056603776,-13,0.15384615384615385,-9,0.55
"('macd_zero', 'rsi_limit_4h', 'rsi_convergence5_40')",XGBClassifier,0.20184068549666773,-1879,0.1867612293144208,-530,0.55
"('bb_sqeeze_both_direction_4h', 'ema_10_50', 'adx_max_4h')",XGBClassifier,0.2038961038961039,-456,0.20430107526881722,-110,0.55
"('rsi_break_4h', 'ema_10_50', 'macd_slope_4h')",XGBClassifier,0.17431706224809673,-5818,0.1792411687745312,-1471,0.5
"('ema_10_50', 'bb_sqeeze_both_direction', 'adx_max_4h')",XGBClassifier,0.1984924623115578,-480,0.20725388601036268,-113,0.55
"('rsi', 'rsi_convergence', 'squeeze_momentum')",XGBClassifier,0.3,-8,0.3333333333333333,-2,0.55
"('adx_max_48', 'squeeze_momentum', 'macd_slope')",XGBClassifier,0.3076923076923077,-30,0.16666666666666666,-8,0.55
"('macd_convergence', 'rsi_convergence5_40', 'adx_max_21')",XGBClassifier,0.22424722662440572,-696,0.24929178470254956,-177,0.55
"('macd_convergence', 'candle_4h', 'williams_limit_4h')",XGBClassifier,0.28761061946902655,-96,0.2909090909090909,-23,0.55
"('rsi_break_4h', 'rsi_convergence', 'macd_max_4h')",XGBClassifier,0.34782608695652173,-14,0.25,-6,0.55
"('rsi_limit_4h', 'williams_break', 'adx_max_4h')",XGBClassifier,0.31868131868131866,-33,0.4117647058823529,-3,0.6
"('bb_middle_crossing', 'rsi_convergence5_40', 'adx')",XGBClassifier,0.21191709844559586,-1112,0.20075046904315197,-319,0.5
"('bb_sqeeze_both_direction_4h', 'candle_4h', 'bb_middle_crossing_4h')",XGBClassifier,0.21306818181818182,-202,0.16037735849056603,-72,0.55
"('bb_middle_crossing_4h', 'bb_sqeeze_both_direction', 'adx_max_4h')",XGBClassifier,0.5,0,0.5,0,0.55
"('rsi_break_4h', 'ema_20_channel', 'adx_max_4h')",XGBClassifier,0.2517985611510791,-69,0.17073170731707318,-27,0.55
"('macd_max_4h', 'adx_4h', 'rsi_convergence5_40')",XGBClassifier,0.22202166064981949,-308,0.21686746987951808,-94,0.55
"('macd_zero', 'rsi', 'bb_middle_crossing')",XGBClassifier,0.178743961352657,-5320,0.18181818181818182,-1344,0.5
"('macd_zero', 'rsi_convergence', 'candle_4h')",XGBClassifier,0.2242152466367713,-492,0.2641509433962264,-125,0.55
"('macd_convergence', 'rsi_limit_4h', 'adx_max_4h')",XGBClassifier,0.24142011834319527,-437,0.27309236947791166,-113,0.55
"('adx_max_21', 'macd_slope_4h', 'macd_slope')",XGBClassifier,0.18211422845691383,-2538,0.1671612265084075,-673,0.5
"('macd_max', 'macd_convergence', 'cci')",XGBClassifier,0.1962401055408971,-1842,0.22556390977443608,-438,0.5
"('rsi_convergence', 'squeeze_momentum', 'adx')",XGBClassifier,0.20680393912264997,-655,0.2523076923076923,-161,0.55
"('bb_middle_crossing_4h', 'rsi_convergence5_40', 'macd_slope_4h')",XGBClassifier,0.17407460340145778,-4561,0.18490783410138248,-1094,0.5
"('bb_sqeeze_both_direction_4h', 'rsi_break_4h', 'rsi_convergence5_40')",XGBClassifier,0.1709430949937279,-5771,0.17668323542702213,-1431,0.5
"('macd_max', 'rsi_convergence', 'macd_slope_4h')",XGBClassifier,0.20732797140303844,-655,0.25696594427244585,-157,0.55
"('macd_max', 'macd_max_4h', 'bb_sqeeze_both_direction')",XGBClassifier,0.24761904761904763,-106,0.29850746268656714,-27,0.55
"('rsi_limit_4h', 'macd', 'ema_20_channel')",XGBClassifier,0.20314389359129384,-1473,0.1875,-410,0.55
"('macd', 'bb_middle_crossing', 'rsi_convergence5_40')",XGBClassifier,0.22735346358792186,-614,0.22033898305084745,-165,0.55
"('cci_4h', 'macd', 'ema_10_50')",XGBClassifier,0.2303473491773309,-295,0.18831168831168832,-96,0.55
"('bb_sqeeze_both_direction_4h', 'candle_4h', 'adx_max_4h')",XGBClassifier,0.18247721623860813,-3066,0.18084227910817507,-773,0.5
"('macd_max', 'bb_middle_crossing_4h', 'rsi_convergence5_40')",XGBClassifier,0.1736327928290865,-6481,0.18813490451036163,-1535,0.5
"('cci_4h', 'bb_middle_crossing', 'rsi_convergence5_40')",XGBClassifier,0.22735346358792186,-614,0.22033898305084745,-165,0.55
"('adx_max_48', 'rsi_convergence', 'ema_10_50')",XGBClassifier,0.2046659597030753,-557,0.24187725631768953,-143,0.55
"('macd_zero', 'ema_20_channel', 'adx_max_21')",XGBClassifier,0.2755102040816326,-44,0.2608695652173913,-11,0.55
"('rsi_limit_4h', 'rsi_convergence', 'bb_middle_crossing_4h')",XGBClassifier,0.2972972972972973,-15,0.23076923076923078,-7,0.6
"('macd_zero', 'adx_slope', 'adx_4h')",XGBClassifier,0.244136460554371,-480,0.23214285714285715,-120,0.6
"('rsi_break_4h', 'adx_4h', 'macd_slope')",XGBClassifier,0.1782216999608304,-4929,0.18564102564102564,-1226,0.5
"('macd_max', 'bb_middle_crossing', 'williams_limit_4h')",XGBClassifier,0.22727272727272727,-612,0.22033898305084745,-165,0.55
"('adx_slope', 'cci_4h', 'williams_limit_4h')",XGBClassifier,0.24736842105263157,-384,0.21264367816091953,-100,0.55
"('adx_slope', 'rsi', 'squeeze_momentum')",XGBClassifier,0.3018867924528302,-42,0.36,-7,0.6
"('squeeze_momentum', 'adx_4h', 'adx_max_21')",XGBClassifier,0.18354430379746836,-2400,0.1837782340862423,-616,0.5
"('macd_convergence', 'bb_middle_crossing', 'adx')",XGBClassifier,0.3352941176470588,-56,0.3469387755102041,-15,0.6
"('rsi_limit_4h', 'macd_max_4h', 'adx')",XGBClassifier,0.25210084033613445,-59,0.1590909090909091,-30,0.55
"('adx_max_48', 'ema_20_channel', 'williams_limit_4h')",XGBClassifier,0.2263779527559055,-278,0.1565217391304348,-79,0.55
"('macd_convergence', 'cci', 'bb_middle_crossing')",XGBClassifier,0.28851540616246496,-151,0.2803738317757009,-47,0.6
"('macd_max', 'rsi_break_4h', 'candle_4h')",XGBClassifier,0.17357801885835952,-6439,0.18823529411764706,-1537,0.5
"('cci', 'ema_20_channel', 'macd_slope')",XGBClassifier,0.2727272727272727,-65,0.19607843137254902,-31,0.6
"('macd_zero', 'adx_slope', 'bb_sqeeze_both_direction')",XGBClassifier,0.22031772575250835,-1338,0.20623916811091855,-339,0.55
"('rsi_limit_4h', 'bb_middle_crossing', 'bb_sqeeze_both_direction')",XGBClassifier,0.2638888888888889,-136,0.2727272727272727,-35,0.55
"('macd_convergence', 'rsi_break_4h', 'rsi_convergence')",XGBClassifier,0.34782608695652173,-14,0.25,-6,0.6
"('macd_max', 'rsi_break_4h', 'adx_max_48')",XGBClassifier,0.1734632382482925,-6502,0.18537964458804523,-1558,0.5
"('cci_4h', 'bb_middle_crossing', 'adx_max_4h')",RandomForestClassifier,0.8571428571428571,5,0.5,0,0.45
"('rsi_limit_4h', 'macd_slope_4h', 'macd_slope')",XGBClassifier,0.2025531914893617,-699,0.1761006289308176,-206,0.55
"('candle_4h', 'bb_sqeeze_both_direction', 'williams_limit_4h')",XGBClassifier,0.18257105213626953,-3373,0.19090909090909092,-816,0.5
"('williams_break', 'candle_4h', 'macd_slope_4h')",XGBClassifier,0.19173455195708325,-3103,0.1859903381642512,-780,0.5
"('macd_max', 'adx_4h', 'rsi_convergence5_40')",XGBClassifier,0.22641509433962265,-290,0.2236024844720497,-89,0.55
"('macd_convergence', 'bb_sqeeze_both_direction', 'adx_max_4h')",XGBClassifier,0.2773722627737226,-61,0.38461538461538464,-9,0.6
"('adx_slope', 'cci_4h', 'bb_sqeeze_both_direction')",XGBClassifier,0.2120456165359943,-1616,0.20821114369501467,-398,0.55
"('rsi_limit_4h', 'ema_10_50', 'adx_4h')",XGBClassifier,0.19357462383082555,-3014,0.18365758754863815,-813,0.5
"('adx_slope', 'rsi_limit_4h', 'adx_max_21')",XGBClassifier,0.18629856850715745,-3068,0.19306930693069307,-744,0.5
"('macd_max', 'rsi_limit_4h', 'adx_max_21')",XGBClassifier,0.18149598955418766,-3415,0.18442321822189567,-859,0.5
"('cci', 'bb_sqeeze_both_direction_4h', 'adx_max_21')",XGBClassifier,0.2159090909090909,-250,0.18421052631578946,-72,0.55
"('rsi_convergence', 'squeeze_momentum', 'adx_max_4h')",XGBClassifier,0.20337995337995338,-1018,0.2389937106918239,-249,0.55
"('adx_slope', 'adx_max_48', 'adx_max_21')",XGBClassifier,0.1868654136962627,-2899,0.19720767888307156,-694,0.5
"('adx_4h', 'adx_max_21', 'adx')",XGBClassifier,0.22875816993464052,-83,0.2826086956521739,-20,0.55
"('bb_sqeeze_both_direction_4h', 'squeeze_momentum', 'adx_4h')",XGBClassifier,0.19270833333333334,-1652,0.20483641536273114,-415,0.5
"('rsi_break_4h', 'ema_10_50', 'candle_4h')",XGBClassifier,0.17467495760316562,-5755,0.1802990325417766,-1454,0.5
"('rsi_break_4h', 'williams_break', 'williams_limit_4h')",XGBClassifier,0.21831955922865015,-818,0.21159420289855072,-199,0.55
"('macd_convergence', 'bb_sqeeze_both_direction_4h', 'williams_break')",XGBClassifier,0.2708803611738149,-203,0.3076923076923077,-50,0.6
"('rsi_break_4h', 'rsi', 'adx_max_21')",XGBClassifier,0.17027698863636365,-3714,0.17589348283111422,-925,0.5
"('adx_4h', 'rsi_convergence5_40', 'williams_limit_4h')",XGBClassifier,0.24,-169,0.20588235294117646,-60,0.6
"('cci_4h', 'rsi_break_4h', 'macd_slope_4h')",XGBClassifier,0.25,-72,0.18181818181818182,-21,0.6
"('cci', 'macd_max_4h', 'rsi_convergence5_40')",XGBClassifier,0.1821374811841445,-2534,0.18096135721017909,-677,0.5
"('macd_convergence', 'cci', 'rsi')",XGBClassifier,0.23938223938223938,-405,0.25116279069767444,-107,0.6
"('macd_max', 'squeeze_momentum', 'macd_slope_4h')",XGBClassifier,0.24175824175824176,-188,0.25,-46,0.55
"('macd', 'ema_10_50', 'ema_20_channel')",XGBClassifier,0.25190839694656486,-65,0.16129032258064516,-21,0.6
"('adx_max_48', 'candle_4h', 'rsi_convergence5_40')",XGBClassifier,0.2154696132596685,-103,0.1276595744680851,-35,0.55
"('rsi_convergence', 'adx_4h', 'candle_4h')",XGBClassifier,0.2627551020408163,-186,0.2764227642276423,-55,0.55
"('macd_convergence', 'adx_max_48', 'adx')",XGBClassifier,0.22611464968152867,-688,0.24495677233429394,-177,0.55
"('squeeze_momentum', 'macd_max_4h', 'rsi_convergence5_40')",XGBClassifier,0.18085106382978725,-1440,0.1875,-410,0.5
"('squeeze_momentum', 'williams_break', 'adx_max_4h')",XGBClassifier,0.271889400921659,-99,0.35555555555555557,-13,0.6
"('macd', 'macd_max_4h', 'candle_4h')",XGBClassifier,0.1886592474827769,-2350,0.17478813559322035,-614,0.5
"('macd_max', 'macd_convergence', 'rsi_convergence')",XGBClassifier,0.21890909090909091,-773,0.24742268041237114,-196,0.55
"('macd_convergence', 'squeeze_momentum', 'rsi_convergence5_40')",XGBClassifier,0.22916666666666666,-78,0.19148936170212766,-29,0.55
"('williams_break', 'rsi_convergence5_40', 'adx')",XGBClassifier,0.2623762376237624,-96,0.26666666666666666,-21,0.6
"('macd_max', 'ema_20_channel', 'adx_max_21')",XGBClassifier,0.2828282828282828,-43,0.2608695652173913,-11,0.55
"('cci_4h', 'bb_sqeeze_both_direction', 'macd_slope')",XGBClassifier,0.1778340215798588,-4837,0.18683083511777301,-1170,0.5
"('bb_sqeeze_both_direction_4h', 'macd_max_4h', 'candle_4h')",XGBClassifier,0.18082936777702244,-2817,0.18238993710691823,-707,0.5
"('cci_4h', 'bb_middle_crossing', 'ema_10_50')",XGBClassifier,0.475,-2,0.15384615384615385,-9,0.6
"('macd_max', 'bb_middle_crossing', 'macd_slope_4h')",XGBClassifier,0.22727272727272727,-612,0.22033898305084745,-165,0.55
"('bb_sqeeze_both_direction_4h', 'ema_10_50', 'macd_slope_4h')",XGBClassifier,0.17962962962962964,-4498,0.18004459308807136,-1148,0.5
"('adx_slope', 'bb_middle_crossing_4h', 'adx_max_4h')",RandomForestClassifier,0.6666666666666666,1,0.0,-1,0.45
"('cci', 'candle_4h', 'adx_max_21')",XGBClassifier,0.1749893299189074,-4569,0.18339876612450925,-1129,0.5
"('rsi_break_4h', 'rsi', 'rsi_convergence')",XGBClassifier,0.4,-8,0.25,-6,0.6
"('adx_max_48', 'bb_middle_crossing_4h', 'adx')",XGBClassifier,0.16811751904243744,-3660,0.1686131386861314,-908,0.5
"('bb_sqeeze_both_direction_4h', 'rsi_convergence', 'adx_max_21')",XGBClassifier,0.20930232558139536,-600,0.25675675675675674,-144,0.55
"('macd_max_4h', 'williams_break', 'macd_slope_4h')",XGBClassifier,0.3170731707317073,-30,0.25,-12,0.55
"('macd_zero', 'bb_sqeeze_both_direction', 'macd_slope_4h')",XGBClassifier,0.20517241379310344,-1026,0.19875776397515527,-291,0.55
"('macd_zero', 'adx_max_21', 'macd_slope_4h')",XGBClassifier,0.21601941747572814,-234,0.16071428571428573,-76,0.55
"('macd_convergence', 'rsi_convergence', 'adx')",XGBClassifier,0.20913884007029876,-993,0.23517382413087934,-259,0.55
"('macd_max', 'macd_max_4h', 'adx')",XGBClassifier,0.1811049908195627,-3821,0.18716216216216217,-926,0.5
"('bb_sqeeze_both_direction_4h', 'bb_middle_crossing_4h', 'rsi_convergence5_40')",XGBClassifier,0.1696514745308311,-6161,0.1766222604211431,-1505,0.5
"('macd', 'squeeze_momentum', 'bb_sqeeze_both_direction')",XGBClassifier,0.32222222222222224,-32,0.3157894736842105,-7,0.55
"('macd_max', 'bb_sqeeze_both_direction_4h', 'macd')",XGBClassifier,0.17770981991165477,-5691,0.1892744479495268,-1379,0.5
"('macd_convergence', 'bb_sqeeze_both_direction_4h', 'rsi_convergence')",XGBClassifier,0.24615384615384617,-66,0.2727272727272727,-15,0.6
"('rsi_break_4h', 'adx_max_48', 'candle_4h')",XGBClassifier,0.17502278942570648,-3565,0.18542568542568544,-872,0.5
"('rsi', 'ema_20_channel', 'rsi_convergence5_40')",XGBClassifier,0.24217462932454695,-313,0.17088607594936708,-104,0.6
"('bb_sqeeze_both_direction_4h', 'ema_20_channel', 'williams_limit_4h')",XGBClassifier,0.254957507082153,-173,0.14666666666666667,-53,0.55
"('macd', 'candle_4h', 'macd_slope')",XGBClassifier,0.19554300062774638,-1940,0.17683686176836863,-519,0.5
"('adx_4h', 'bb_sqeeze_both_direction', 'macd_slope_4h')",XGBClassifier,0.22269807280513917,-777,0.24285714285714285,-180,0.55
"('macd_zero', 'rsi_convergence', 'ema_20_channel')",XGBClassifier,0.2692307692307692,-60,0.2962962962962963,-11,0.6
"('rsi_limit_4h', 'rsi_break_4h', 'macd_slope')",XGBClassifier,0.17743940335612182,-4152,0.17237163814180928,-1072,0.5
"('squeeze_momentum', 'ema_20_channel', 'bb_sqeeze_both_direction')",XGBClassifier,0.17671052631578948,-4914,0.18479408658922913,-1194,0.5
"('macd_convergence', 'rsi_break_4h', 'williams_break')",XGBClassifier,0.2985781990521327,-85,0.3142857142857143,-26,0.55
"('macd_zero', 'squeeze_momentum', 'rsi_convergence5_40')",XGBClassifier,0.2048611111111111,-1020,0.18125,-306,0.55
"('cci_4h', 'rsi', 'bb_middle_crossing_4h')",XGBClassifier,0.16955810147299508,-6057,0.18079584775086505,-1476,0.5
"('rsi_limit_4h', 'macd', 'bb_sqeeze_both_direction')",XGBClassifier,0.21862348178137653,-834,0.21052631578947367,-231,0.55
"('rsi_convergence', 'macd_max_4h', 'williams_break')",XGBClassifier,0.28102189781021897,-120,0.3188405797101449,-25,0.6
"('macd_zero', 'cci_4h', 'rsi_limit_4h')",XGBClassifier,0.23333333333333334,-288,0.2127659574468085,-81,0.6
"('adx_slope', 'ema_10_50', 'adx_max_21')",XGBClassifier,0.2055573097568677,-1865,0.2065081351689612,-469,0.5
"('rsi_limit_4h', 'rsi_break_4h', 'rsi')",XGBClassifier,0.16881496881496882,-6372,0.17512479201331116,-1562,0.5
"('macd_convergence', 'williams_limit_4h', 'adx')",XGBClassifier,0.29571984435797666,-105,0.3050847457627119,-23,0.55
"('cci_4h', 'bb_middle_crossing', 'ema_20_channel')",XGBClassifier,0.22735346358792186,-614,0.22033898305084745,-165,0.55
"('rsi_break_4h', 'bb_middle_crossing', 'adx_4h')",XGBClassifier,0.18854524627720504,-2719,0.20542986425339366,-651,0.5
"('bb_middle_crossing', 'ema_10_50', 'macd_slope_4h')",XGBClassifier,0.2452153110047847,-426,0.2288135593220339,-128,0.55
"('adx_max_48', 'bb_sqeeze_both_direction', 'macd_slope')",XGBClassifier,0.1840531561461794,-2853,0.18849557522123894,-704,0.5
"('cci_4h', 'macd_slope_4h', 'adx_max_4h')",XGBClassifier,0.2972972972972973,-45,0.1724137931034483,-19,0.6
"('macd_max', 'adx_slope', 'williams_break')",XGBClassifier,0.2519280205655527,-193,0.23076923076923078,-49,0.6
"('macd_zero', 'rsi_limit_4h', 'macd_max_4h')",XGBClassifier,0.26737967914438504,-87,0.2545454545454545,-27,0.55
"('rsi_limit_4h', 'macd_max_4h', 'adx_max_21')",XGBClassifier,0.17344398340248962,-3935,0.17354289456450556,-997,0.5
"('rsi_convergence', 'rsi_convergence5_40', 'bb_sqeeze_both_direction')",XGBClassifier,0.22366863905325443,-467,0.2697095435684647,-111,0.55
"('adx_slope', 'cci', 'bb_sqeeze_both_direction')",XGBClassifier,0.19877675840978593,-1576,0.18829113924050633,-394,0.55
"('cci', 'rsi_convergence', 'ema_20_channel')",XGBClassifier,0.2625482625482625,-123,0.22666666666666666,-41,0.55
"('macd_max_4h', 'candle_4h', 'macd_slope')",XGBClassifier,0.2,-141,0.23214285714285715,-30,0.55
"('adx_slope', 'squeeze_momentum', 'bb_sqeeze_both_direction')",XGBClassifier,0.20293235588137287,-1783,0.21224489795918366,-423,0.55
"('cci_4h', 'macd_max_4h', 'bb_middle_crossing_4h')",XGBClassifier,0.16943412715752676,-6052,0.18032076289553534,-1475,0.5
"('adx_slope', 'rsi_break_4h', 'candle_4h')",XGBClassifier,0.1996474217717056,-1363,0.2134453781512605,-341,0.55
"('adx_slope', 'macd_convergence', 'adx_max_48')",XGBClassifier,0.28051391862955033,-205,0.3305785123966942,-41,0.55
"('macd_max', 'macd_slope', 'williams_limit_4h')",XGBClassifier,0.18289411393403818,-4019,0.1826309067688378,-994,0.5
"('macd_max', 'cci', 'adx')",XGBClassifier,0.18154854823602873,-4080,0.18781094527363185,-1004,0.5
"('macd_zero', 'macd_max_4h', 'adx_4h')",XGBClassifier,0.2537313432835821,-66,0.38461538461538464,-9,0.55
"('ema_10_50', 'rsi_convergence5_40', 'adx')",XGBClassifier,0.1751668255481411,-5452,0.17957089552238806,-1374,0.5
"('macd_zero', 'adx_4h', 'adx_max_21')",XGBClassifier,0.3424657534246575,-23,0.4,-4,0.6
"('macd', 'rsi_convergence', 'williams_break')",XGBClassifier,0.30718954248366015,-59,0.358974358974359,-11,0.55
"('bb_sqeeze_both_direction_4h', 'rsi_break_4h', 'adx_max_4h')",XGBClassifier,0.5,0,0.0,0,0.6
"('adx_max_48', 'rsi_convergence', 'williams_break')",XGBClassifier,0.30718954248366015,-59,0.358974358974359,-11,0.6
"('rsi_convergence', 'macd_max_4h', 'adx_max_21')",XGBClassifier,0.2903225806451613,-39,0.5263157894736842,1,0.6
"('bb_sqeeze_both_direction_4h', 'adx_max_48', 'macd')",XGBClassifier,0.18076109936575052,-3624,0.17590027700831026,-936,0.5
"('cci_4h', 'ema_10_50', 'rsi_convergence5_40')",XGBClassifier,0.17431706224809673,-5818,0.1792411687745312,-1471,0.5
"('adx_slope', 'rsi_limit_4h', 'rsi_break_4h')",XGBClassifier,0.1868654136962627,-2899,0.19720767888307156,-694,0.5
"('rsi', 'bb_sqeeze_both_direction', 'macd_slope_4h')",XGBClassifier,0.18075801749271136,-3066,0.1897565071368598,-739,0.5
"('macd', 'ema_10_50', 'candle_4h')",XGBClassifier,0.18208172280508006,-4606,0.18689581095596133,-1166,0.5
"('adx_4h', 'adx_max_21', 'macd_slope_4h')",XGBClassifier,0.27380952380952384,-38,0.35,-6,0.6
"('rsi', 'rsi_convergence', 'macd_slope')",XGBClassifier,0.20933333333333334,-436,0.24882629107981222,-107,0.55
"('macd_zero', 'adx_max_48', 'bb_middle_crossing_4h')",XGBClassifier,0.17801523246561327,-5665,0.18011591618368256,-1435,0.45
"('cci_4h', 'bb_middle_crossing_4h', 'macd_slope')",XGBClassifier,0.17770800627943484,-4106,0.17745952677459526,-1036,0.5
"('ema_10_50', 'bb_middle_crossing_4h', 'bb_sqeeze_both_direction')",XGBClassifier,0.22962962962962963,-73,0.1951219512195122,-25,0.55
"('macd_convergence', 'adx_max_21', 'macd_slope_4h')",XGBClassifier,0.2456813819577735,-265,0.2986111111111111,-58,0.6
"('macd_max', 'adx_slope', 'candle_4h')",XGBClassifier,0.20869803063457332,-2130,0.22111111111111112,-502,0.5
"('adx_slope', 'cci_4h', 'rsi_convergence5_40')",XGBClassifier,0.254320987654321,-199,0.2222222222222222,-65,0.6
"('bb_middle_crossing', 'candle_4h', 'bb_middle_crossing_4h')",XGBClassifier,0.2645161290322581,-73,0.2222222222222222,-15,0.6
"('rsi_limit_4h', 'macd', 'candle_4h')",XGBClassifier,0.22845188284518828,-649,0.18885448916408668,-201,0.55
"('bb_sqeeze_both_direction_4h', 'macd_max_4h', 'williams_break')",XGBClassifier,0.273972602739726,-66,0.275,-18,0.55
"('macd_max', 'candle_4h', 'macd_slope')",XGBClassifier,0.19504222282756742,-2239,0.1913978494623656,-574,0.55
"('macd', 'bb_middle_crossing_4h', 'bb_sqeeze_both_direction')",XGBClassifier,0.18013671089666264,-3182,0.1824051654560129,-787,0.5
"('cci', 'williams_break', 'macd_slope_4h')",XGBClassifier,0.2508833922261484,-141,0.21686746987951808,-47,0.6
"('rsi', 'candle_4h', 'adx')",XGBClassifier,0.17601937828017764,-3210,0.17966903073286053,-813,0.5
"('adx_max_48', 'macd_max_4h', 'williams_break')",XGBClassifier,0.39622641509433965,-11,0.375,-4,0.6
"('macd_convergence', 'candle_4h', 'bb_middle_crossing_4h')",XGBClassifier,0.3611111111111111,-20,0.2777777777777778,-8,0.55
"('macd_zero', 'rsi_limit_4h', 'bb_middle_crossing')",XGBClassifier,0.2359081419624217,-506,0.22433460076045628,-145,0.6
"('rsi_limit_4h', 'rsi', 'macd_max_4h')",XGBClassifier,0.1713379164463247,-3729,0.17058011049723756,-954,0.5
"('bb_sqeeze_both_direction_4h', 'bb_middle_crossing', 'candle_4h')",XGBClassifier,0.31496062992125984,-47,0.16,-17,0.6
"('macd_zero', 'squeeze_momentum', 'candle_4h')",XGBClassifier,0.25089605734767023,-139,0.2318840579710145,-37,0.55
"('cci', 'williams_break', 'macd_slope')",XGBClassifier,0.25544554455445545,-247,0.23015873015873015,-68,0.6
"('squeeze_momentum', 'adx_4h', 'bb_middle_crossing_4h')",XGBClassifier,0.18250064716541547,-2453,0.18831822759315206,-619,0.5
"('macd_convergence', 'rsi_break_4h', 'macd_max_4h')",XGBClassifier,0.27692307692307694,-29,0.23809523809523808,-11,0.6
"('rsi_break_4h', 'adx_max_48', 'adx_4h')",XGBClassifier,0.2631578947368421,-18,0.35294117647058826,-5,0.55
"('cci', 'macd_slope', 'adx')",XGBClassifier,0.24324324324324326,-57,0.18181818181818182,-21,0.55
"('macd_convergence', 'adx_4h', 'adx')",XGBClassifier,0.24855491329479767,-261,0.26143790849673204,-73,0.6
"('macd_max', 'adx_max_21', 'adx')",XGBClassifier,0.17998977330833477,-3755,0.18819444444444444,-898,0.5
"('rsi_convergence', 'ema_20_channel', 'candle_4h')",XGBClassifier,0.32926829268292684,-28,0.3333333333333333,-7,0.55
"('macd_zero', 'squeeze_momentum', 'bb_middle_crossing_4h')",XGBClassifier,0.3333333333333333,-11,0.4444444444444444,-1,0.55
"('ema_10_50', 'williams_break', 'adx_max_4h')",XGBClassifier,0.3047619047619048,-41,0.3333333333333333,-6,0.6
"('rsi_limit_4h', 'bb_middle_crossing_4h', 'rsi_convergence5_40')",XGBClassifier,0.17147435897435898,-3690,0.173974540311174,-922,0.5
"('bb_sqeeze_both_direction_4h', 'candle_4h', 'williams_limit_4h')",XGBClassifier,0.17916666666666667,-3542,0.18301610541727673,-866,0.5
"('macd_convergence', 'williams_break', 'macd_slope_4h')",XGBClassifier,0.2985781990521327,-85,0.3142857142857143,-26,0.55
"('rsi_break_4h', 'ema_20_channel', 'adx')",XGBClassifier,0.275,-36,0.25925925925925924,-13,0.6
"('rsi_convergence', 'williams_break', 'adx_max_4h')",XGBClassifier,0.28735632183908044,-111,0.35185185185185186,-16,0.55
"('adx_max_4h', 'macd_slope', 'adx')",XGBClassifier,0.20041753653444677,-287,0.21367521367521367,-67,0.55
"('cci_4h', 'rsi_break_4h', 'macd_max_4h')",XGBClassifier,0.16943412715752676,-6052,0.18032076289553534,-1475,0.5
"('bb_sqeeze_both_direction_4h', 'rsi_break_4h', 'candle_4h')",XGBClassifier,0.18287435456110154,-2948,0.1821219715956558,-761,0.5
"('macd_zero', 'bb_sqeeze_both_direction_4h', 'bb_sqeeze_both_direction')",XGBClassifier,0.18783106657122406,-4361,0.18798235942668137,-1132,0.5
"('macd_max', 'rsi_convergence5_40', 'adx_max_21')",XGBClassifier,0.1734951947395043,-6455,0.1849453662484824,-1557,0.5
"('rsi_limit_4h', 'adx_max_4h', 'adx')",XGBClassifier,0.1800922158936805,-2359,0.1702819956616052,-608,0.5
"('macd_zero', 'macd_convergence', 'ema_20_channel')",RandomForestClassifier,0.7272727272727273,5,1.0,3,0.45
"('macd', 'williams_break', 'adx')",XGBClassifier,0.22616033755274262,-649,0.20701754385964913,-167,0.55
