{"bar": {"r": 3}, "GBPUSD=X": {"total_reward": 0.06357347965240479, "total_profit": 0.9205170146195781, "position": 0}}