{"bar": {"r": 3}, "GBPUSD=X": {"total_reward": 0.07693839073181152, "total_profit": 1.0604306368712724, "position": 0}}