{"bar": {"r": 3}, "GBPUSD=X": {"total_reward": 0.07053554058074951, "total_profit": 1.053747694771888, "position": 0}}