{"bar": {"r": 3}, "GBPUSD=X": {"total_reward": 0.07693839073181152, "total_profit": 1.0604306368712724, "position": 0}, "CS.D.GBPUSD.CFD.IP": {"total_reward": 0.0172399999999997, "total_profit": 1.0038430066356285, "position": 1}}